品番,商品名_JA,商品名_KO,用途_JA,メリット_JA,用途_KO,メリット_KO,韓国眼鏡店への販売価格（KRW）,通貨,入数,カタログ参照,画像ファイル名,商品ページURL
0516,スポーツバンドセット,스포츠 밴드 세트,眼鏡固定,動いてもズレ落ちを防ぎやすい,안경 고정,움직일 때 흘러내림을 줄이기 쉬움,70400,KRW,12本,カタログP.100,,https://www.san-nishimura.co.jp/product/item/%e3%82%b9%e3%83%9d%e3%83%bc%e3%83%84%e3%83%90%e3%83%b3%e3%83%89/
0745-00,塩ビワッシャ 1.2×2.3×0.4,PVC 와셔 1.2×2.3×0.4,固定補助,当たりやガタつきを抑えやすい,고정 보조,닿는 손상과 흔들림을 줄이기 쉬움,5100,KRW,25ヶ,"カタログP.51,159",0745-00_1.jpg,https://www.san-nishimura.co.jp/product/item/?key_word=0745-00
0745-00T,塩ビワッシャ 1.2×2.3×0.4(150本入),PVC 와셔 1.2×2.3×0.4(150개),固定補助,当たりやガタつきを抑えやすい,고정 보조,닿는 손상과 흔들림을 줄이기 쉬움,28000,KRW,150本,,,https://www.san-nishimura.co.jp/product/item/?key_word=0745-00T
0748-07,セルピタ ロック(10ペア),셀피타 잠금(10쌍),貼るフィット調整,加工なしでズレや当たりを調整しやすい,부착식 피팅 조정,가공 없이 흘러내림과 닿는 느낌을 조정하기 쉬움,25400,KRW,10ペア,カタログP.79,0748-07_1.jpg,https://www.san-nishimura.co.jp/product/item/?key_word=0748-07
0756-01,シリコンモダン(ブラック)10本入り,실리콘팁(블랙)10개,モダン交換,耳まわりの掛け心地と見た目を整えやすい,모던 교체,귀 주변 착용감과 외관을 정돈하기 쉬움,37400,KRW,10本,,0756-01_1.jpg,https://www.san-nishimura.co.jp/product/item/?key_word=0756-01
0756-16,シリコンモダン(ブラウン)10本入り,실리콘팁(브라운)10개,モダン交換,耳まわりの掛け心地と見た目を整えやすい,모던 교체,귀 주변 착용감과 외관을 정돈하기 쉬움,37400,KRW,10本,,0756-16_1.jpg,https://www.san-nishimura.co.jp/product/item/?key_word=0756-16
0756-27,シリコンモダン(透明)10本入り,실리콘팁(투명)10개,モダン交換,耳まわりの掛け心地と見た目を整えやすい,모던 교체,귀 주변 착용감과 외관을 정돈하기 쉬움,37400,KRW,10本,,0756-27_1.jpg,https://www.san-nishimura.co.jp/product/item/?key_word=0756-27
0786-03,シュリンクチューブ,수축 튜브,保護・補修・滑り止め加工,熱で密着し、必要部位を保護しやすい,보호·보수·미끄럼 방지 가공,열로 밀착되어 필요한 부위를 보호하기 쉬움,29300,KRW,1m×3本,カタログP.77,0786-03_1.jpg,https://www.san-nishimura.co.jp/product/item/?key_word=0786-03
0786-05,シュリンクチューブ,수축 튜브,保護・補修・滑り止め加工,熱で密着し、必要部位を保護しやすい,보호·보수·미끄럼 방지 가공,열로 밀착되어 필요한 부위를 보호하기 쉬움,29300,KRW,1m×3本,カタログP.77,0786-05_1.jpg,https://www.san-nishimura.co.jp/product/item/?key_word=0786-05
0786-08,シュリンクチューブ,수축 튜브,保護・補修・滑り止め加工,熱で密着し、必要部位を保護しやすい,보호·보수·미끄럼 방지 가공,열로 밀착되어 필요한 부위를 보호하기 쉬움,29300,KRW,1m×3本,カタログP.77,0786-08_1.jpg,https://www.san-nishimura.co.jp/product/item/?key_word=0786-08
0786-10,シュリンクチューブ,수축 튜브,保護・補修・滑り止め加工,熱で密着し、必要部位を保護しやすい,보호·보수·미끄럼 방지 가공,열로 밀착되어 필요한 부위를 보호하기 쉬움,29300,KRW,1m×3本,カタログP.77,0786-10_1.jpg,https://www.san-nishimura.co.jp/product/item/?key_word=0786-10
0787-04,シュリンクチューブ(4mm),수축 튜브(4mm),保護・補修・滑り止め加工,熱で密着し、必要部位を保護しやすい,보호·보수·미끄럼 방지 가공,열로 밀착되어 필요한 부위를 보호하기 쉬움,29300,KRW,,カタログP.77,0787-04_1.jpg,https://www.san-nishimura.co.jp/product/item/?key_word=0787-04
0787-05,シュリンクチューブ(5mm),수축 튜브(5mm),保護・補修・滑り止め加工,熱で密着し、必要部位を保護しやすい,보호·보수·미끄럼 방지 가공,열로 밀착되어 필요한 부위를 보호하기 쉬움,29300,KRW,,カタログP.77,0787-05_1.jpg,https://www.san-nishimura.co.jp/product/item/?key_word=0787-05
0787-08,シュリンクチューブ(8mm),수축 튜브(8mm),保護・補修・滑り止め加工,熱で密着し、必要部位を保護しやすい,보호·보수·미끄럼 방지 가공,열로 밀착되어 필요한 부위를 보호하기 쉬움,29300,KRW,,カタログP.77,0787-08_1.jpg,https://www.san-nishimura.co.jp/product/item/?key_word=0787-08
0819-00,(-)バネ丁番ネジW1.4×3.0,(-)스프링 힌지 나사W1.4×3.0,丁番・テンプル開閉部の補修,開閉の動きやガタつきを整えやすい,힌지 및 템플 개폐부 보수,개폐 움직임과 흔들림을 정돈하기 쉬움,5100,KRW,10本,カタログP.57,0819-00_1.jpg,https://www.san-nishimura.co.jp/product/item/?key_word=0819-00
0819-00A,(-)バネ丁番ネジW(100本入),(-)스프링 힌지 나사W(100개),丁番・テンプル開閉部の補修,開閉の動きやガタつきを整えやすい,힌지 및 템플 개폐부 보수,개폐 움직임과 흔들림을 정돈하기 쉬움,47100,KRW,100本,,,https://www.san-nishimura.co.jp/product/item/?key_word=0819-00A
0819-01,(-)バネ丁番ネジW1.4×3.5,(-)스프링 힌지 나사W1.4×3.5,丁番・テンプル開閉部の補修,開閉の動きやガタつきを整えやすい,힌지 및 템플 개폐부 보수,개폐 움직임과 흔들림을 정돈하기 쉬움,5100,KRW,10本,カタログP.57,0819-01_1.jpg,https://www.san-nishimura.co.jp/product/item/?key_word=0819-01
0819-01A,(-)バネ丁番ネジW(100本入),(-)스프링 힌지 나사W(100개),丁番・テンプル開閉部の補修,開閉の動きやガタつきを整えやすい,힌지 및 템플 개폐부 보수,개폐 움직임과 흔들림을 정돈하기 쉬움,47100,KRW,100本,,,https://www.san-nishimura.co.jp/product/item/?key_word=0819-01A
0819-02,(-)バネ丁番ネジW1.4×4.5,(-)스프링 힌지 나사W1.4×4.5,丁番・テンプル開閉部の補修,開閉の動きやガタつきを整えやすい,힌지 및 템플 개폐부 보수,개폐 움직임과 흔들림을 정돈하기 쉬움,5100,KRW,10本,カタログP.57,0819-02_1.jpg,https://www.san-nishimura.co.jp/product/item/?key_word=0819-02
0819-02A,(-)バネ丁番ネジW(100本入),(-)스프링 힌지 나사W(100개),丁番・テンプル開閉部の補修,開閉の動きやガタつきを整えやすい,힌지 및 템플 개폐부 보수,개폐 움직임과 흔들림을 정돈하기 쉬움,47100,KRW,100本,,,https://www.san-nishimura.co.jp/product/item/?key_word=0819-02A
0819-10,(-)バネ丁番ネジG1.4×3.0,(-)스프링 힌지 나사G1.4×3.0,丁番・テンプル開閉部の補修,開閉の動きやガタつきを整えやすい,힌지 및 템플 개폐부 보수,개폐 움직임과 흔들림을 정돈하기 쉬움,5100,KRW,10本,カタログP.57,0819-10_1.jpg,https://www.san-nishimura.co.jp/product/item/?key_word=0819-10
0819-10A,(-)バネ丁番ネジG(100本入),(-)스프링 힌지 나사G(100개),丁番・テンプル開閉部の補修,開閉の動きやガタつきを整えやすい,힌지 및 템플 개폐부 보수,개폐 움직임과 흔들림을 정돈하기 쉬움,47100,KRW,100本,,,https://www.san-nishimura.co.jp/product/item/?key_word=0819-10A
0819-11,(-)バネ丁番ネジG1.4×3.5,(-)스프링 힌지 나사G1.4×3.5,丁番・テンプル開閉部の補修,開閉の動きやガタつきを整えやすい,힌지 및 템플 개폐부 보수,개폐 움직임과 흔들림을 정돈하기 쉬움,5100,KRW,10本,カタログP.57,0819-11_1.jpg,https://www.san-nishimura.co.jp/product/item/?key_word=0819-11
0819-11A,(-)バネ丁番ネジG(100本入),(-)스프링 힌지 나사G(100개),丁番・テンプル開閉部の補修,開閉の動きやガタつきを整えやすい,힌지 및 템플 개폐부 보수,개폐 움직임과 흔들림을 정돈하기 쉬움,47100,KRW,100本,,,https://www.san-nishimura.co.jp/product/item/?key_word=0819-11A
0819-12,(-)バネ丁番ネジG1.4×4.5,(-)스프링 힌지 나사G1.4×4.5,丁番・テンプル開閉部の補修,開閉の動きやガタつきを整えやすい,힌지 및 템플 개폐부 보수,개폐 움직임과 흔들림을 정돈하기 쉬움,5100,KRW,10本,カタログP.57,0819-12_1.jpg,https://www.san-nishimura.co.jp/product/item/?key_word=0819-12
0819-12A,(-)バネ丁番ネジG(100本入),(-)스프링 힌지 나사G(100개),丁番・テンプル開閉部の補修,開閉の動きやガタつきを整えやすい,힌지 및 템플 개폐부 보수,개폐 움직임과 흔들림을 정돈하기 쉬움,47100,KRW,100本,,,https://www.san-nishimura.co.jp/product/item/?key_word=0819-12A
0822-01,花型ナットW1.2×2.25×1.0,꽃형 너트W1.2×2.25×1.0,ナット固定・交換,ガタつきを抑えて仕上がりを安定させやすい,너트 고정 및 교체,흔들림을 줄이고 마감을 안정시키기 쉬움,5100,KRW,18ヶ,カタログP.50,0822-01_1.jpg,https://www.san-nishimura.co.jp/product/item/?key_word=0822-01
0822-01A,花型ナットW(100個入),꽃형 너트W(100개),ナット固定・交換,ガタつきを抑えて仕上がりを安定させやすい,너트 고정 및 교체,흔들림을 줄이고 마감을 안정시키기 쉬움,25200,KRW,100個,,,https://www.san-nishimura.co.jp/product/item/?key_word=0822-01A
0822-02,花型ナットG1.2×2.25×1.0,꽃형 너트G1.2×2.25×1.0,ナット固定・交換,ガタつきを抑えて仕上がりを安定させやすい,너트 고정 및 교체,흔들림을 줄이고 마감을 안정시키기 쉬움,5100,KRW,16ヶ,カタログP.50,0822-02_1.jpg,https://www.san-nishimura.co.jp/product/item/?key_word=0822-02
0822-02A,花型ナットG(100個入),꽃형 너트G(100개),ナット固定・交換,ガタつきを抑えて仕上がりを安定させやすい,너트 고정 및 교체,흔들림을 줄이고 마감을 안정시키기 쉬움,25800,KRW,100個,,,https://www.san-nishimura.co.jp/product/item/?key_word=0822-02A
0822-03,花型ナットGUN1.2×2.25×1.0,꽃형 너트GUN1.2×2.25×1.0,ナット固定・交換,ガタつきを抑えて仕上がりを安定させやすい,너트 고정 및 교체,흔들림을 줄이고 마감을 안정시키기 쉬움,5100,KRW,14ヶ,カタログP.50,0822-03_1.jpg,https://www.san-nishimura.co.jp/product/item/?key_word=0822-03
0822-03A,花型ナットGUN(100個入),꽃형 너트GUN(100개),ナット固定・交換,ガタつきを抑えて仕上がりを安定させやすい,너트 고정 및 교체,흔들림을 줄이고 마감을 안정시키기 쉬움,32100,KRW,100個,,,https://www.san-nishimura.co.jp/product/item/?key_word=0822-03A
0831-00,ツーポイントネジW 1.2×10,무테 투포인트나사W 1.2×10,ツーポイント固定・補修,寸法を合わせて外れを補修しやすい,무테 프레임 고정 및 보수,치수를 맞춰 이탈 부위를 보수하기 쉬움,5100,KRW,15本,カタログP.50,0831-00_1.jpg,https://www.san-nishimura.co.jp/product/item/?key_word=0831-00
0831-00A,(-)ツーポイントネジW(100本入),(-)무테 투포인트나사W(100개),ツーポイント固定・補修,寸法を合わせて外れを補修しやすい,무테 프레임 고정 및 보수,치수를 맞춰 이탈 부위를 보수하기 쉬움,30400,KRW,100本,,,https://www.san-nishimura.co.jp/product/item/?key_word=0831-00A
0831-10,ツーポイントネジG 1.2×10,무테 투포인트나사G 1.2×10,ツーポイント固定・補修,寸法を合わせて外れを補修しやすい,무테 프레임 고정 및 보수,치수를 맞춰 이탈 부위를 보수하기 쉬움,5100,KRW,14本,カタログP.50,0831-10_1.jpg,https://www.san-nishimura.co.jp/product/item/?key_word=0831-10
0831-10A,(-)ツーポイントネジG(100本入),(-)무테 투포인트나사G(100개),ツーポイント固定・補修,寸法を合わせて外れを補修しやすい,무테 프레임 고정 및 보수,치수를 맞춰 이탈 부위를 보수하기 쉬움,32100,KRW,100本,,,https://www.san-nishimura.co.jp/product/item/?key_word=0831-10A
0831-20,ツーポイントネジGUN 1.2×10,무테 투포인트나사GUN 1.2×10,ツーポイント固定・補修,寸法を合わせて外れを補修しやすい,무테 프레임 고정 및 보수,치수를 맞춰 이탈 부위를 보수하기 쉬움,5100,KRW,13本,カタログP.50,0831-20_1.jpg,https://www.san-nishimura.co.jp/product/item/?key_word=0831-20
0831-20A,(-)ツーポイントネジGUN(100本入),(-)무테 투포인트나사GUN(100개),ツーポイント固定・補修,寸法を合わせて外れを補修しやすい,무테 프레임 고정 및 보수,치수를 맞춰 이탈 부위를 보수하기 쉬움,35500,KRW,100本,,,https://www.san-nishimura.co.jp/product/item/?key_word=0831-20A
0839-00,六角底付ナットW1.2×2.25×2.0,육각 바닥 너트W1.2×2.25×2.0,ナット固定・交換,ガタつきを抑えて仕上がりを安定させやすい,너트 고정 및 교체,흔들림을 줄이고 마감을 안정시키기 쉬움,5100,KRW,10ヶ,カタログP.50,0839-00_1.jpg,https://www.san-nishimura.co.jp/product/item/?key_word=0839-00
0839-00A,六角底付ナットW(100個入),육각 바닥 너트W(100개),ナット固定・交換,ガタつきを抑えて仕上がりを安定させやすい,너트 고정 및 교체,흔들림을 줄이고 마감을 안정시키기 쉬움,47100,KRW,100個,,,https://www.san-nishimura.co.jp/product/item/?key_word=0839-00A
0839-10,六角底付ナットG1.2×2.25×2.0,육각 바닥 너트G1.2×2.25×2.0,ナット固定・交換,ガタつきを抑えて仕上がりを安定させやすい,너트 고정 및 교체,흔들림을 줄이고 마감을 안정시키기 쉬움,5100,KRW,8ヶ,カタログP.50,0839-10_1.jpg,https://www.san-nishimura.co.jp/product/item/?key_word=0839-10
0839-10A,六角底付ナットG(100個入),육각 바닥 너트G(100개),ナット固定・交換,ガタつきを抑えて仕上がりを安定させやすい,너트 고정 및 교체,흔들림을 줄이고 마감을 안정시키기 쉬움,58300,KRW,100個,,,https://www.san-nishimura.co.jp/product/item/?key_word=0839-10A
0839-20,六角底付ナットGUN1.2×2.25×2.0,육각 바닥 너트GUN1.2×2.25×2.0,ナット固定・交換,ガタつきを抑えて仕上がりを安定させやすい,너트 고정 및 교체,흔들림을 줄이고 마감을 안정시키기 쉬움,5100,KRW,8ヶ,カタログP.50,0839-20_1.jpg,https://www.san-nishimura.co.jp/product/item/?key_word=0839-20
0839-20A,六角底付ナットGUN(100個入),육각 바닥 너트GUN(100개),ナット固定・交換,ガタつきを抑えて仕上がりを安定させやすい,너트 고정 및 교체,흔들림을 줄이고 마감을 안정시키기 쉬움,58300,KRW,100個,,,https://www.san-nishimura.co.jp/product/item/?key_word=0839-20A
0841-01,(-)ツーポイントネジW 1.2×10,(-)무테 투포인트나사W 1.2×10,ツーポイント固定・補修,寸法を合わせて外れを補修しやすい,무테 프레임 고정 및 보수,치수를 맞춰 이탈 부위를 보수하기 쉬움,5100,KRW,10本,カタログP.50,0841-01_1.jpg,https://www.san-nishimura.co.jp/product/item/?key_word=0841-01
0841-01A,(-)ツーポイントネジW (100本入),(-)무테 투포인트나사W (100개),ツーポイント固定・補修,寸法を合わせて外れを補修しやすい,무테 프레임 고정 및 보수,치수를 맞춰 이탈 부위를 보수하기 쉬움,47100,KRW,100本,,,https://www.san-nishimura.co.jp/product/item/?key_word=0841-01A
0841-11,(-)ツーポイントネジG 1.2×10,(-)무테 투포인트나사G 1.2×10,ツーポイント固定・補修,寸法を合わせて外れを補修しやすい,무테 프레임 고정 및 보수,치수를 맞춰 이탈 부위를 보수하기 쉬움,5100,KRW,10本,カタログP.50,0841-11_1.jpg,https://www.san-nishimura.co.jp/product/item/?key_word=0841-11
0841-11A,(-)ツーポイントネジG (100本入),(-)무테 투포인트나사G (100개),ツーポイント固定・補修,寸法を合わせて外れを補修しやすい,무테 프레임 고정 및 보수,치수를 맞춰 이탈 부위를 보수하기 쉬움,47100,KRW,100本,,,https://www.san-nishimura.co.jp/product/item/?key_word=0841-11A
0843-00,(-)ツーポイントネジW1.2×13,(-)무테 투포인트나사W1.2×13,ツーポイント固定・補修,寸法を合わせて外れを補修しやすい,무테 프레임 고정 및 보수,치수를 맞춰 이탈 부위를 보수하기 쉬움,5100,KRW,10本,カタログP.50,0843-00_1.jpg,https://www.san-nishimura.co.jp/product/item/?key_word=0843-00
0843-00A,(-)ツーポイントネジW(100本入),(-)무테 투포인트나사W(100개),ツーポイント固定・補修,寸法を合わせて外れを補修しやすい,무테 프레임 고정 및 보수,치수를 맞춰 이탈 부위를 보수하기 쉬움,47100,KRW,100本,,,https://www.san-nishimura.co.jp/product/item/?key_word=0843-00A
0844-00,花型段付ナットW1.2×2.25×4.0,꽃형 단차 너트W1.2×2.25×4.0,ナット固定・交換,ガタつきを抑えて仕上がりを安定させやすい,너트 고정 및 교체,흔들림을 줄이고 마감을 안정시키기 쉬움,5100,KRW,10ヶ,カタログP.50,0844-00_1.jpg,https://www.san-nishimura.co.jp/product/item/?key_word=0844-00
0844-00A,花型段付ナットW(100個入),꽃형 단차 너트W(100개),ナット固定・交換,ガタつきを抑えて仕上がりを安定させやすい,너트 고정 및 교체,흔들림을 줄이고 마감을 안정시키기 쉬움,47100,KRW,100個,,,https://www.san-nishimura.co.jp/product/item/?key_word=0844-00A
0844-10,花型段付ナットG1.2×2.25×4.0,꽃형 단차 너트G1.2×2.25×4.0,ナット固定・交換,ガタつきを抑えて仕上がりを安定させやすい,너트 고정 및 교체,흔들림을 줄이고 마감을 안정시키기 쉬움,5100,KRW,10ヶ,カタログP.50,0844-10_1.jpg,https://www.san-nishimura.co.jp/product/item/?key_word=0844-10
0844-10A,花型段付ナットG(100個入),꽃형 단차 너트G(100개),ナット固定・交換,ガタつきを抑えて仕上がりを安定させやすい,너트 고정 및 교체,흔들림을 줄이고 마감을 안정시키기 쉬움,47100,KRW,100個,,,https://www.san-nishimura.co.jp/product/item/?key_word=0844-10A
0845-00,花型段付ナットW1.4×2.25×4.0,꽃형 단차 너트W1.4×2.25×4.0,ナット固定・交換,ガタつきを抑えて仕上がりを安定させやすい,너트 고정 및 교체,흔들림을 줄이고 마감을 안정시키기 쉬움,5100,KRW,10ヶ,カタログP.49,0845-00_1.jpg,https://www.san-nishimura.co.jp/product/item/?key_word=0845-00
0845-00A,花型段付ナットW(100個入),꽃형 단차 너트W(100개),ナット固定・交換,ガタつきを抑えて仕上がりを安定させやすい,너트 고정 및 교체,흔들림을 줄이고 마감을 안정시키기 쉬움,47100,KRW,100個,,,https://www.san-nishimura.co.jp/product/item/?key_word=0845-00A
0845-10,花型段付ナットG1.4×2.25×4.0,꽃형 단차 너트G1.4×2.25×4.0,ナット固定・交換,ガタつきを抑えて仕上がりを安定させやすい,너트 고정 및 교체,흔들림을 줄이고 마감을 안정시키기 쉬움,5100,KRW,10ヶ,カタログP.49,0845-10_1.jpg,https://www.san-nishimura.co.jp/product/item/?key_word=0845-10
0845-10A,花型段付ナットG(100個入),꽃형 단차 너트G(100개),ナット固定・交換,ガタつきを抑えて仕上がりを安定させやすい,너트 고정 및 교체,흔들림을 줄이고 마감을 안정시키기 쉬움,47100,KRW,100個,,,https://www.san-nishimura.co.jp/product/item/?key_word=0845-10A
1,ヤットコ(先細),플라이어(가는 팁),フレーム調整・部品保持,狙った部分を安定してつかみやすい,프레임 조정 및 부품 고정,원하는 부분을 안정적으로 잡기 쉬움,69700,KRW,,"カタログP.23,122,171",1_1.jpg,https://www.san-nishimura.co.jp/product/item/?key_word=1
2,ヤットコ(先丸),플라이어(원형),モダン曲げ調整,耳まわりのフィットを整えやすい,모던 굽힘 조정,귀 주변 피팅을 맞추기 쉬움,62900,KRW,,"カタログP.122,170,172",2_1.jpg,https://www.san-nishimura.co.jp/product/item/?key_word=2
3,ヤットコ(先平),플라이어(평면),クリングス微調整,小さなパット足を正確につかみやすい,클링스 미세 조정,작은 패드 암을 정확히 잡기 쉬움,69700,KRW,,"カタログP.123,171",3_1.jpg,https://www.san-nishimura.co.jp/product/item/?key_word=3
4-B,ヤットコ,플라이어,テンプル角度・前傾角調整,掛け位置と視線バランスを整えやすい,템플 각도·전경각 조정,착용 위치와 시선 균형을 맞추기 쉬움,93500,KRW,,"カタログP.135,170,171",4-B_1.jpg,https://www.san-nishimura.co.jp/product/item/%e3%83%a4%e3%83%83%e3%83%88%e3%82%b34/
4-P,ヤットコ(プレミアムライン),플라이어(프리미엄 라인),テンプル角度・前傾角調整,掛け位置と視線バランスを整えやすい,템플 각도·전경각 조정,착용 위치와 시선 균형을 맞추기 쉬움,139400,KRW,,カタログP.135,4-P_1.jpg,https://www.san-nishimura.co.jp/product/item/%e3%83%97%e3%83%ac%e3%83%9f%e3%82%a2%e3%83%a0%e3%83%a4%e3%83%83%e3%83%88%e3%82%b3-4p/
5,ヤットコ(ニッパー),플라이어(니퍼),カット加工,狙った位置を切りやすい,절단 가공,원하는 위치를 자르기 쉬움,74800,KRW,,"カタログP.147,170,171,172",5_1.jpg,https://www.san-nishimura.co.jp/product/item/?key_word=5
10,鉄製ドライバー(0.9mm),철제드라이버(0.9mm),ネジ調整,日常修理をスムーズにしやすい,나사 조정,일상 수리를 원활하게 하기 쉬움,2200,KRW,,カタログP.148,10_1.jpg,https://www.san-nishimura.co.jp/product/item/?key_word=10
11,鉄製ドライバー(1.2mm),철제드라이버(1.2mm),ネジ調整,日常修理をスムーズにしやすい,나사 조정,일상 수리를 원활하게 하기 쉬움,2900,KRW,,カタログP.148,11_1.jpg,https://www.san-nishimura.co.jp/product/item/?key_word=11
12,鉄製ドライバー(1.8mm),철제드라이버(1.8mm),ネジ調整,日常修理をスムーズにしやすい,나사 조정,일상 수리를 원활하게 하기 쉬움,3700,KRW,,カタログP.148,12_1.jpg,https://www.san-nishimura.co.jp/product/item/?key_word=12
13,鉄製ドライバー(2.3mm),철제드라이버(2.3mm),ネジ調整,日常修理をスムーズにしやすい,나사 조정,일상 수리를 원활하게 하기 쉬움,4300,KRW,,カタログP.148,13_1.jpg,https://www.san-nishimura.co.jp/product/item/?key_word=13
14,赤頭ドライバー(1.5mm),빨간머리드라이버(1.5mm),ネジ調整,日常修理をスムーズにしやすい,나사 조정,일상 수리를 원활하게 하기 쉬움,16800,KRW,,"カタログP.150,170,171",14_1.jpg,https://www.san-nishimura.co.jp/product/item/?key_word=14
14G,赤頭ドライバー(1.5mm)グリップ付,빨간머리드라이버(1.5mm)그립포함,ネジ調整,日常修理をスムーズにしやすい,나사 조정,일상 수리를 원활하게 하기 쉬움,19700,KRW,,カタログP.150,14G_1.jpg,https://www.san-nishimura.co.jp/product/item/?key_word=14G
14M,(-)赤頭ドライバーMINI1.5mm,(-)빨간머리드라이버MINI1.5mm,ネジ調整,日常修理をスムーズにしやすい,나사 조정,일상 수리를 원활하게 하기 쉬움,16800,KRW,,カタログP.150,14M_1.jpg,https://www.san-nishimura.co.jp/product/item/?key_word=14M
14MG,(-)赤頭ドライバーMINI1.5mmグリップ付,(-)빨간머리드라이버MINI1.5mm그립포함,ネジ調整,日常修理をスムーズにしやすい,나사 조정,일상 수리를 원활하게 하기 쉬움,19700,KRW,,カタログP.150,14MG_1.jpg,https://www.san-nishimura.co.jp/product/item/?key_word=14MG
15,青頭ドライバー(2.0mm),파란머리드라이버(2.0mm),ネジ調整,日常修理をスムーズにしやすい,나사 조정,일상 수리를 원활하게 하기 쉬움,16800,KRW,,"カタログP.150,170,171",15_1.jpg,https://www.san-nishimura.co.jp/product/item/?key_word=15
15G,青頭ドライバー(2.0mm)グリップ付,파란머리드라이버(2.0mm)그립포함,ネジ調整,日常修理をスムーズにしやすい,나사 조정,일상 수리를 원활하게 하기 쉬움,19700,KRW,,カタログP.150,15G_1.jpg,https://www.san-nishimura.co.jp/product/item/?key_word=15G
15M,(-)青頭ドライバーMINI2.0mm,(-)파란머리드라이버MINI2.0mm,ネジ調整,日常修理をスムーズにしやすい,나사 조정,일상 수리를 원활하게 하기 쉬움,16800,KRW,,カタログP.150,15M_1.jpg,https://www.san-nishimura.co.jp/product/item/?key_word=15M
15MG,(-)青頭ドライバーMINI2.0mmグリップ付,(-)파란머리드라이버MINI2.0mm그립포함,ネジ調整,日常修理をスムーズにしやすい,나사 조정,일상 수리를 원활하게 하기 쉬움,19700,KRW,,カタログP.150,15MG_1.jpg,https://www.san-nishimura.co.jp/product/item/?key_word=15MG
16,紫頭ドライバー(2.5mm),보라머리드라이버(2.5mm),ネジ調整,日常修理をスムーズにしやすい,나사 조정,일상 수리를 원활하게 하기 쉬움,16800,KRW,,"カタログP.150,170,171",16_1.jpg,https://www.san-nishimura.co.jp/product/item/?key_word=16
16G,紫頭ドライバー(2.5mm)グリップ付,보라머리드라이버(2.5mm)그립포함,ネジ調整,日常修理をスムーズにしやすい,나사 조정,일상 수리를 원활하게 하기 쉬움,19700,KRW,,カタログP.150,16G_1.jpg,https://www.san-nishimura.co.jp/product/item/?key_word=16G
16M,(-)紫頭ドライバーMINI2.5mm,(-)보라머리드라이버MINI2.5mm,ネジ調整,日常修理をスムーズにしやすい,나사 조정,일상 수리를 원활하게 하기 쉬움,16800,KRW,,カタログP.150,16M_1.jpg,https://www.san-nishimura.co.jp/product/item/?key_word=16M
16MG,(-)紫頭ドライバーMINI2.5mmグリップ付,(-)보라머리드라이버MINI2.5mm그립포함,ネジ調整,日常修理をスムーズにしやすい,나사 조정,일상 수리를 원활하게 하기 쉬움,19700,KRW,,カタログP.150,16MG_1.jpg,https://www.san-nishimura.co.jp/product/item/?key_word=16MG
17,黄頭ドライバーナット廻し(花型),노란머리드라이버너트 드라이버(꽃형),ネジ調整,日常修理をスムーズにしやすい,나사 조정,일상 수리를 원활하게 하기 쉬움,18500,KRW,,"カタログP.151,170,171",17_1.jpg,https://www.san-nishimura.co.jp/product/item/?key_word=17
17G,黄頭ドライバーナット廻し(花型)グリップ付,노란머리드라이버너트 드라이버(꽃형)그립포함,ネジ調整,日常修理をスムーズにしやすい,나사 조정,일상 수리를 원활하게 하기 쉬움,21400,KRW,,カタログP.151,17G_1.jpg,https://www.san-nishimura.co.jp/product/item/?key_word=17G
20-B,ヤットコ(小型),플라이어(소형),智固定・調整補助,フレームを安定させて角度調整しやすい,엔드피스 고정 및 조정 보조,프레임을 안정시켜 각도 조정이 쉬움,74800,KRW,,カタログP.130,20-B_1.jpg,https://www.san-nishimura.co.jp/product/item/%e3%83%a4%e3%83%83%e3%83%88%e3%82%b320/
20-1,先プラスティック(1組中1ヶ分),교체용 플라스틱 팁(1 중1),ヤットコ先端交換・保護,調整時のキズを抑えやすい,플라이어 팁 교체 및 보호,조정 중 흠집을 줄이기 쉬움,6900,KRW,1組,,,https://www.san-nishimura.co.jp/product/item/?key_word=20-1
21,ヤットコ,플라이어,テンプル角度・前傾角調整,掛け位置と視線バランスを整えやすい,템플 각도·전경각 조정,착용 위치와 시선 균형을 맞추기 쉬움,91800,KRW,,カタログP.141,21_1.jpg,https://www.san-nishimura.co.jp/product/item/?key_word=21
21-1,No.21ヤットコ先プラスチック,No.21플라이어플라스틱 팁스틱,ヤットコ先端交換・保護,調整時のキズを抑えやすい,플라이어 팁 교체 및 보호,조정 중 흠집을 줄이기 쉬움,6900,KRW,,,,https://www.san-nishimura.co.jp/product/item/?key_word=21-1
22-B,ヤットコ,플라이어,レンズサイズ確認,レンズ合わせと検品を効率化しやすい,렌즈 사이즈 확인,렌즈 맞춤과 검품을 효율화하기 쉬움,83300,KRW,,"カタログP.143,170,171,177",22-B_1.jpg,https://www.san-nishimura.co.jp/product/item/%e3%83%a4%e3%83%83%e3%83%88%e3%82%b322b/
22-P,ヤットコ(プレミアムライン),플라이어(프리미엄 라인),レンズサイズ確認,レンズ合わせと検品を効率化しやすい,렌즈 사이즈 확인,렌즈 맞춤과 검품을 효율화하기 쉬움,146200,KRW,,カタログP.143,22-P_1.jpg,https://www.san-nishimura.co.jp/product/item/%e3%83%a4%e3%83%83%e3%83%88%e3%82%b322b/
23-B,ヤットコ(大型),플라이어(대형),鼻パッド角度調整,取付金具を安定してつかみやすい,코패드 각도 조정,장착 금구를 안정적으로 잡기 쉬움,83300,KRW,,カタログP.128,23-B_1.jpg,https://www.san-nishimura.co.jp/product/item/%e3%83%a4%e3%83%83%e3%83%88%e3%82%b323/
25-B,ヤットコ(大型プラスチック付),플라이어(대형플라스틱포함),ブリッジ角度調整,前面バランスを整えやすい,브리지 각도 조정,전면 밸런스를 맞추기 쉬움,90100,KRW,,"カタログP.140,170,171",25-B_1.jpg,https://www.san-nishimura.co.jp/product/item/?key_word=25-B
25-P,ヤットコ(プレミアムライン),플라이어(프리미엄 라인),リム形状調整,レンズ合わせを安定させやすい,림 형상 조정,렌즈 맞춤을 안정시키기 쉬움,151300,KRW,,カタログP.140,25-P_1.jpg,https://www.san-nishimura.co.jp/product/item/%e3%83%97%e3%83%ac%e3%83%9f%e3%82%a2%e3%83%a0%e3%83%a4%e3%83%83%e3%83%88%e3%82%b3-25p/
25-1,No.25ヤットコ先プラスチック(凸),No.25플라이어플라스틱 팁스틱(볼록),ヤットコ先端交換・保護,調整時のキズを抑えやすい,플라이어 팁 교체 및 보호,조정 중 흠집을 줄이기 쉬움,6900,KRW,,,,https://www.san-nishimura.co.jp/product/item/?key_word=25-1
25-2,No.25ヤットコ先プラスチック(凹),No.25플라이어플라스틱 팁스틱(오목),ヤットコ先端交換・保護,調整時のキズを抑えやすい,플라이어 팁 교체 및 보호,조정 중 흠집을 줄이기 쉬움,6900,KRW,,,,https://www.san-nishimura.co.jp/product/item/?key_word=25-2
26-1,No.26ヤットコ先プラスチック(1組中1ヶ分),No.26플라이어플라스틱 팁스틱(1 중1),ヤットコ先端交換・保護,調整時のキズを抑えやすい,플라이어 팁 교체 및 보호,조정 중 흠집을 줄이기 쉬움,6900,KRW,1組,,,https://www.san-nishimura.co.jp/product/item/?key_word=26-1
27,ヤットコ,플라이어,リム形状調整,レンズ合わせを安定させやすい,림 형상 조정,렌즈 맞춤을 안정시키기 쉬움,68000,KRW,,カタログP.140,27_1.jpg,https://www.san-nishimura.co.jp/product/item/?key_word=27
27-1,No.27ヤットコ先プラスチック(丸),No.27플라이어플라스틱 팁스틱(원형),ヤットコ先端交換・保護,調整時のキズを抑えやすい,플라이어 팁 교체 및 보호,조정 중 흠집을 줄이기 쉬움,6900,KRW,,,,https://www.san-nishimura.co.jp/product/item/?key_word=27-1
27-2,No.27ヤットコ先プラスチック(角),No.27플라이어플라스틱 팁스틱(각형),ヤットコ先端交換・保護,調整時のキズを抑えやすい,플라이어 팁 교체 및 보호,조정 중 흠집을 줄이기 쉬움,6900,KRW,,,,https://www.san-nishimura.co.jp/product/item/?key_word=27-2
28,ヤットコ,플라이어,フレーム調整・部品保持,狙った部分を安定してつかみやすい,프레임 조정 및 부품 고정,원하는 부분을 안정적으로 잡기 쉬움,100300,KRW,,カタログP.139,28_1.jpg,https://www.san-nishimura.co.jp/product/item/?key_word=28
28-1,No.28ヤットコ先プラスチック,No.28플라이어플라스틱 팁스틱,ヤットコ先端交換・保護,調整時のキズを抑えやすい,플라이어 팁 교체 및 보호,조정 중 흠집을 줄이기 쉬움,6900,KRW,,,,https://www.san-nishimura.co.jp/product/item/?key_word=28-1
31N,工具台,공구대,工具整理・収納,必要な工具を取り出しやすい,공구 정리 및 수납,필요한 공구를 꺼내기 쉬움,127500,KRW,,"カタログP.169,170,171",31N_1.jpg,https://www.san-nishimura.co.jp/product/item/%e5%b7%a5%e5%85%b7%e5%8f%b0/
36,ヤスリ,줄,検査・測定,状態確認と加工判断をしやすい,검사 및 측정,상태 확인과 가공 판단이 쉬움,18600,KRW,10本,"カタログP.165,172",36_1.jpg,https://www.san-nishimura.co.jp/product/item/%e3%82%a2%e3%82%b4%e7%b4%99/
39,ヤスリセット(3本入),줄세트(3개),削り・仕上げ加工,細かな形状調整と面取りをしやすい,절삭 및 마감 가공,세밀한 형상 조정과 면취가 쉬움,48900,KRW,3本,カタログP.165,39_1.jpg,https://www.san-nishimura.co.jp/product/item/?key_word=39
40,ヤットコ,플라이어,拡大確認,細部を見やすくする,확대 확인,세부를 보기 쉽게 함,74800,KRW,,"カタログP.136,137,170,171,172",40_1.jpg,https://www.san-nishimura.co.jp/product/item/?key_word=40
40-P,ヤットコ(プレミアムライン),플라이어(프리미엄 라인),テンプル開き調整,左右の開きと掛け心地を整えやすい,템플 벌어짐 조정,좌우 벌어짐과 착용감을 맞추기 쉬움,151300,KRW,,カタログP.136,40-P_1.jpg,https://www.san-nishimura.co.jp/product/item/%e3%83%97%e3%83%ac%e3%83%9f%e3%82%a2%e3%83%a0%e3%83%a4%e3%83%83%e3%83%88%e3%82%b3-40p/
40-1,No.40ヤットコ先プラスチック,No.40플라이어플라스틱 팁스틱,ヤットコ先端交換・保護,調整時のキズを抑えやすい,플라이어 팁 교체 및 보호,조정 중 흠집을 줄이기 쉬움,6900,KRW,,,,https://www.san-nishimura.co.jp/product/item/?key_word=40-1
41-B,ヤットコ,플라이어,テンプル開き調整,左右の開きと掛け心地を整えやすい,템플 벌어짐 조정,좌우 벌어짐과 착용감을 맞추기 쉬움,90100,KRW,,"カタログP.144,171",,https://www.san-nishimura.co.jp/product/item/?key_word=41-B
42-B,ヤットコ,플라이어,リム形状調整,レンズ合わせを安定させやすい,림 형상 조정,렌즈 맞춤을 안정시키기 쉬움,83300,KRW,,カタログP.141,42-B_1.jpg,https://www.san-nishimura.co.jp/product/item/?key_word=42-B
42-1,No.42ヤットコ先プラスチック(凹),No.42플라이어플라스틱 팁스틱(오목),ヤットコ先端交換・保護,調整時のキズを抑えやすい,플라이어 팁 교체 및 보호,조정 중 흠집을 줄이기 쉬움,6900,KRW,,,,https://www.san-nishimura.co.jp/product/item/?key_word=42-1
42-2,No.42ヤットコ先プラスチック(凸),No.42플라이어플라스틱 팁스틱(볼록),ヤットコ先端交換・保護,調整時のキズを抑えやすい,플라이어 팁 교체 및 보호,조정 중 흠집을 줄이기 쉬움,6900,KRW,,,,https://www.san-nishimura.co.jp/product/item/?key_word=42-2
43-23,花型ナットW 1.7×2.6×1.4,꽃형 너트W 1.7×2.6×1.4,ナット固定・交換,ガタつきを抑えて仕上がりを安定させやすい,너트 고정 및 교체,흔들림을 줄이고 마감을 안정시키기 쉬움,5100,KRW,16ヶ,カタログP.49,43-23_1.jpg,https://www.san-nishimura.co.jp/product/item/?key_word=43-23
44,眼鏡サシ(透明生地),(투명),検査・測定,状態確認と加工判断をしやすい,검사 및 측정,상태 확인과 가공 판단이 쉬움,7800,KRW,2本,"カタログP.172,173",44_1.jpg,https://www.san-nishimura.co.jp/product/item/?key_word=44
50-1,穴明ドリルロングタイプ(1.4mm)刃長18mm,드릴 비트롱타입(1.4mm) 18mm,穴あけ・穴調整,穴径や位置を整えやすい,구멍 가공 및 조정,구멍 크기와 위치를 맞추기 쉬움,14700,KRW,,カタログP.206,,https://www.san-nishimura.co.jp/product/item/?key_word=50-1
50-2,穴明ドリルロングタイプ(2.0mm)刃長18mm,드릴 비트롱타입(2.0mm) 18mm,穴あけ・穴調整,穴径や位置を整えやすい,구멍 가공 및 조정,구멍 크기와 위치를 맞추기 쉬움,14700,KRW,,カタログP.206,,https://www.san-nishimura.co.jp/product/item/?key_word=50-2
50-H,レンズ穴広げ(ダイヤモンド),렌즈 (다이아몬드),穴あけ・穴調整,穴径や位置を整えやすい,구멍 가공 및 조정,구멍 크기와 위치를 맞추기 쉬움,57700,KRW,,カタログP.207,50-H_1.jpg,https://www.san-nishimura.co.jp/product/item/%e3%83%ac%e3%83%b3%e3%82%ba%e7%a9%b4%e5%ba%83%e3%81%92%e3%83%80%e3%82%a4%e3%83%a4%e3%83%a2%e3%83%b3%e3%83%89/
50-I,溝削りダイヤモンド砥石,다이아몬드연마석,削り・仕上げ加工,細かな形状調整と面取りをしやすい,절삭 및 마감 가공,세밀한 형상 조정과 면취가 쉬움,68400,KRW,,カタログP.208,50-I_1.jpg,https://www.san-nishimura.co.jp/product/item/%e6%ba%9d%e5%89%8a%e3%82%8a%e3%83%80%e3%82%a4%e3%83%a4%e3%83%a2%e3%83%b3%e3%83%89%e7%a0%a5%e7%9f%b3/
50-J,白毛ブラシ,백모브러시,清掃・研磨仕上げ,作業後の見た目を整えやすい,청소 및 연마 마감,작업 후 외관을 정돈하기 쉬움,22100,KRW,,カタログP.209,50-J_1.jpg,https://www.san-nishimura.co.jp/product/item/%e7%99%bd%e6%af%9b%e3%83%96%e3%83%a9%e3%82%b7/
50-K,鹿革バフ,사슴가죽버프,研磨・艶出し,キズやくすみを整えやすい,연마 및 광택 마감,흠집과 칙칙함을 정돈하기 쉬움,8300,KRW,,カタログP.209,50-K_1.jpg,https://www.san-nishimura.co.jp/product/item/%e9%b9%bf%e9%9d%a9%e3%83%90%e3%83%95/
50-L,羊毛バフ,버프,研磨・艶出し,キズやくすみを整えやすい,연마 및 광택 마감,흠집과 칙칙함을 정돈하기 쉬움,8300,KRW,,カタログP.209,50-L_1.jpg,https://www.san-nishimura.co.jp/product/item/%e7%be%8a%e6%af%9b%e3%83%96%e3%83%a9%e3%82%b7/
50-N,磨き砥石チタン専用,연마석티타늄,削り・仕上げ加工,細かな形状調整と面取りをしやすい,절삭 및 마감 가공,세밀한 형상 조정과 면취가 쉬움,7800,KRW,,カタログP.208,50-N_1.jpg,https://www.san-nishimura.co.jp/product/item/%e3%83%81%e3%82%bf%e3%83%b3%e7%94%a8%e7%a3%a8%e3%81%8d%e7%a0%a5%e7%9f%b3/
50-O,スーパー超硬穴明ドリル(0.9mm),드릴 비트(0.9mm),穴あけ・穴調整,穴径や位置を整えやすい,구멍 가공 및 조정,구멍 크기와 위치를 맞추기 쉬움,50700,KRW,,カタログP.206,50-O_1.jpg,https://www.san-nishimura.co.jp/product/item/?key_word=50-O
50-P,スーパー超硬穴明ドリル(1.1mm),드릴 비트(1.1mm),穴あけ・穴調整,穴径や位置を整えやすい,구멍 가공 및 조정,구멍 크기와 위치를 맞추기 쉬움,50700,KRW,1本,カタログP.206,,https://www.san-nishimura.co.jp/product/item/?key_word=50-P
50-Q,スーパー超硬穴明ドリル(1.3mm),드릴 비트(1.3mm),穴あけ・穴調整,穴径や位置を整えやすい,구멍 가공 및 조정,구멍 크기와 위치를 맞추기 쉬움,50700,KRW,,"カタログP.47,206",,https://www.san-nishimura.co.jp/product/item/?key_word=50-Q
50-R,スーパー超硬穴明ドリル(1.5mm),드릴 비트(1.5mm),穴あけ・穴調整,穴径や位置を整えやすい,구멍 가공 및 조정,구멍 크기와 위치를 맞추기 쉬움,50700,KRW,,カタログP.206,,https://www.san-nishimura.co.jp/product/item/?key_word=50-R
50-S1,超硬穴明ドリル(0.8mm),드릴 비트(0.8mm),穴あけ・穴調整,穴径や位置を整えやすい,구멍 가공 및 조정,구멍 크기와 위치를 맞추기 쉬움,28700,KRW,,カタログP.206,50-S1_1.jpg,https://www.san-nishimura.co.jp/product/item/?key_word=50-S1
50-S2,超硬穴明ドリル(1.0mm),드릴 비트(1.0mm),穴あけ・穴調整,穴径や位置を整えやすい,구멍 가공 및 조정,구멍 크기와 위치를 맞추기 쉬움,28700,KRW,1本,カタログP.206,,https://www.san-nishimura.co.jp/product/item/?key_word=50-S2
50-S3,超硬穴明ドリル(1.2mm),드릴 비트(1.2mm),穴あけ・穴調整,穴径や位置を整えやすい,구멍 가공 및 조정,구멍 크기와 위치를 맞추기 쉬움,28700,KRW,1本,カタログP.206,,https://www.san-nishimura.co.jp/product/item/?key_word=50-S3
50-S4,超硬穴明ドリル(1.4mm),드릴 비트(1.4mm),穴あけ・穴調整,穴径や位置を整えやすい,구멍 가공 및 조정,구멍 크기와 위치를 맞추기 쉬움,28700,KRW,1本,カタログP.206,,https://www.san-nishimura.co.jp/product/item/?key_word=50-S4
50-S5,超硬穴明ドリル(1.6mm),드릴 비트(1.6mm),穴あけ・穴調整,穴径や位置を整えやすい,구멍 가공 및 조정,구멍 크기와 위치를 맞추기 쉬움,28700,KRW,,カタログP.206,,https://www.san-nishimura.co.jp/product/item/?key_word=50-S5
50-W19,ダイヤモンド磨き砥石 光沢用(軸径2.3mm),다이아몬드 연마석 (2.3mm),削り・仕上げ加工,細かな形状調整と面取りをしやすい,절삭 및 마감 가공,세밀한 형상 조정과 면취가 쉬움,39100,KRW,,カタログP.208,50-W19_1.jpg,https://www.san-nishimura.co.jp/product/item/%e3%83%80%e3%82%a4%e3%83%a4%e3%83%a2%e3%83%b3%e3%83%89%e7%a3%a8%e3%81%8d%e7%a0%a5%e7%9f%b3/
50-W2,ゴム磨き砥石(軸径3mm),고무 연마석(3mm),削り・仕上げ加工,細かな形状調整と面取りをしやすい,절삭 및 마감 가공,세밀한 형상 조정과 면취가 쉬움,7800,KRW,,カタログP.207,50-W2_1.jpg,https://www.san-nishimura.co.jp/product/item/%e3%82%b4%e3%83%a0%e7%a3%a8%e3%81%8d%e7%a0%a5%e7%9f%b3/
50-W20,ダイヤモンド磨き砥石 光沢用(軸径2.3mm),다이아몬드 연마석 (2.3mm),削り・仕上げ加工,細かな形状調整と面取りをしやすい,절삭 및 마감 가공,세밀한 형상 조정과 면취가 쉬움,37100,KRW,,カタログP.208,50-W20_1.jpg,https://www.san-nishimura.co.jp/product/item/%e3%83%80%e3%82%a4%e3%83%a4%e3%83%a2%e3%83%b3%e3%83%89%e7%a3%a8%e3%81%8d%e7%a0%a5%e7%9f%b3/
50-W4,ゴム磨き砥石(軸径2.3mm),고무 연마석(2.3mm),削り・仕上げ加工,細かな形状調整と面取りをしやすい,절삭 및 마감 가공,세밀한 형상 조정과 면취가 쉬움,8200,KRW,,カタログP.207,50-W4_1.jpg,https://www.san-nishimura.co.jp/product/item/?key_word=50-W4
50-W6,溝削り砥石(軸径2.3mm),연마석(2.3mm),削り・仕上げ加工,細かな形状調整と面取りをしやすい,절삭 및 마감 가공,세밀한 형상 조정과 면취가 쉬움,13400,KRW,,カタログP.208,50-W6_1.jpg,https://www.san-nishimura.co.jp/product/item/?key_word=50-W6
50-W6S5,溝削り砥石のみ お徳用5枚セット,연마석단품 대용량5 세트,削り・仕上げ加工,細かな形状調整と面取りをしやすい,절삭 및 마감 가공,세밀한 형상 조정과 면취가 쉬움,44200,KRW,5枚,,50-W6S5_1.jpg,https://www.san-nishimura.co.jp/product/item/?key_word=50-W6S5
50-W7,溝削り砥石(軸径2.3mm),연마석(2.3mm),削り・仕上げ加工,細かな形状調整と面取りをしやすい,절삭 및 마감 가공,세밀한 형상 조정과 면취가 쉬움,8300,KRW,,カタログP.208,50-W7_1.jpg,https://www.san-nishimura.co.jp/product/item/%e6%ba%9d%e5%89%8a%e3%82%8a%e7%a0%a5%e7%9f%b3/
50-Z,マンドレール 軸径 2.3mm,맨드릴 2.3mm,研磨・艶出し,キズやくすみを整えやすい,연마 및 광택 마감,흠집과 칙칙함을 정돈하기 쉬움,3900,KRW,1本,"カタログP.208,209",50-Z_1.png,https://www.san-nishimura.co.jp/product/item/?key_word=50-Z
53,アロンタイト,아론타이트,接着・ゆるみ止め,補修後の固定を安定させやすい,접착 및 풀림 방지,보수 후 고정을 안정시키기 쉬움,16600,KRW,,カタログP.262,53_1.jpg,https://www.san-nishimura.co.jp/product/item/?key_word=53
56,+鉄製ドライバー(大)2.5mm,+철제드라이버(대)2.5mm,ネジ調整,日常修理をスムーズにしやすい,나사 조정,일상 수리를 원활하게 하기 쉬움,4900,KRW,,カタログP.148,56_1.jpg,https://www.san-nishimura.co.jp/product/item/?key_word=56
57,+鉄製ドライバー(小)2.0mm,+철제드라이버(소)2.0mm,ネジ調整,日常修理をスムーズにしやすい,나사 조정,일상 수리를 원활하게 하기 쉬움,4100,KRW,,カタログP.148,57_1.jpg,https://www.san-nishimura.co.jp/product/item/?key_word=57
58,+チェンジドライバーセット(2本入),+교체드라이버세트(2개),ネジ調整,日常修理をスムーズにしやすい,나사 조정,일상 수리를 원활하게 하기 쉬움,28100,KRW,2本,"カタログP.155,172",58_1.jpg,https://www.san-nishimura.co.jp/product/item/?key_word=58
58S,(+)チェンジドライバーセット(3本入),(+)교체드라이버세트(3개),ネジ調整,日常修理をスムーズにしやすい,나사 조정,일상 수리를 원활하게 하기 쉬움,35200,KRW,3本,カタログP.155,58S_1.jpg,https://www.san-nishimura.co.jp/product/item/?key_word=58S
58-2,チェンジドライバー先丈(+)大2.5mm 30mm,교체드라이버 (+)대2.5mm 30mm,ネジ調整,日常修理をスムーズにしやすい,나사 조정,일상 수리를 원활하게 하기 쉬움,7800,KRW,,カタログP.154,,https://www.san-nishimura.co.jp/product/item/?key_word=58-2
58-4,チェンジドライバー先丈(+)小2.0mm 30mm,교체드라이버 (+)소2.0mm 30mm,ネジ調整,日常修理をスムーズにしやすい,나사 조정,일상 수리를 원활하게 하기 쉬움,7800,KRW,,カタログP.154,,https://www.san-nishimura.co.jp/product/item/?key_word=58-4
58-5,チェンジドライバー先丈(+)極小1.5mm 30mm,교체드라이버 (+)초소형1.5mm 30mm,ネジ調整,日常修理をスムーズにしやすい,나사 조정,일상 수리를 원활하게 하기 쉬움,7800,KRW,,カタログP.154,,https://www.san-nishimura.co.jp/product/item/%e3%83%81%e3%82%a7%e3%83%b3%e3%82%b8%e3%83%89%e3%83%a9%e3%82%a4%e3%83%90%e3%83%bc%e5%85%8830%e3%8e%9c/
58-45,チェンジドライバー先(+)小小1.8mm30mm,교체드라이버 (+)소소1.8mm30mm,ネジ調整,日常修理をスムーズにしやすい,나사 조정,일상 수리를 원활하게 하기 쉬움,7800,KRW,,カタログP.154,58-45_1.jpg,https://www.san-nishimura.co.jp/product/item/?key_word=58-45
59,(-)チェンジドライバーセット(3本入),(-)교체드라이버세트(3개),ネジ調整,日常修理をスムーズにしやすい,나사 조정,일상 수리를 원활하게 하기 쉬움,35200,KRW,3本,"カタログP.155,172",59_1.jpg,https://www.san-nishimura.co.jp/product/item/?key_word=59
59-2,チェンジドライバー先丈(-)大2.5mm 30mm,교체드라이버 (-)대2.5mm 30mm,ネジ調整,日常修理をスムーズにしやすい,나사 조정,일상 수리를 원활하게 하기 쉬움,7800,KRW,,カタログP.154,,https://www.san-nishimura.co.jp/product/item/?key_word=59-2
59-3,チェンジドライバー先丈(-)中2.0mm 30mm,교체드라이버 (-)중2.0mm 30mm,ネジ調整,日常修理をスムーズにしやすい,나사 조정,일상 수리를 원활하게 하기 쉬움,7800,KRW,,カタログP.154,,https://www.san-nishimura.co.jp/product/item/?key_word=59-3
59-4,チェンジドライバー先丈(-)小1.5mm 30mm,교체드라이버 (-)소1.5mm 30mm,ネジ調整,日常修理をスムーズにしやすい,나사 조정,일상 수리를 원활하게 하기 쉬움,7800,KRW,,カタログP.154,,https://www.san-nishimura.co.jp/product/item/?key_word=59-4
60-1,"チェンジドライバ-柄[No.58,59,60]兼用","교체 - [No.58,59,60]",ネジ調整,日常修理をスムーズにしやすい,나사 조정,일상 수리를 원활하게 하기 쉬움,14500,KRW,,カタログP.154,,https://www.san-nishimura.co.jp/product/item/%e3%83%81%e3%82%a7%e3%83%b3%e3%82%b8%e3%83%89%e3%83%a9%e3%82%a4%e3%83%90%e3%83%bc%e3%80%80%e6%9f%84%e3%81%ae%e3%81%bf-2/
60-4-2,チェンジドライバー先丈六角大2.6mm 30mm,교체드라이버 각형대2.6mm 30mm,ネジ調整,日常修理をスムーズにしやすい,나사 조정,일상 수리를 원활하게 하기 쉬움,10900,KRW,,カタログP.154,,https://www.san-nishimura.co.jp/product/item/?key_word=60-4-2
60-4-3,チェンジドライバー先丈六角中2.3mm 30mm,교체드라이버 각형중2.3mm 30mm,ネジ調整,日常修理をスムーズにしやすい,나사 조정,일상 수리를 원활하게 하기 쉬움,10900,KRW,,カタログP.154,,https://www.san-nishimura.co.jp/product/item/?key_word=60-4-3
60-4-4,チェンジドライバー先丈六角小2.0mm 30mm,교체드라이버 각형소2.0mm 30mm,ネジ調整,日常修理をスムーズにしやすい,나사 조정,일상 수리를 원활하게 하기 쉬움,10900,KRW,,カタログP.154,,https://www.san-nishimura.co.jp/product/item/?key_word=60-4-4
61,ネジ頭切りヤスリ,나사 줄,ネジ交換・固定,ゆるみや紛失時に対応しやすい,나사 교체 및 고정,풀림이나 분실에 대응하기 쉬움,29300,KRW,,カタログP.158,61_1.jpg,https://www.san-nishimura.co.jp/product/item/?key_word=61
62,ダイヤモンドヤスリ(平),다이아몬드줄(평면),削り・仕上げ加工,細かな形状調整と面取りをしやすい,절삭 및 마감 가공,세밀한 형상 조정과 면취가 쉬움,95800,KRW,,カタログP.164,62_1.jpg,https://www.san-nishimura.co.jp/product/item/?key_word=62
63,ダイヤモンドヤスリ(角),다이아몬드줄(각형),削り・仕上げ加工,細かな形状調整と面取りをしやすい,절삭 및 마감 가공,세밀한 형상 조정과 면취가 쉬움,78200,KRW,,カタログP.164,63_1.jpg,https://www.san-nishimura.co.jp/product/item/?key_word=63
64,ダイヤモンドヤスリ(三角),다이아몬드줄(각형),検査・測定,状態確認と加工判断をしやすい,검사 및 측정,상태 확인과 가공 판단이 쉬움,74300,KRW,,カタログP.164,64_1.jpg,https://www.san-nishimura.co.jp/product/item/%e3%82%b3%e3%83%b3%e3%83%93%e3%83%bb%e3%82%ab%e3%83%bc%e3%83%96%e3%82%b9%e3%82%b1%e3%83%bc%e3%83%ab/
65,ダイヤモンドヤスリ(半丸),다이아몬드줄(원형),削り・仕上げ加工,細かな形状調整と面取りをしやすい,절삭 및 마감 가공,세밀한 형상 조정과 면취가 쉬움,74300,KRW,,カタログP.164,65_1.jpg,https://www.san-nishimura.co.jp/product/item/%e3%82%a2%e3%82%af%e3%83%8b%e3%82%b9/
66,ダイヤモンドヤスリ(丸),다이아몬드줄(원형),削り・仕上げ加工,細かな形状調整と面取りをしやすい,절삭 및 마감 가공,세밀한 형상 조정과 면취가 쉬움,66500,KRW,,カタログP.164,66_1.jpg,https://www.san-nishimura.co.jp/product/item/%e3%83%a1%e3%83%87%e3%82%a3%e3%83%97%e3%83%a9%e3%83%b3%e3%82%a8%e3%83%ab%e3%82%b4/
67,±ネジセットW 樹脂加工(ゆるみ止),±나사세트W 가공(풀림 방지),ネジ交換・固定,ゆるみや紛失時に対応しやすい,나사 교체 및 고정,풀림이나 분실에 대응하기 쉬움,109500,KRW,,カタログP.34,67_1.jpg,https://www.san-nishimura.co.jp/product/item/?key_word=67
67-31,±ネジW 1.2×3.5,±나사W 1.2×3.5,ネジ交換・固定,ゆるみや紛失時に対応しやすい,나사 교체 및 고정,풀림이나 분실에 대응하기 쉬움,5100,KRW,30本,"カタログP.34,35,172",67-31_1.jpg,https://www.san-nishimura.co.jp/product/item/?key_word=67-31
67-31A,±ネジW1.2×3.5(100本入),±나사W1.2×3.5(100개),ネジ交換・固定,ゆるみや紛失時に対応しやすい,나사 교체 및 고정,풀림이나 분실에 대응하기 쉬움,16200,KRW,100本,,,https://www.san-nishimura.co.jp/product/item/?key_word=67-31A
67-31B,±ネジW1.2×3.5(300本入),±나사W1.2×3.5(300개),ネジ交換・固定,ゆるみや紛失時に対応しやすい,나사 교체 및 고정,풀림이나 분실에 대응하기 쉬움,45100,KRW,300本,,,https://www.san-nishimura.co.jp/product/item/?key_word=67-31B
67-31C,±ネジW1.2×3.5(1000本入),±나사W1.2×3.5(1000개),ネジ交換・固定,ゆるみや紛失時に対応しやすい,나사 교체 및 고정,풀림이나 분실에 대응하기 쉬움,142000,KRW,1000本,,,https://www.san-nishimura.co.jp/product/item/?key_word=67-31C
67-32,±ネジW 1.2×4.0,±나사W 1.2×4.0,ネジ交換・固定,ゆるみや紛失時に対応しやすい,나사 교체 및 고정,풀림이나 분실에 대응하기 쉬움,5100,KRW,,"カタログP.34,35",67-32_1.jpg,https://www.san-nishimura.co.jp/product/item/?key_word=67-32
67-32A,±ネジW1.2×4.0(100本入),±나사W1.2×4.0(100개),ネジ交換・固定,ゆるみや紛失時に対応しやすい,나사 교체 및 고정,풀림이나 분실에 대응하기 쉬움,16200,KRW,100本,,,https://www.san-nishimura.co.jp/product/item/?key_word=67-32A
67-32B,±ネジW1.2×4.0(300本入),±나사W1.2×4.0(300개),ネジ交換・固定,ゆるみや紛失時に対応しやすい,나사 교체 및 고정,풀림이나 분실에 대응하기 쉬움,45100,KRW,300本,,,https://www.san-nishimura.co.jp/product/item/?key_word=67-32B
67-32C,±ネジW1.2×4.0(1000本入),±나사W1.2×4.0(1000개),ネジ交換・固定,ゆるみや紛失時に対応しやすい,나사 교체 및 고정,풀림이나 분실에 대응하기 쉬움,142000,KRW,1000本,,,https://www.san-nishimura.co.jp/product/item/?key_word=67-32C
67-33,±ネジW 1.4×3.0,±나사W 1.4×3.0,ネジ交換・固定,ゆるみや紛失時に対応しやすい,나사 교체 및 고정,풀림이나 분실에 대응하기 쉬움,5100,KRW,,"カタログP.34,35,172",67-33_1.jpg,https://www.san-nishimura.co.jp/product/item/?key_word=67-33
67-33A,±ネジW1.4×3.0(100本入),±나사W1.4×3.0(100개),ネジ交換・固定,ゆるみや紛失時に対応しやすい,나사 교체 및 고정,풀림이나 분실에 대응하기 쉬움,16200,KRW,100本,,,https://www.san-nishimura.co.jp/product/item/?key_word=67-33A
67-33B,±ネジW1.4×3.0(300本入),±나사W1.4×3.0(300개),ネジ交換・固定,ゆるみや紛失時に対応しやすい,나사 교체 및 고정,풀림이나 분실에 대응하기 쉬움,45100,KRW,300本,,,https://www.san-nishimura.co.jp/product/item/?key_word=67-33B
67-33C,±ネジW1.4×3.0(1000本入),±나사W1.4×3.0(1000개),ネジ交換・固定,ゆるみや紛失時に対応しやすい,나사 교체 및 고정,풀림이나 분실에 대응하기 쉬움,142000,KRW,1000本,,,https://www.san-nishimura.co.jp/product/item/?key_word=67-33C
67-34,±ネジW 1.4×3.5,±나사W 1.4×3.5,ネジ交換・固定,ゆるみや紛失時に対応しやすい,나사 교체 및 고정,풀림이나 분실에 대응하기 쉬움,5100,KRW,30本,"カタログP.34,35",67-34_1.jpg,https://www.san-nishimura.co.jp/product/item/?key_word=67-34
67-34A,±ネジW1.4×3.5(100本入),±나사W1.4×3.5(100개),ネジ交換・固定,ゆるみや紛失時に対応しやすい,나사 교체 및 고정,풀림이나 분실에 대응하기 쉬움,16200,KRW,100本,,,https://www.san-nishimura.co.jp/product/item/?key_word=67-34A
67-34B,±ネジW1.4×3.5(300本入),±나사W1.4×3.5(300개),ネジ交換・固定,ゆるみや紛失時に対応しやすい,나사 교체 및 고정,풀림이나 분실에 대응하기 쉬움,45100,KRW,300本,,,https://www.san-nishimura.co.jp/product/item/?key_word=67-34B
67-34C,±ネジW1.4×3.5(1000本入),±나사W1.4×3.5(1000개),ネジ交換・固定,ゆるみや紛失時に対応しやすい,나사 교체 및 고정,풀림이나 분실에 대응하기 쉬움,142000,KRW,1000本,,,https://www.san-nishimura.co.jp/product/item/?key_word=67-34C
67-35,±ネジW 1.4×4.0,±나사W 1.4×4.0,ネジ交換・固定,ゆるみや紛失時に対応しやすい,나사 교체 및 고정,풀림이나 분실에 대응하기 쉬움,5100,KRW,30本,"カタログP.34,35",67-35_1.jpg,https://www.san-nishimura.co.jp/product/item/?key_word=67-35
67-35A,±ネジW1.4×4.0(100本入),±나사W1.4×4.0(100개),ネジ交換・固定,ゆるみや紛失時に対応しやすい,나사 교체 및 고정,풀림이나 분실에 대응하기 쉬움,16200,KRW,100本,,,https://www.san-nishimura.co.jp/product/item/?key_word=67-35A
67-35B,±ネジW1.4×4.0(300本入),±나사W1.4×4.0(300개),ネジ交換・固定,ゆるみや紛失時に対応しやすい,나사 교체 및 고정,풀림이나 분실에 대응하기 쉬움,45100,KRW,300本,,,https://www.san-nishimura.co.jp/product/item/?key_word=67-35B
67-35C,±ネジW1.4×4.0(1000本入),±나사W1.4×4.0(1000개),ネジ交換・固定,ゆるみや紛失時に対応しやすい,나사 교체 및 고정,풀림이나 분실에 대응하기 쉬움,142000,KRW,1000本,,,https://www.san-nishimura.co.jp/product/item/?key_word=67-35C
67-36,±ネジW 1.4×4.5,±나사W 1.4×4.5,ネジ交換・固定,ゆるみや紛失時に対応しやすい,나사 교체 및 고정,풀림이나 분실에 대응하기 쉬움,5100,KRW,,"カタログP.34,35,172",67-36_1.jpg,https://www.san-nishimura.co.jp/product/item/?key_word=67-36
67-37,±ネジW 1.4×5.0,±나사W 1.4×5.0,ネジ交換・固定,ゆるみや紛失時に対応しやすい,나사 교체 및 고정,풀림이나 분실에 대응하기 쉬움,5100,KRW,,"カタログP.34,35",67-37_1.jpg,https://www.san-nishimura.co.jp/product/item/?key_word=67-37
67-38,±ネジW 1.4×5.5,±나사W 1.4×5.5,ネジ交換・固定,ゆるみや紛失時に対応しやすい,나사 교체 및 고정,풀림이나 분실에 대응하기 쉬움,5100,KRW,30本,"カタログP.34,35",67-38_1.jpg,https://www.san-nishimura.co.jp/product/item/?key_word=67-38
67-39,±ネジW 1.4×6.0,±나사W 1.4×6.0,ネジ交換・固定,ゆるみや紛失時に対応しやすい,나사 교체 및 고정,풀림이나 분실에 대응하기 쉬움,5100,KRW,30本,"カタログP.34,35",67-39_1.jpg,https://www.san-nishimura.co.jp/product/item/?key_word=67-39
67-40,±ネジW 1.4×7.0,±나사W 1.4×7.0,ネジ交換・固定,ゆるみや紛失時に対応しやすい,나사 교체 및 고정,풀림이나 분실에 대응하기 쉬움,5100,KRW,30本,"カタログP.34,35",67-40_1.jpg,https://www.san-nishimura.co.jp/product/item/?key_word=67-40
67-41,±ネジW 1.4×8.0,±나사W 1.4×8.0,ネジ交換・固定,ゆるみや紛失時に対応しやすい,나사 교체 및 고정,풀림이나 분실에 대응하기 쉬움,5100,KRW,,"カタログP.34,35",67-41_1.jpg,https://www.san-nishimura.co.jp/product/item/?key_word=67-41
67-42,±ネジW 1.7×3.0,±나사W 1.7×3.0,ネジ交換・固定,ゆるみや紛失時に対応しやすい,나사 교체 및 고정,풀림이나 분실에 대응하기 쉬움,5100,KRW,30本,"カタログP.34,35",67-42_1.jpg,https://www.san-nishimura.co.jp/product/item/?key_word=67-42
67-43,±ネジW 1.7×4.0,±나사W 1.7×4.0,ネジ交換・固定,ゆるみや紛失時に対応しやすい,나사 교체 및 고정,풀림이나 분실에 대응하기 쉬움,5100,KRW,30本,"カタログP.34,35",67-43_1.jpg,https://www.san-nishimura.co.jp/product/item/?key_word=67-43
67-44,±ネジW 1.7×5.0,±나사W 1.7×5.0,ネジ交換・固定,ゆるみや紛失時に対応しやすい,나사 교체 및 고정,풀림이나 분실에 대응하기 쉬움,5100,KRW,,"カタログP.34,35",67-44_1.jpg,https://www.san-nishimura.co.jp/product/item/?key_word=67-44
67-45,±ネジW 1.7×6.0,±나사W 1.7×6.0,ネジ交換・固定,ゆるみや紛失時に対応しやすい,나사 교체 및 고정,풀림이나 분실에 대응하기 쉬움,5100,KRW,30本,"カタログP.34,35",67-45_1.jpg,https://www.san-nishimura.co.jp/product/item/?key_word=67-45
67-46,±ネジW 1.7×7.0,±나사W 1.7×7.0,ネジ交換・固定,ゆるみや紛失時に対応しやすい,나사 교체 및 고정,풀림이나 분실에 대응하기 쉬움,5100,KRW,30本,"カタログP.34,35",67-46_1.jpg,https://www.san-nishimura.co.jp/product/item/?key_word=67-46
67-47,±ネジW 1.7×8.0,±나사W 1.7×8.0,ネジ交換・固定,ゆるみや紛失時に対応しやすい,나사 교체 및 고정,풀림이나 분실에 대응하기 쉬움,5100,KRW,30本,"カタログP.34,35",67-47_1.jpg,https://www.san-nishimura.co.jp/product/item/?key_word=67-47
67-48,±ネジW 1.7×10.0,±나사W 1.7×10.0,ネジ交換・固定,ゆるみや紛失時に対応しやすい,나사 교체 및 고정,풀림이나 분실에 대응하기 쉬움,5100,KRW,30本,"カタログP.34,35",67-48_1.jpg,https://www.san-nishimura.co.jp/product/item/?key_word=67-48
67-49,±ネジW 1.0×3.5,±나사W 1.0×3.5,ネジ交換・固定,ゆるみや紛失時に対応しやすい,나사 교체 및 고정,풀림이나 분실에 대응하기 쉬움,5100,KRW,30本,"カタログP.34,35,172",67-49_1.jpg,https://www.san-nishimura.co.jp/product/item/?key_word=67-49
67-50,±ネジW 1.0×4.0,±나사W 1.0×4.0,ネジ交換・固定,ゆるみや紛失時に対応しやすい,나사 교체 및 고정,풀림이나 분실에 대응하기 쉬움,5100,KRW,30本,"カタログP.34,35",67-50_1.jpg,https://www.san-nishimura.co.jp/product/item/?key_word=67-50
67-50A,±ネジW1.0×4.0(100本入),±나사W1.0×4.0(100개),ネジ交換・固定,ゆるみや紛失時に対応しやすい,나사 교체 및 고정,풀림이나 분실에 대응하기 쉬움,16200,KRW,100本,,,https://www.san-nishimura.co.jp/product/item/?key_word=67-50A
67-50B,±ネジW1.0×4.0(300本入),±나사W1.0×4.0(300개),ネジ交換・固定,ゆるみや紛失時に対応しやすい,나사 교체 및 고정,풀림이나 분실에 대응하기 쉬움,45100,KRW,300本,,,https://www.san-nishimura.co.jp/product/item/?key_word=67-50B
67-50C,±ネジW1.0×4.0(1000本入),±나사W1.0×4.0(1000개),ネジ交換・固定,ゆるみや紛失時に対応しやすい,나사 교체 및 고정,풀림이나 분실에 대응하기 쉬움,142000,KRW,1000本,,,https://www.san-nishimura.co.jp/product/item/?key_word=67-50C
67-71,±ネジW 1.4×2.0,±나사W 1.4×2.0,ネジ交換・固定,ゆるみや紛失時に対応しやすい,나사 교체 및 고정,풀림이나 분실에 대응하기 쉬움,5100,KRW,,"カタログP.34,35,172",67-71_1.jpg,https://www.san-nishimura.co.jp/product/item/?key_word=67-71
67-72,±ネジW 1.4×2.5,±나사W 1.4×2.5,ネジ交換・固定,ゆるみや紛失時に対応しやすい,나사 교체 및 고정,풀림이나 분실에 대응하기 쉬움,5100,KRW,30本,"カタログP.34,35",67-72_1.jpg,https://www.san-nishimura.co.jp/product/item/?key_word=67-72
67-72A,±ネジW1.4×2.5(100本入),±나사W1.4×2.5(100개),ネジ交換・固定,ゆるみや紛失時に対応しやすい,나사 교체 및 고정,풀림이나 분실에 대응하기 쉬움,16200,KRW,100本,,,https://www.san-nishimura.co.jp/product/item/?key_word=67-72A
67-72B,±ネジW1.4×2.5(300本入),±나사W1.4×2.5(300개),ネジ交換・固定,ゆるみや紛失時に対応しやすい,나사 교체 및 고정,풀림이나 분실에 대응하기 쉬움,45100,KRW,300本,,,https://www.san-nishimura.co.jp/product/item/?key_word=67-72B
67-72C,±ネジW1.4×2.5(1000本入),±나사W1.4×2.5(1000개),ネジ交換・固定,ゆるみや紛失時に対応しやすい,나사 교체 및 고정,풀림이나 분실에 대응하기 쉬움,142000,KRW,1000本,,,https://www.san-nishimura.co.jp/product/item/?key_word=67-72C
67-73,±ネジW 1.3×4.5,±나사W 1.3×4.5,ネジ交換・固定,ゆるみや紛失時に対応しやすい,나사 교체 및 고정,풀림이나 분실에 대응하기 쉬움,5100,KRW,10本,"カタログP.34,35,212",67-73_1.jpg,https://www.san-nishimura.co.jp/product/item/?key_word=67-73
67-74,±ネジW 1.5×5.0,±나사W 1.5×5.0,ネジ交換・固定,ゆるみや紛失時に対応しやすい,나사 교체 및 고정,풀림이나 분실에 대응하기 쉬움,5100,KRW,10本,"カタログP.34,35,212",67-74_1.jpg,https://www.san-nishimura.co.jp/product/item/?key_word=67-74
67-75,±ネジW 1.8×6.0,±나사W 1.8×6.0,ネジ交換・固定,ゆるみや紛失時に対応しやすい,나사 교체 및 고정,풀림이나 분실에 대응하기 쉬움,5100,KRW,10本,"カタログP.34,35,212",67-75_1.jpg,https://www.san-nishimura.co.jp/product/item/?key_word=67-75
67-76,±ネジW 1.4×2.7,±나사W 1.4×2.7,ネジ交換・固定,ゆるみや紛失時に対応しやすい,나사 교체 및 고정,풀림이나 분실에 대응하기 쉬움,5100,KRW,30本,"カタログP.34,35",67-76_1.jpg,https://www.san-nishimura.co.jp/product/item/?key_word=67-76
67-76A,±ネジW1.4×2.7(100本入),±나사W1.4×2.7(100개),ネジ交換・固定,ゆるみや紛失時に対応しやすい,나사 교체 및 고정,풀림이나 분실에 대응하기 쉬움,16200,KRW,100本,,,https://www.san-nishimura.co.jp/product/item/?key_word=67-76A
67-76B,±ネジW1.4×2.7(300本入),±나사W1.4×2.7(300개),ネジ交換・固定,ゆるみや紛失時に対応しやすい,나사 교체 및 고정,풀림이나 분실에 대응하기 쉬움,45100,KRW,300本,,,https://www.san-nishimura.co.jp/product/item/?key_word=67-76B
67-76C,±ネジW1.4×2.7(1000本入),±나사W1.4×2.7(1000개),ネジ交換・固定,ゆるみや紛失時に対応しやすい,나사 교체 및 고정,풀림이나 분실에 대응하기 쉬움,142000,KRW,1000本,,,https://www.san-nishimura.co.jp/product/item/?key_word=67-76C
67-77,±ネジW 1.4×3.3,±나사W 1.4×3.3,ネジ交換・固定,ゆるみや紛失時に対応しやすい,나사 교체 및 고정,풀림이나 분실에 대응하기 쉬움,5100,KRW,,"カタログP.34,35",67-77_1.jpg,https://www.san-nishimura.co.jp/product/item/?key_word=67-77
67-77A,±ネジW1.4×3.3(100本入),±나사W1.4×3.3(100개),ネジ交換・固定,ゆるみや紛失時に対応しやすい,나사 교체 및 고정,풀림이나 분실에 대응하기 쉬움,16200,KRW,100本,,,https://www.san-nishimura.co.jp/product/item/?key_word=67-77A
67-77B,±ネジW1.4×3.3(300本入),±나사W1.4×3.3(300개),ネジ交換・固定,ゆるみや紛失時に対応しやすい,나사 교체 및 고정,풀림이나 분실에 대응하기 쉬움,45100,KRW,300本,,,https://www.san-nishimura.co.jp/product/item/?key_word=67-77B
67-77C,±ネジW1.4×3.3(1000本入),±나사W1.4×3.3(1000개),ネジ交換・固定,ゆるみや紛失時に対応しやすい,나사 교체 및 고정,풀림이나 분실에 대응하기 쉬움,142000,KRW,1000本,,,https://www.san-nishimura.co.jp/product/item/?key_word=67-77C
67-78,±ネジW 1.4×3.7,±나사W 1.4×3.7,ネジ交換・固定,ゆるみや紛失時に対応しやすい,나사 교체 및 고정,풀림이나 분실에 대응하기 쉬움,5100,KRW,30本,"カタログP.34,35",67-78_1.jpg,https://www.san-nishimura.co.jp/product/item/?key_word=67-78
67-79,±フロント止ネジW 1.4×2.5,±프런트 나사W 1.4×2.5,ネジ交換・固定,ゆるみや紛失時に対応しやすい,나사 교체 및 고정,풀림이나 분실에 대응하기 쉬움,5100,KRW,30本,"カタログP.34,35",67-79_1.jpg,https://www.san-nishimura.co.jp/product/item/?key_word=67-79
67-80,±フロント止ネジW 1.4×3.0,±프런트 나사W 1.4×3.0,ネジ交換・固定,ゆるみや紛失時に対応しやすい,나사 교체 및 고정,풀림이나 분실에 대응하기 쉬움,5100,KRW,30本,"カタログP.34,35",67-80_1.jpg,https://www.san-nishimura.co.jp/product/item/?key_word=67-80
67-81,±フロント止ネジW 1.4×4.0,±프런트 나사W 1.4×4.0,ネジ交換・固定,ゆるみや紛失時に対応しやすい,나사 교체 및 고정,풀림이나 분실에 대응하기 쉬움,5100,KRW,30本,"カタログP.34,35",67-81_1.jpg,https://www.san-nishimura.co.jp/product/item/?key_word=67-81
67-82,±ツーポイントネジW1.4×12.0,±무테 투포인트나사W1.4×12.0,ツーポイント固定・補修,寸法を合わせて外れを補修しやすい,무테 프레임 고정 및 보수,치수를 맞춰 이탈 부위를 보수하기 쉬움,5100,KRW,30本,"カタログP.34,35,48,51",67-82_1.jpg,https://www.san-nishimura.co.jp/product/item/?key_word=67-82
67-82A,±ツーポイントネジW1.4×12.0(100本入),±무테 투포인트나사W1.4×12.0(100개),ツーポイント固定・補修,寸法を合わせて外れを補修しやすい,무테 프레임 고정 및 보수,치수를 맞춰 이탈 부위를 보수하기 쉬움,16200,KRW,100本,,,https://www.san-nishimura.co.jp/product/item/?key_word=67-82A
67-82B,±ツーポイントネジW1.4×12.0(300本入),±무테 투포인트나사W1.4×12.0(300개),ツーポイント固定・補修,寸法を合わせて外れを補修しやすい,무테 프레임 고정 및 보수,치수를 맞춰 이탈 부위를 보수하기 쉬움,45100,KRW,300本,,,https://www.san-nishimura.co.jp/product/item/?key_word=67-82B
68,部品セット G・W,부품세트 G W,交換部品の一括準備,急な修理に備えやすい,교체 부품 일괄 준비,갑작스러운 수리에 대비하기 쉬움,109500,KRW,,カタログP.56,68_1.jpg,https://www.san-nishimura.co.jp/product/item/?key_word=68
68-51,グースネック横付足G,구스넥 포함 G,パッド足交換・補修,必要な形状だけを選んで補修しやすい,코패드 암 교체 및 수리,필요한 형태만 골라 보수하기 쉬움,5100,KRW,,カタログP.56,68-51_1.jpg,https://www.san-nishimura.co.jp/product/item/?key_word=68-51
68-51-1,グースネック横付足G左側のみ,구스넥 포함 G 단품,パッド足交換・補修,必要な形状だけを選んで補修しやすい,코패드 암 교체 및 수리,필요한 형태만 골라 보수하기 쉬움,5100,KRW,,,68-51-1_1.jpg,https://www.san-nishimura.co.jp/product/item/?key_word=68-51-1
68-51-2,グースネック横付足G右側のみ,구스넥 포함 G 단품,パッド足交換・補修,必要な形状だけを選んで補修しやすい,코패드 암 교체 및 수리,필요한 형태만 골라 보수하기 쉬움,5100,KRW,,,68-51-2_1.jpg,https://www.san-nishimura.co.jp/product/item/?key_word=68-51-2
68-52,グースネック横付足W,구스넥 포함 W,パッド足交換・補修,必要な形状だけを選んで補修しやすい,코패드 암 교체 및 수리,필요한 형태만 골라 보수하기 쉬움,5100,KRW,,カタログP.56,68-52_1.jpg,https://www.san-nishimura.co.jp/product/item/?key_word=68-52
68-52-1,グースネック横付足W左側のみ,구스넥 포함 W 단품,パッド足交換・補修,必要な形状だけを選んで補修しやすい,코패드 암 교체 및 수리,필요한 형태만 골라 보수하기 쉬움,5100,KRW,,,68-52-1_1.jpg,https://www.san-nishimura.co.jp/product/item/?key_word=68-52-1
68-52-2,グースネック横付足W右側のみ,구스넥 포함 W 단품,パッド足交換・補修,必要な形状だけを選んで補修しやすい,코패드 암 교체 및 수리,필요한 형태만 골라 보수하기 쉬움,5100,KRW,,,68-52-2_1.jpg,https://www.san-nishimura.co.jp/product/item/?key_word=68-52-2
68-53,グースネック上付足G,구스넥 포함 G,パッド足交換・補修,必要な形状だけを選んで補修しやすい,코패드 암 교체 및 수리,필요한 형태만 골라 보수하기 쉬움,5100,KRW,,カタログP.56,68-53_1.jpg,https://www.san-nishimura.co.jp/product/item/?key_word=68-53
68-53-1,グースネック上付足G左側のみ,구스넥 포함 G 단품,パッド足交換・補修,必要な形状だけを選んで補修しやすい,코패드 암 교체 및 수리,필요한 형태만 골라 보수하기 쉬움,5100,KRW,,,68-53-1_1.jpg,https://www.san-nishimura.co.jp/product/item/?key_word=68-53-1
68-53-2,グースネック上付足G右側のみ,구스넥 포함 G 단품,パッド足交換・補修,必要な形状だけを選んで補修しやすい,코패드 암 교체 및 수리,필요한 형태만 골라 보수하기 쉬움,5100,KRW,,,68-53-2_1.jpg,https://www.san-nishimura.co.jp/product/item/?key_word=68-53-2
68-54,グースネック上付足W,구스넥 포함 W,パッド足交換・補修,必要な形状だけを選んで補修しやすい,코패드 암 교체 및 수리,필요한 형태만 골라 보수하기 쉬움,5100,KRW,,カタログP.56,68-54_1.jpg,https://www.san-nishimura.co.jp/product/item/?key_word=68-54
68-54-1,グースネック上付足W左側のみ,구스넥 포함 W 단품,パッド足交換・補修,必要な形状だけを選んで補修しやすい,코패드 암 교체 및 수리,필요한 형태만 골라 보수하기 쉬움,5100,KRW,,,68-54-1_1.jpg,https://www.san-nishimura.co.jp/product/item/?key_word=68-54-1
68-54-2,グースネック上付足W右側のみ,구스넥 포함 W 단품,パッド足交換・補修,必要な形状だけを選んで補修しやすい,코패드 암 교체 및 수리,필요한 형태만 골라 보수하기 쉬움,5100,KRW,,,68-54-2_1.jpg,https://www.san-nishimura.co.jp/product/item/?key_word=68-54-2
68-55,U型横付足G,U 포함 G,パッド足交換・補修,必要な形状だけを選んで補修しやすい,코패드 암 교체 및 수리,필요한 형태만 골라 보수하기 쉬움,5100,KRW,,カタログP.56,68-55_1.jpg,https://www.san-nishimura.co.jp/product/item/?key_word=68-55
68-55-1,U型横付足G左側のみ,U 포함 G 단품,パッド足交換・補修,必要な形状だけを選んで補修しやすい,코패드 암 교체 및 수리,필요한 형태만 골라 보수하기 쉬움,5100,KRW,,,68-55-1_1.jpg,https://www.san-nishimura.co.jp/product/item/?key_word=68-55-1
68-55-2,U型横付足G右側のみ,U 포함 G 단품,パッド足交換・補修,必要な形状だけを選んで補修しやすい,코패드 암 교체 및 수리,필요한 형태만 골라 보수하기 쉬움,5100,KRW,,,68-55-2_1.jpg,https://www.san-nishimura.co.jp/product/item/?key_word=68-55-2
68-56,U型横付足W,U 포함 W,パッド足交換・補修,必要な形状だけを選んで補修しやすい,코패드 암 교체 및 수리,필요한 형태만 골라 보수하기 쉬움,5100,KRW,,カタログP.56,68-56_1.jpg,https://www.san-nishimura.co.jp/product/item/?key_word=68-56
68-56-1,U型横付足W左側のみ,U 포함 W 단품,パッド足交換・補修,必要な形状だけを選んで補修しやすい,코패드 암 교체 및 수리,필요한 형태만 골라 보수하기 쉬움,5100,KRW,,,68-56-1_1.jpg,https://www.san-nishimura.co.jp/product/item/?key_word=68-56-1
68-56-2,U型横付足W右側のみ,U 포함 W 단품,パッド足交換・補修,必要な形状だけを選んで補修しやすい,코패드 암 교체 및 수리,필요한 형태만 골라 보수하기 쉬움,5100,KRW,,,68-56-2_1.jpg,https://www.san-nishimura.co.jp/product/item/?key_word=68-56-2
68-57,U型上付足W,U 포함 W,パッド足交換・補修,必要な形状だけを選んで補修しやすい,코패드 암 교체 및 수리,필요한 형태만 골라 보수하기 쉬움,5100,KRW,,カタログP.56,68-57_1.jpg,https://www.san-nishimura.co.jp/product/item/?key_word=68-57
68-57-1,U型上付足W左側のみ,U 포함 W 단품,パッド足交換・補修,必要な形状だけを選んで補修しやすい,코패드 암 교체 및 수리,필요한 형태만 골라 보수하기 쉬움,5100,KRW,,,68-57-1_1.jpg,https://www.san-nishimura.co.jp/product/item/?key_word=68-57-1
68-57-2,U型上付足W右側のみ,U 포함 W 단품,パッド足交換・補修,必要な形状だけを選んで補修しやすい,코패드 암 교체 및 수리,필요한 형태만 골라 보수하기 쉬움,5100,KRW,,,68-57-2_1.jpg,https://www.san-nishimura.co.jp/product/item/?key_word=68-57-2
68-59,箱足G,G,丁番・テンプル開閉部の補修,開閉の動きやガタつきを整えやすい,힌지 및 템플 개폐부 보수,개폐 움직임과 흔들림을 정돈하기 쉬움,5100,KRW,,カタログP.56,68-59_1.jpg,https://www.san-nishimura.co.jp/product/item/?key_word=68-59
68-59-1,ロングロック箱足G左側のみ,롱잠금 G 단품,丁番・テンプル開閉部の補修,開閉の動きやガタつきを整えやすい,힌지 및 템플 개폐부 보수,개폐 움직임과 흔들림을 정돈하기 쉬움,5100,KRW,,,68-59-1_1.jpg,https://www.san-nishimura.co.jp/product/item/?key_word=68-59-1
68-59-2,ロングロック箱足G右側のみ,롱잠금 G 단품,丁番・テンプル開閉部の補修,開閉の動きやガタつきを整えやすい,힌지 및 템플 개폐부 보수,개폐 움직임과 흔들림을 정돈하기 쉬움,5100,KRW,,,68-59-2_1.jpg,https://www.san-nishimura.co.jp/product/item/?key_word=68-59-2
68-60,箱足W,W,丁番・テンプル開閉部の補修,開閉の動きやガタつきを整えやすい,힌지 및 템플 개폐부 보수,개폐 움직임과 흔들림을 정돈하기 쉬움,5100,KRW,,カタログP.56,68-60_1.jpg,https://www.san-nishimura.co.jp/product/item/?key_word=68-60
68-60-1,ロングロック箱足W左側のみ,롱잠금 W 단품,丁番・テンプル開閉部の補修,開閉の動きやガタつきを整えやすい,힌지 및 템플 개폐부 보수,개폐 움직임과 흔들림을 정돈하기 쉬움,5100,KRW,,,68-60-1_1.jpg,https://www.san-nishimura.co.jp/product/item/?key_word=68-60-1
68-60-2,ロングロック箱足W右側のみ,롱잠금 W 단품,丁番・テンプル開閉部の補修,開閉の動きやガタつきを整えやすい,힌지 및 템플 개폐부 보수,개폐 움직임과 흔들림을 정돈하기 쉬움,5100,KRW,,,68-60-2_1.jpg,https://www.san-nishimura.co.jp/product/item/?key_word=68-60-2
68-61,ガード二本足G,G,パッド足交換・補修,必要な形状だけを選んで補修しやすい,코패드 암 교체 및 수리,필요한 형태만 골라 보수하기 쉬움,7400,KRW,,"カタログP.22,23",68-61_1.jpg,https://www.san-nishimura.co.jp/product/item/%e3%82%ac%e3%83%bc%e3%83%89%e4%ba%8c%e6%9c%ac%e8%b6%b3/
68-62,ガード二本足W,W,パッド足交換・補修,必要な形状だけを選んで補修しやすい,코패드 암 교체 및 수리,필요한 형태만 골라 보수하기 쉬움,7400,KRW,,"カタログP.22,23",68-62_1.jpg,https://www.san-nishimura.co.jp/product/item/%e3%82%ac%e3%83%bc%e3%83%89%e4%ba%8c%e6%9c%ac%e8%b6%b3/
68-63,3枚丁番W 1.4×3.0×1.2,3 힌지W 1.4×3.0×1.2,丁番・テンプル開閉部の補修,開閉の動きやガタつきを整えやすい,힌지 및 템플 개폐부 보수,개폐 움직임과 흔들림을 정돈하기 쉬움,5100,KRW,,カタログP.56,68-63_1.jpg,https://www.san-nishimura.co.jp/product/item/?key_word=68-63
68-63-1,3枚丁番W 腕のみ,3 힌지W 단품,丁番・テンプル開閉部の補修,開閉の動きやガタつきを整えやすい,힌지 및 템플 개폐부 보수,개폐 움직임과 흔들림을 정돈하기 쉬움,5100,KRW,,,68-63-1_1.jpg,https://www.san-nishimura.co.jp/product/item/?key_word=68-63-1
68-64,3枚丁番W 1.4×3.5×1.5,3 힌지W 1.4×3.5×1.5,丁番・テンプル開閉部の補修,開閉の動きやガタつきを整えやすい,힌지 및 템플 개폐부 보수,개폐 움직임과 흔들림을 정돈하기 쉬움,5100,KRW,,カタログP.56,68-64_1.jpg,https://www.san-nishimura.co.jp/product/item/?key_word=68-64
68-64-1,3枚丁番W 腕のみ,3 힌지W 단품,丁番・テンプル開閉部の補修,開閉の動きやガタつきを整えやすい,힌지 및 템플 개폐부 보수,개폐 움직임과 흔들림을 정돈하기 쉬움,5100,KRW,,,68-64-1_1.jpg,https://www.san-nishimura.co.jp/product/item/?key_word=68-64-1
68-65,3枚丁番W 1.4×4.0×1.5,3 힌지W 1.4×4.0×1.5,丁番・テンプル開閉部の補修,開閉の動きやガタつきを整えやすい,힌지 및 템플 개폐부 보수,개폐 움직임과 흔들림을 정돈하기 쉬움,5100,KRW,,カタログP.56,68-65_1.jpg,https://www.san-nishimura.co.jp/product/item/?key_word=68-65
68-65-1,3枚丁番W 腕のみ,3 힌지W 단품,丁番・テンプル開閉部の補修,開閉の動きやガタつきを整えやすい,힌지 및 템플 개폐부 보수,개폐 움직임과 흔들림을 정돈하기 쉬움,5100,KRW,,,68-65-1_1.jpg,https://www.san-nishimura.co.jp/product/item/?key_word=68-65-1
68-66,3枚丁番W 1.4×4.5×2.0,3 힌지W 1.4×4.5×2.0,丁番・テンプル開閉部の補修,開閉の動きやガタつきを整えやすい,힌지 및 템플 개폐부 보수,개폐 움직임과 흔들림을 정돈하기 쉬움,5100,KRW,,カタログP.56,68-66_1.jpg,https://www.san-nishimura.co.jp/product/item/?key_word=68-66
68-66-1,3枚丁番W 腕のみ,3 힌지W 단품,丁番・テンプル開閉部の補修,開閉の動きやガタつきを整えやすい,힌지 및 템플 개폐부 보수,개폐 움직임과 흔들림을 정돈하기 쉬움,5100,KRW,,,68-66-1_1.jpg,https://www.san-nishimura.co.jp/product/item/?key_word=68-66-1
68-67,3枚丁番W 1.4×5.0×2.0,3 힌지W 1.4×5.0×2.0,丁番・テンプル開閉部の補修,開閉の動きやガタつきを整えやすい,힌지 및 템플 개폐부 보수,개폐 움직임과 흔들림을 정돈하기 쉬움,5100,KRW,,カタログP.56,68-67_1.jpg,https://www.san-nishimura.co.jp/product/item/?key_word=68-67
68-67-1,3枚丁番W 腕のみ,3 힌지W 단품,丁番・テンプル開閉部の補修,開閉の動きやガタつきを整えやすい,힌지 및 템플 개폐부 보수,개폐 움직임과 흔들림을 정돈하기 쉬움,5100,KRW,,,68-67-1_1.jpg,https://www.san-nishimura.co.jp/product/item/?key_word=68-67-1
68-68,3枚丁番W 1.4×2.5×1.0,3 힌지W 1.4×2.5×1.0,丁番・テンプル開閉部の補修,開閉の動きやガタつきを整えやすい,힌지 및 템플 개폐부 보수,개폐 움직임과 흔들림을 정돈하기 쉬움,5100,KRW,,カタログP.56,68-68_1.jpg,https://www.san-nishimura.co.jp/product/item/?key_word=68-68
68-68-1,3枚丁番W 腕のみ,3 힌지W 단품,丁番・テンプル開閉部の補修,開閉の動きやガタつきを整えやすい,힌지 및 템플 개폐부 보수,개폐 움직임과 흔들림을 정돈하기 쉬움,5100,KRW,,,68-68-1_1.jpg,https://www.san-nishimura.co.jp/product/item/?key_word=68-68-1
68-69,3枚丁番W 1.4×2.8×1.2,3 힌지W 1.4×2.8×1.2,丁番・テンプル開閉部の補修,開閉の動きやガタつきを整えやすい,힌지 및 템플 개폐부 보수,개폐 움직임과 흔들림을 정돈하기 쉬움,5100,KRW,,カタログP.56,68-69_1.jpg,https://www.san-nishimura.co.jp/product/item/?key_word=68-69
68-69-1,3枚丁番W 腕のみ,3 힌지W 단품,丁番・テンプル開閉部の補修,開閉の動きやガタつきを整えやすい,힌지 및 템플 개폐부 보수,개폐 움직임과 흔들림을 정돈하기 쉬움,5100,KRW,,,68-69-1_1.jpg,https://www.san-nishimura.co.jp/product/item/?key_word=68-69-1
68-70,3枚丁番W 1.4×2.3×0.9,3 힌지W 1.4×2.3×0.9,丁番・テンプル開閉部の補修,開閉の動きやガタつきを整えやすい,힌지 및 템플 개폐부 보수,개폐 움직임과 흔들림을 정돈하기 쉬움,5100,KRW,,カタログP.56,68-70_1.jpg,https://www.san-nishimura.co.jp/product/item/?key_word=68-70
68-70-1,3枚丁番W 腕のみ,3 힌지W 단품,丁番・テンプル開閉部の補修,開閉の動きやガタつきを整えやすい,힌지 및 템플 개폐부 보수,개폐 움직임과 흔들림을 정돈하기 쉬움,5100,KRW,,,68-70-1_1.jpg,https://www.san-nishimura.co.jp/product/item/?key_word=68-70-1
68-542,バネ丁番用フロントW1.4×3.0×1.3,스프링 힌지 프런트W1.4×3.0×1.3,丁番・テンプル開閉部の補修,開閉の動きやガタつきを整えやすい,힌지 및 템플 개폐부 보수,개폐 움직임과 흔들림을 정돈하기 쉬움,5100,KRW,12ヶ,"カタログP.56,57",68-542_1.jpg,https://www.san-nishimura.co.jp/product/item/%e4%b8%81%e7%95%aa%e3%82%b9%e3%83%a9%e3%82%a4%e3%83%89%e3%83%90%e3%83%8d%e4%b8%81%e7%95%aa%e7%94%a8/
69,眼鏡ハンドロウ付器セット,포함 세트,ロウ付け・加熱補修,必要箇所を固定・補修しやすい,납땜 및 가열 보수,필요한 부위를 고정·보수하기 쉬움,387100,KRW,,カタログP.232,69_1.jpg,https://www.san-nishimura.co.jp/product/item/?key_word=69
69-A,"酸化防止液A[No.69,172-2]兼用","A[No.69,172-2]",ロウ付け・加熱補修,必要箇所を固定・補修しやすい,납땜 및 가열 보수,필요한 부위를 고정·보수하기 쉬움,15600,KRW,,"カタログP.232,235",69-A_1.jpg,https://www.san-nishimura.co.jp/product/item/?key_word=69-A
69-D2,"銀ねりロウD2[69,172-2,230]兼用","실버 D2[69,172-2,230]",ロウ付け・加熱補修,必要箇所を固定・補修しやすい,납땜 및 가열 보수,필요한 부위를 고정·보수하기 쉬움,58700,KRW,,"カタログP.232,233,235",69-D2_1.jpg,https://www.san-nishimura.co.jp/product/item/?key_word=69-D2
69-E,"ヤスリ[69,172-2,230]兼用","줄[69,172-2,230]",削り・仕上げ加工,細かな形状調整と面取りをしやすい,절삭 및 마감 가공,세밀한 형상 조정과 면취가 쉬움,21500,KRW,,"カタログP.232,233",69-E_1.jpg,https://www.san-nishimura.co.jp/product/item/?key_word=69-E
69-H,"クリップH[No.69,172-2]兼用","H[No.69,172-2]",機器部品交換・補修,機器を使い続けやすい,장비 부품 교체 및 보수,장비를 계속 사용하기 쉬움,3900,KRW,,カタログP.232,69-H_1.jpg,https://www.san-nishimura.co.jp/product/item/?key_word=69-H
69-I,"台I[69,172-2,230]兼用","I[69,172-2,230]",機器部品交換・補修,機器を使い続けやすい,장비 부품 교체 및 보수,장비를 계속 사용하기 쉬움,68400,KRW,,"カタログP.232,233",69-I_1.jpg,https://www.san-nishimura.co.jp/product/item/?key_word=69-I
69-J,"逆ピンセットJ[69,172-2,230]兼用","핀셋J[69,172-2,230]",小部品保持,細かな部品を落とさず扱いやすい,작은 부품 집기,작은 부품을 떨어뜨리지 않고 다루기 쉬움,20500,KRW,,"カタログP.232,233,235",69-J_1.jpg,https://www.san-nishimura.co.jp/product/item/?key_word=69-J
69-M,"銀ロウ溶解液M[No.69,172-2]兼用","실버 M[No.69,172-2]",ロウ付け・加熱補修,必要箇所を固定・補修しやすい,납땜 및 가열 보수,필요한 부위를 고정·보수하기 쉬움,9800,KRW,,"カタログP.232,235",69-M_1.jpg,https://www.san-nishimura.co.jp/product/item/?key_word=69-M
69-N,フラックス,플럭스,ロウ付け・加熱補修,必要箇所を固定・補修しやすい,납땜 및 가열 보수,필요한 부위를 고정·보수하기 쉬움,18600,KRW,,カタログP.235,69-N_1.jpg,https://www.san-nishimura.co.jp/product/item/?key_word=69-N
69-O,板銀ロウ,실버,ロウ付け・加熱補修,必要箇所を固定・補修しやすい,납땜 및 가열 보수,필요한 부위를 고정·보수하기 쉬움,23500,KRW,,カタログP.235,69-O_1.jpg,https://www.san-nishimura.co.jp/product/item/?key_word=69-O
69-Q,"ミクロト-チ用ボンベ[69-Q,230-O]兼用","- [69-Q,230-O]",ロウ付け・加熱補修,必要箇所を固定・補修しやすい,납땜 및 가열 보수,필요한 부위를 고정·보수하기 쉬움,9800,KRW,,"カタログP.232,233,234",69-Q_1.jpg,https://www.san-nishimura.co.jp/product/item/%e3%83%9f%e3%82%af%e3%83%ad%e3%83%88%e3%83%bc%e3%83%81%e7%94%a8%e3%83%9c%e3%83%b3%e3%83%99/
73,ヤットコ,플라이어,テンプル開き調整,左右の開きと掛け心地を整えやすい,템플 벌어짐 조정,좌우 벌어짐과 착용감을 맞추기 쉬움,103700,KRW,,"カタログP.144,171",73_1.jpg,https://www.san-nishimura.co.jp/product/item/?key_word=73
76-B,ヤットコ,플라이어,智固定・調整補助,フレームを安定させて角度調整しやすい,엔드피스 고정 및 조정 보조,프레임을 안정시켜 각도 조정이 쉬움,81600,KRW,,"カタログP.134,170,171,172",76-B_1.jpg,https://www.san-nishimura.co.jp/product/item/?key_word=76-B
76-1,No.76ヤットコ先プラスチック(1組中1ヶ分),No.76플라이어플라스틱 팁스틱(1 중1),ヤットコ先端交換・保護,調整時のキズを抑えやすい,플라이어 팁 교체 및 보호,조정 중 흠집을 줄이기 쉬움,6900,KRW,1組,,,https://www.san-nishimura.co.jp/product/item/?key_word=76-1
77,"ヤットコ[77,69-L,230-L,172-2-L]兼用","플라이어[77,69-L,230-L,172-2-L]",ネジつかみ・丁番補修,小さなネジを安定して保持しやすい,나사 잡기 및 힌지 보수,작은 나사를 안정적으로 잡기 쉬움,61200,KRW,,"カタログP.144,232,233,235",77_1.jpg,https://www.san-nishimura.co.jp/product/item/?key_word=77
83-91,箱蝶小G 17×9,박스형 코받침소G 17×9,鼻パッド交換・調整,当たりと掛け心地を整えやすい,코패드 교체 및 조정,맞닿는 느낌과 착용감을 조정하기 쉬움,5100,KRW,4組,"カタログP.10,11,20,21,172",83-91_1.jpg,https://www.san-nishimura.co.jp/product/item/?key_word=83-91
83-91A,箱蝶小G 17×9 (100組入),박스형 코받침소G 17×9 (100 입),鼻パッド交換・調整,当たりと掛け心地を整えやすい,코패드 교체 및 조정,맞닿는 느낌과 착용감을 조정하기 쉬움,116300,KRW,100組,,,https://www.san-nishimura.co.jp/product/item/?key_word=83-91A
83-91B,箱蝶小G 17×9 (300組入),박스형 코받침소G 17×9 (300 입),鼻パッド交換・調整,当たりと掛け心地を整えやすい,코패드 교체 및 조정,맞닿는 느낌과 착용감을 조정하기 쉬움,333500,KRW,300組,,,https://www.san-nishimura.co.jp/product/item/?key_word=83-91B
83-91S,箱蝶小G 17×9 (50組入),박스형 코받침소G 17×9 (50 입),鼻パッド交換・調整,当たりと掛け心地を整えやすい,코패드 교체 및 조정,맞닿는 느낌과 착용감을 조정하기 쉬움,59500,KRW,50組,,,https://www.san-nishimura.co.jp/product/item/?key_word=83-91S
83-92,箱蝶小W 17×9,박스형 코받침소W 17×9,鼻パッド交換・調整,当たりと掛け心地を整えやすい,코패드 교체 및 조정,맞닿는 느낌과 착용감을 조정하기 쉬움,5100,KRW,4組,"カタログP.10,11,20,21,172",83-92_1.jpg,https://www.san-nishimura.co.jp/product/item/?key_word=83-92
83-92A,箱蝶小W17×9 (100組入),박스형 코받침소W17×9 (100 입),鼻パッド交換・調整,当たりと掛け心地を整えやすい,코패드 교체 및 조정,맞닿는 느낌과 착용감을 조정하기 쉬움,116300,KRW,100組,,,https://www.san-nishimura.co.jp/product/item/?key_word=83-92A
83-92B,箱蝶小W17×9 (300組入),박스형 코받침소W17×9 (300 입),鼻パッド交換・調整,当たりと掛け心地を整えやすい,코패드 교체 및 조정,맞닿는 느낌과 착용감을 조정하기 쉬움,333500,KRW,300組,,,https://www.san-nishimura.co.jp/product/item/?key_word=83-92B
83-92S,箱蝶小W17×9 (50組入),박스형 코받침소W17×9 (50 입),鼻パッド交換・調整,当たりと掛け心地を整えやすい,코패드 교체 및 조정,맞닿는 느낌과 착용감을 조정하기 쉬움,59500,KRW,50組,,,https://www.san-nishimura.co.jp/product/item/?key_word=83-92S
83-93,箱蝶大G 19×9,박스형 코받침대G 19×9,鼻パッド交換・調整,当たりと掛け心地を整えやすい,코패드 교체 및 조정,맞닿는 느낌과 착용감을 조정하기 쉬움,5100,KRW,4組,"カタログP.10,11,20,21",83-93_1.jpg,https://www.san-nishimura.co.jp/product/item/?key_word=83-93
83-93A,箱蝶大G 19×9 (100組入),박스형 코받침대G 19×9 (100 입),鼻パッド交換・調整,当たりと掛け心地を整えやすい,코패드 교체 및 조정,맞닿는 느낌과 착용감을 조정하기 쉬움,116300,KRW,100組,,,https://www.san-nishimura.co.jp/product/item/?key_word=83-93A
83-93B,箱蝶大G 19×9 (300組入),박스형 코받침대G 19×9 (300 입),鼻パッド交換・調整,当たりと掛け心地を整えやすい,코패드 교체 및 조정,맞닿는 느낌과 착용감을 조정하기 쉬움,333500,KRW,300組,,,https://www.san-nishimura.co.jp/product/item/?key_word=83-93B
83-93S,箱蝶大G 19×9 (50組入),박스형 코받침대G 19×9 (50 입),鼻パッド交換・調整,当たりと掛け心地を整えやすい,코패드 교체 및 조정,맞닿는 느낌과 착용감을 조정하기 쉬움,59500,KRW,50組,,,https://www.san-nishimura.co.jp/product/item/?key_word=83-93S
83-94,箱蝶大W 19×9,박스형 코받침대W 19×9,鼻パッド交換・調整,当たりと掛け心地を整えやすい,코패드 교체 및 조정,맞닿는 느낌과 착용감을 조정하기 쉬움,5100,KRW,4組,"カタログP.10,11,20,21",83-94_1.jpg,https://www.san-nishimura.co.jp/product/item/?key_word=83-94
83-94A,箱蝶大W19×9 (100組入),박스형 코받침대W19×9 (100 입),鼻パッド交換・調整,当たりと掛け心地を整えやすい,코패드 교체 및 조정,맞닿는 느낌과 착용감을 조정하기 쉬움,116300,KRW,100組,,,https://www.san-nishimura.co.jp/product/item/?key_word=83-94A
83-94B,箱蝶大W19×9 (300組入),박스형 코받침대W19×9 (300 입),鼻パッド交換・調整,当たりと掛け心地を整えやすい,코패드 교체 및 조정,맞닿는 느낌과 착용감을 조정하기 쉬움,333500,KRW,300組,,,https://www.san-nishimura.co.jp/product/item/?key_word=83-94B
83-94S,箱蝶大W19×9 (50組入),박스형 코받침대W19×9 (50 입),鼻パッド交換・調整,当たりと掛け心地を整えやすい,코패드 교체 및 조정,맞닿는 느낌과 착용감을 조정하기 쉬움,59500,KRW,50組,,,https://www.san-nishimura.co.jp/product/item/?key_word=83-94S
83-101,箱蝶シリコン小G 17×8,박스형 코받침실리콘소G 17×8,鼻パッド交換・調整,当たりと掛け心地を整えやすい,코패드 교체 및 조정,맞닿는 느낌과 착용감을 조정하기 쉬움,5100,KRW,2組,"カタログP.6,7,20,21",83-101_1.jpg,https://www.san-nishimura.co.jp/product/item/?key_word=83-101
83-101A,箱蝶シリコンパットG小(100組入),박스형 코받침실리콘코받침G소(100 입),鼻パッド交換・調整,当たりと掛け心地を整えやすい,코패드 교체 및 조정,맞닿는 느낌과 착용감을 조정하기 쉬움,178500,KRW,100組,,,https://www.san-nishimura.co.jp/product/item/?key_word=83-101A
83-101B,箱蝶シリコンパットG小(300組入),박스형 코받침실리콘코받침G소(300 입),鼻パッド交換・調整,当たりと掛け心地を整えやすい,코패드 교체 및 조정,맞닿는 느낌과 착용감을 조정하기 쉬움,517500,KRW,300組,,,https://www.san-nishimura.co.jp/product/item/?key_word=83-101B
83-101S,箱蝶シリコンパットG小(50組入),박스형 코받침실리콘코받침G소(50 입),鼻パッド交換・調整,当たりと掛け心地を整えやすい,코패드 교체 및 조정,맞닿는 느낌과 착용감을 조정하기 쉬움,91300,KRW,50組,,,https://www.san-nishimura.co.jp/product/item/?key_word=83-101S
83-102,箱蝶シリコン小W 17×8,박스형 코받침실리콘소W 17×8,鼻パッド交換・調整,当たりと掛け心地を整えやすい,코패드 교체 및 조정,맞닿는 느낌과 착용감을 조정하기 쉬움,5100,KRW,2組,"カタログP.6,7,20,21",83-102_1.jpg,https://www.san-nishimura.co.jp/product/item/?key_word=83-102
83-102A,箱蝶シリコンパットW小(100組入),박스형 코받침실리콘코받침W소(100 입),鼻パッド交換・調整,当たりと掛け心地を整えやすい,코패드 교체 및 조정,맞닿는 느낌과 착용감을 조정하기 쉬움,178500,KRW,100組,,,https://www.san-nishimura.co.jp/product/item/?key_word=83-102A
83-102B,箱蝶シリコンパットW小(300組入),박스형 코받침실리콘코받침W소(300 입),鼻パッド交換・調整,当たりと掛け心地を整えやすい,코패드 교체 및 조정,맞닿는 느낌과 착용감을 조정하기 쉬움,517500,KRW,300組,,,https://www.san-nishimura.co.jp/product/item/?key_word=83-102B
83-102S,箱蝶シリコン小W 17×8(50組入),박스형 코받침실리콘소W 17×8(50 입),鼻パッド交換・調整,当たりと掛け心地を整えやすい,코패드 교체 및 조정,맞닿는 느낌과 착용감을 조정하기 쉬움,91300,KRW,50組,,,https://www.san-nishimura.co.jp/product/item/?key_word=83-102S
83-103,箱蝶G 19×9,박스형 코받침G 19×9,鼻パッド交換・調整,当たりと掛け心地を整えやすい,코패드 교체 및 조정,맞닿는 느낌과 착용감을 조정하기 쉬움,5100,KRW,3組,"カタログP.10,11,20,21",83-103_1.jpg,https://www.san-nishimura.co.jp/product/item/?key_word=83-103
83-104,箱蝶W 19×9,박스형 코받침W 19×9,鼻パッド交換・調整,当たりと掛け心地を整えやすい,코패드 교체 및 조정,맞닿는 느낌과 착용감을 조정하기 쉬움,5100,KRW,3組,"カタログP.10,11,20,21",83-104_1.jpg,https://www.san-nishimura.co.jp/product/item/?key_word=83-104
83-105,箱蝶亀甲色小G 17×8,박스형 코받침 소G 17×8,鼻パッド交換・調整,当たりと掛け心地を整えやすい,코패드 교체 및 조정,맞닿는 느낌과 착용감을 조정하기 쉬움,5100,KRW,2組,"カタログP.10,11,20,21",83-105_1.jpg,https://www.san-nishimura.co.jp/product/item/?key_word=83-105
83-106,箱蝶亀甲色大G 18×8,박스형 코받침 대G 18×8,鼻パッド交換・調整,当たりと掛け心地を整えやすい,코패드 교체 및 조정,맞닿는 느낌과 착용감을 조정하기 쉬움,5100,KRW,2組,"カタログP.10,11,20,21",83-106_1.jpg,https://www.san-nishimura.co.jp/product/item/?key_word=83-106
93N,歪度計(LED照明付)ブラック,(LED 포함)블랙,検査・測定,状態確認と加工判断をしやすい,검사 및 측정,상태 확인과 가공 판단이 쉬움,612000,KRW,,カタログP.177,93N_1.jpg,https://www.san-nishimura.co.jp/product/item/%e6%ad%aa%e5%ba%a6%e8%a8%88led%e7%85%a7%e6%98%8e%e4%bb%98/
95,吸塵バフモーター,버프 모터,レンズ・フレーム加工,加工精度や仕上がりをそろえやすい,렌즈 및 프레임 가공,가공 정밀도와 마감을 일정하게 하기 쉬움,2873000,KRW,,"カタログP.218,219,220,222",95_1.jpg,https://www.san-nishimura.co.jp/product/item/?key_word=95
95-14,バフモーター用スパナ,버프 모터,レンズ・フレーム加工,加工精度や仕上がりをそろえやすい,렌즈 및 프레임 가공,가공 정밀도와 마감을 일정하게 하기 쉬움,9800,KRW,,カタログP.220,95-14_1.jpg,https://www.san-nishimura.co.jp/product/item/?key_word=95-14
95-D,緑棒メタル用(極細),메탈 (얇은),研磨・艶出し,キズやくすみを整えやすい,연마 및 광택 마감,흠집과 칙칙함을 정돈하기 쉬움,35700,KRW,,"カタログP.209,222,223",95-D_1.jpg,https://www.san-nishimura.co.jp/product/item/%e7%b7%91%e6%a3%92/
95-E,フィルター,필터,機器部品交換・補修,機器を使い続けやすい,장비 부품 교체 및 보수,장비를 계속 사용하기 쉬움,161500,KRW,,カタログP.218,95-E_1.jpg,https://www.san-nishimura.co.jp/product/item/?key_word=95-E
95-J,バフ布荒用150mm(2枚入り),버프 150mm(2 입),研磨・艶出し,キズやくすみを整えやすい,연마 및 광택 마감,흠집과 칙칙함을 정돈하기 쉬움,71400,KRW,2枚,カタログP.222,95-J_1.jpg,https://www.san-nishimura.co.jp/product/item/%e3%83%90%e3%83%95%e5%b8%83%e8%8d%92%e7%94%a8/
95-L,フェルトバフ100mm,버프100mm,研磨・艶出し,キズやくすみを整えやすい,연마 및 광택 마감,흠집과 칙칙함을 정돈하기 쉬움,25500,KRW,,カタログP.222,95-L_1.jpg,https://www.san-nishimura.co.jp/product/item/%e3%83%95%e3%82%a7%e3%83%ab%e3%83%88%e3%83%90%e3%83%95/
95-R,"茶棒セル,ベッコウ用","셀,",研磨・艶出し,キズやくすみを整えやすい,연마 및 광택 마감,흠집과 칙칙함을 정돈하기 쉬움,23500,KRW,,カタログP.223,95-R_1.jpg,https://www.san-nishimura.co.jp/product/item/%e8%8c%b6%e6%a3%92/
95-T,バフ掻き,버프,研磨・艶出し,キズやくすみを整えやすい,연마 및 광택 마감,흠집과 칙칙함을 정돈하기 쉬움,37100,KRW,,"カタログP.220,223",95-T_1.jpg,https://www.san-nishimura.co.jp/product/item/%e3%83%90%e3%83%95%e6%8e%bb%e3%81%8d/
95-U,"バフ布セル用U[No.95,694,758,989兼用]","버프 셀 U[No.95,694,758,989 ]",研磨・艶出し,キズやくすみを整えやすい,연마 및 광택 마감,흠집과 칙칙함을 정돈하기 쉬움,50800,KRW,,"カタログP.218,219,222",95-U_1.jpg,https://www.san-nishimura.co.jp/product/item/%e3%83%90%e3%83%95%e5%b8%83%e3%82%bb%e3%83%ab%e7%94%a8/
95-V,"バフ布メタル用V[No.95,694,758,989兼用]","버프 메탈 V[No.95,694,758,989 ]",研磨・艶出し,キズやくすみを整えやすい,연마 및 광택 마감,흠집과 칙칙함을 정돈하기 쉬움,50800,KRW,,"カタログP.218,219,222",95-V_1.jpg,https://www.san-nishimura.co.jp/product/item/%e3%83%90%e3%83%95%e5%b8%83%e3%83%a1%e3%82%bf%e3%83%ab%e7%94%a8/
95-W,バフ布セル用150mm(2枚入り),버프 셀 150mm(2 입),研磨・艶出し,キズやくすみを整えやすい,연마 및 광택 마감,흠집과 칙칙함을 정돈하기 쉬움,50800,KRW,2枚,カタログP.222,95-W_1.jpg,https://www.san-nishimura.co.jp/product/item/%e3%83%90%e3%83%95%e5%b8%83%e3%82%bb%e3%83%ab%e7%94%a8%e3%82%bd%e3%83%95%e3%83%88/
95-X,バフ布メタル用150mm(2枚入り),버프 메탈 150mm(2 입),研磨・艶出し,キズやくすみを整えやすい,연마 및 광택 마감,흠집과 칙칙함을 정돈하기 쉬움,48900,KRW,2枚,カタログP.222,95-X_1.jpg,https://www.san-nishimura.co.jp/product/item/%e3%83%90%e3%83%95%e5%b8%83%e3%83%a1%e3%82%bf%e3%83%ab%e7%94%a8%e3%82%bd%e3%83%95%e3%83%88/
95-Y,青棒 光沢剤入,입,研磨・艶出し,キズやくすみを整えやすい,연마 및 광택 마감,흠집과 칙칙함을 정돈하기 쉬움,31300,KRW,,カタログP.223,95-Y_1.jpg,https://www.san-nishimura.co.jp/product/item/%e9%9d%92%e6%a3%92%e5%85%89%e6%b2%a2%e5%89%a4%e5%85%a5%e3%82%8a/
104,平ヤットコ 先細・先曲がり,가는 곡선형 평 플라이어,クリングスの微調整,狭い隙間でも正確につかみやすい,클링스 미세 조정,좁은 틈에서도 정확히 잡기 쉬움,69700,KRW,,"カタログP.122,170,171,172",104_1.jpg,https://www.san-nishimura.co.jp/product/item/%E3%83%A4%E3%83%83%E3%83%88%E3%82%B3104/
104-P,プレミアムヤットコ 先細先平・先曲がり,프리미엄 가는 평 곡선형 플라이어,クリングス微調整,小さなパット足を正確につかみやすい,클링스 미세 조정,작은 패드 암을 정확히 잡기 쉬움,139400,KRW,,カタログP.122,104-P_1.jpg,https://www.san-nishimura.co.jp/product/item/%e3%83%97%e3%83%ac%e3%83%9f%e3%82%a2%e3%83%a0%e3%83%a4%e3%83%83%e3%83%88%e3%82%b3-104p/
108,ヤットコ,플라이어,フレーム調整・部品保持,狙った部分を安定してつかみやすい,프레임 조정 및 부품 고정,원하는 부분을 안정적으로 잡기 쉬움,59500,KRW,,カタログP.144,108_1.jpg,https://www.san-nishimura.co.jp/product/item/%e3%83%a4%e3%83%83%e3%83%88%e3%82%b3-108/
113,ヤスリセット(8本入),줄세트(8개),削り・仕上げ加工,細かな形状調整と面取りをしやすい,절삭 및 마감 가공,세밀한 형상 조정과 면취가 쉬움,135200,KRW,8本,カタログP.165,113_1.jpg,https://www.san-nishimura.co.jp/product/item/?key_word=113
114,ヤスリセット(10本入),줄세트(10개),削り・仕上げ加工,細かな形状調整と面取りをしやすい,절삭 및 마감 가공,세밀한 형상 조정과 면취가 쉬움,169800,KRW,10本,カタログP.165,114_1.jpg,https://www.san-nishimura.co.jp/product/item/?key_word=114
122,ヤスリ,줄,削り・仕上げ加工,細かな形状調整と面取りをしやすい,절삭 및 마감 가공,세밀한 형상 조정과 면취가 쉬움,35700,KRW,8本,カタログP.165,122_1.jpg,https://www.san-nishimura.co.jp/product/item/%e5%9e%8b%e6%9d%bf%e7%94%a8%e5%89%8a%e3%82%8a%e3%83%a4%e3%82%b9%e3%83%aa/
127-A,強力洗浄液(サンメガウォッシュハイパー),세척 (Mega),清掃・仕上げ,お渡し前の見た目を整えやすい,청소 및 최종 마감,전달 전 외관을 정돈하기 쉬움,32300,KRW,,カタログP.243,127-A_1.jpg,https://www.san-nishimura.co.jp/product/item/%e3%82%b5%e3%83%b3%e3%83%a1%e3%82%ac%e3%82%a6%e3%82%a9%e3%83%83%e3%82%b7%e3%83%a5%e3%83%8f%e3%82%a4%e3%83%91%e3%83%bc/
127-C,洗浄液(サンメガウォッシュ),세척 (Mega),清掃・仕上げ,お渡し前の見た目を整えやすい,청소 및 최종 마감,전달 전 외관을 정돈하기 쉬움,31500,KRW,,カタログP.243,127-C_1.jpg,https://www.san-nishimura.co.jp/product/item/%e3%82%b5%e3%83%b3%e3%83%a1%e3%82%ac%e3%82%a6%e3%82%a9%e3%83%83%e3%82%b7%e3%83%a5/
129-B,ヤットコ(プラスチック付),플라이어(플라스틱포함),ブリッジ角度調整,前面バランスを整えやすい,브리지 각도 조정,전면 밸런스를 맞추기 쉬움,125800,KRW,,カタログP.139,129-B_1.jpg,https://www.san-nishimura.co.jp/product/item/?key_word=129-B
129-1,No.129ヤットコ先プラスチック(赤),No.129플라이어플라스틱 팁스틱(),ヤットコ先端交換・保護,調整時のキズを抑えやすい,플라이어 팁 교체 및 보호,조정 중 흠집을 줄이기 쉬움,6300,KRW,2本,カタログP.139,129-1_1.jpg,https://www.san-nishimura.co.jp/product/item/?key_word=129-1
129-2,No.129用ヤットコ先ビニ-ル(透明),No.129 플라이어 - (투명),ヤットコ先端交換・保護,調整時のキズを抑えやすい,플라이어 팁 교체 및 보호,조정 중 흠집을 줄이기 쉬움,400,KRW,,カタログP.139,129-2_1.jpg,https://www.san-nishimura.co.jp/product/item/?key_word=129-2
130-B,ヤットコ,플라이어,テンプル角度・前傾角調整,掛け位置と視線バランスを整えやすい,템플 각도·전경각 조정,착용 위치와 시선 균형을 맞추기 쉬움,74800,KRW,,カタログP.134,130-B_1.jpg,https://www.san-nishimura.co.jp/product/item/%e3%83%a4%e3%83%83%e3%83%88%e3%82%b3130-b/
131-B,ヤットコ,플라이어,智固定・調整補助,フレームを安定させて角度調整しやすい,엔드피스 고정 및 조정 보조,프레임을 안정시켜 각도 조정이 쉬움,81600,KRW,,カタログP.132,,https://www.san-nishimura.co.jp/product/item/%e3%83%a4%e3%83%83%e3%83%88%e3%82%b3131/
135,ネジ頭切りヤスリ(ノコ歯),나사 줄(),ネジ交換・固定,ゆるみや紛失時に対応しやすい,나사 교체 및 고정,풀림이나 분실에 대응하기 쉬움,17600,KRW,,カタログP.158,135_1.jpg,https://www.san-nishimura.co.jp/product/item/%e3%83%8d%e3%82%b8%e9%a0%ad%e5%88%87%e3%82%8a%e3%83%a4%e3%82%b9%e3%83%aa%ef%bc%88%e3%83%8e%e3%82%b3%e6%ad%af%ef%bc%89/
137,(-)チェンジドライバーセット(3本入),(-)교체드라이버세트(3개),ネジ調整,日常修理をスムーズにしやすい,나사 조정,일상 수리를 원활하게 하기 쉬움,38100,KRW,3本,カタログP.155,137_1.jpg,https://www.san-nishimura.co.jp/product/item/?key_word=137
137-2,チェンジドライバー先丈(-)大2.5mm 50mm 795兼用,교체드라이버 (-)대2.5mm 50mm 795,ネジ調整,日常修理をスムーズにしやすい,나사 조정,일상 수리를 원활하게 하기 쉬움,7800,KRW,,カタログP.154,137-2_1.jpg,https://www.san-nishimura.co.jp/product/item/?key_word=137-2
137-3,チェンジドライバー先丈(-)中2.0mm 50mm 360・795兼用,교체드라이버 (-)중2.0mm 50mm 360 795,ネジ調整,日常修理をスムーズにしやすい,나사 조정,일상 수리를 원활하게 하기 쉬움,7800,KRW,,"カタログP.154,157",137-3_1.jpg,https://www.san-nishimura.co.jp/product/item/?key_word=137-3
137-4,チェンジドライバー先丈(-)小1.5mm 50mm 795兼用,교체드라이버 (-)소1.5mm 50mm 795,ネジ調整,日常修理をスムーズにしやすい,나사 조정,일상 수리를 원활하게 하기 쉬움,7800,KRW,,カタログP.154,137-4_1.jpg,https://www.san-nishimura.co.jp/product/item/?key_word=137-4
137-40,(-)チェンジドライバーセット(3本入),(-)교체드라이버세트(3개),ネジ調整,日常修理をスムーズにしやすい,나사 조정,일상 수리를 원활하게 하기 쉬움,38100,KRW,3本,カタログP.155,137-40_1.jpg,https://www.san-nishimura.co.jp/product/item/?key_word=137-40
137-40-2,チェンジドライバー先丈(-)大2.5mm 40mm,교체드라이버 (-)대2.5mm 40mm,ネジ調整,日常修理をスムーズにしやすい,나사 조정,일상 수리를 원활하게 하기 쉬움,7800,KRW,,カタログP.154,137-40-2_1.jpg,https://www.san-nishimura.co.jp/product/item/?key_word=137-40-2
137-40-3,チェンジドライバー先丈(-)中2.0mm 40mm,교체드라이버 (-)중2.0mm 40mm,ネジ調整,日常修理をスムーズにしやすい,나사 조정,일상 수리를 원활하게 하기 쉬움,7800,KRW,,カタログP.154,137-40-3_1.jpg,https://www.san-nishimura.co.jp/product/item/?key_word=137-40-3
137-40-4,チェンジドライバー先丈(-)小1.5mm 40mm,교체드라이버 (-)소1.5mm 40mm,ネジ調整,日常修理をスムーズにしやすい,나사 조정,일상 수리를 원활하게 하기 쉬움,7800,KRW,,カタログP.154,137-40-4_1.jpg,https://www.san-nishimura.co.jp/product/item/?key_word=137-40-4
138,(+)チェンジドライバーセット(2本入),(+)교체드라이버세트(2개),ネジ調整,日常修理をスムーズにしやすい,나사 조정,일상 수리를 원활하게 하기 쉬움,31300,KRW,2本,カタログP.155,138_1.jpg,https://www.san-nishimura.co.jp/product/item/?key_word=138
138S,(+)チェンジドライバーセット(3本入),(+)교체드라이버세트(3개),ネジ調整,日常修理をスムーズにしやすい,나사 조정,일상 수리를 원활하게 하기 쉬움,38100,KRW,3本,カタログP.155,138S_1.jpg,https://www.san-nishimura.co.jp/product/item/?key_word=138S
138-1,"チェンジドライバ-柄[No.137,138]兼用","교체 - [No.137,138]",ネジ調整,日常修理をスムーズにしやすい,나사 조정,일상 수리를 원활하게 하기 쉬움,23500,KRW,,カタログP.154,138-1_1.jpg,https://www.san-nishimura.co.jp/product/item/%e3%83%81%e3%82%a7%e3%83%b3%e3%82%b8%e3%83%89%e3%83%a9%e3%82%a4%e3%83%90%e3%83%bc%e3%80%80%e6%9f%84%e3%81%ae%e3%81%bf-2-2/
138-2,チェンジドライバー先丈(+)大2.5mm 50mm 794兼用,교체드라이버 (+)대2.5mm 50mm 794,ネジ調整,日常修理をスムーズにしやすい,나사 조정,일상 수리를 원활하게 하기 쉬움,7800,KRW,,カタログP.154,138-2_1.jpg,https://www.san-nishimura.co.jp/product/item/?key_word=138-2
138-4,チェンジドライバー先丈(+)小2.0mm 50mm 360・794兼用,교체드라이버 (+)소2.0mm 50mm 360 794,ネジ調整,日常修理をスムーズにしやすい,나사 조정,일상 수리를 원활하게 하기 쉬움,7800,KRW,,"カタログP.154,157",138-4_1.jpg,https://www.san-nishimura.co.jp/product/item/?key_word=138-4
138-5,チェンジドライバー先丈(+)極小1.5mm 50mm 794兼用,교체드라이버 (+)초소형1.5mm 50mm 794,ネジ調整,日常修理をスムーズにしやすい,나사 조정,일상 수리를 원활하게 하기 쉬움,7800,KRW,,カタログP.154,138-5_1.jpg,https://www.san-nishimura.co.jp/product/item/%e3%83%81%e3%82%a7%e3%83%b3%e3%82%b8%e3%83%89%e3%83%a9%e3%82%a4%e3%83%90%e3%83%bc%e5%85%8850mm/
138-40,(+)チェンジドライバーセット(2本入),(+)교체드라이버세트(2개),ネジ調整,日常修理をスムーズにしやすい,나사 조정,일상 수리를 원활하게 하기 쉬움,31300,KRW,2本,カタログP.155,138-40_1.jpg,https://www.san-nishimura.co.jp/product/item/?key_word=138-40
138S-40,(+)チェンジドライバーセット(3本入),(+)교체드라이버세트(3개),ネジ調整,日常修理をスムーズにしやすい,나사 조정,일상 수리를 원활하게 하기 쉬움,38100,KRW,3本,カタログP.155,138S-40_1.jpg,https://www.san-nishimura.co.jp/product/item/?key_word=138S-40
138-40-2,チェンジドライバー先丈(+)大2.5mm 40mm,교체드라이버 (+)대2.5mm 40mm,ネジ調整,日常修理をスムーズにしやすい,나사 조정,일상 수리를 원활하게 하기 쉬움,7800,KRW,,カタログP.154,138-40-2_1.jpg,https://www.san-nishimura.co.jp/product/item/?key_word=138-40-2
138-40-4,チェンジドライバー先丈(+)小2.0mm 40mm,교체드라이버 (+)소2.0mm 40mm,ネジ調整,日常修理をスムーズにしやすい,나사 조정,일상 수리를 원활하게 하기 쉬움,7800,KRW,,カタログP.154,138-40-4_1.jpg,https://www.san-nishimura.co.jp/product/item/?key_word=138-40-4
138-40-5,チェンジドライバー先丈(+)極小1.5mm 40mm,교체드라이버 (+)초소형1.5mm 40mm,ネジ調整,日常修理をスムーズにしやすい,나사 조정,일상 수리를 원활하게 하기 쉬움,7800,KRW,,カタログP.154,138-40-5_1.jpg,https://www.san-nishimura.co.jp/product/item/%e3%83%81%e3%82%a7%e3%83%b3%e3%82%b8%e3%83%89%e3%83%a9%e3%82%a4%e3%83%90%e3%83%bc%e3%80%80%e6%9f%84%e3%81%ae%e3%81%bf-3/
138-40-45,チェンジドライバー先(+)小小1.8mm40mm,교체드라이버 (+)소소1.8mm40mm,ネジ調整,日常修理をスムーズにしやすい,나사 조정,일상 수리를 원활하게 하기 쉬움,7800,KRW,,カタログP.154,138-40-45_1.jpg,https://www.san-nishimura.co.jp/product/item/?key_word=138-40-45
139-123,(-)ネジW 1.4×2.5,(-)나사W 1.4×2.5,ネジ交換・固定,ゆるみや紛失時に対応しやすい,나사 교체 및 고정,풀림이나 분실에 대응하기 쉬움,5100,KRW,36本,カタログP.43,139-123_1.jpg,https://www.san-nishimura.co.jp/product/item/?key_word=139-123
139-124,(-)ネジW 1.4×3.5,(-)나사W 1.4×3.5,ネジ交換・固定,ゆるみや紛失時に対応しやすい,나사 교체 및 고정,풀림이나 분실에 대응하기 쉬움,5100,KRW,36本,カタログP.43,139-124_1.jpg,https://www.san-nishimura.co.jp/product/item/?key_word=139-124
139-126,(-)ネジW 1.4×5.0,(-)나사W 1.4×5.0,ネジ交換・固定,ゆるみや紛失時に対応しやすい,나사 교체 및 고정,풀림이나 분실에 대응하기 쉬움,5100,KRW,36本,カタログP.43,139-126_1.jpg,https://www.san-nishimura.co.jp/product/item/?key_word=139-126
139-127,(-)ネジW 1.4×4.5,(-)나사W 1.4×4.5,ネジ交換・固定,ゆるみや紛失時に対応しやすい,나사 교체 및 고정,풀림이나 분실에 대응하기 쉬움,5100,KRW,36本,カタログP.43,139-127_1.jpg,https://www.san-nishimura.co.jp/product/item/?key_word=139-127
139-130,(-)ネジW 1.2×4.0,(-)나사W 1.2×4.0,ネジ交換・固定,ゆるみや紛失時に対応しやすい,나사 교체 및 고정,풀림이나 분실에 대응하기 쉬움,5100,KRW,36本,カタログP.43,139-130_1.jpg,https://www.san-nishimura.co.jp/product/item/?key_word=139-130
139-132,(-)ネジW 1.0×4.0,(-)나사W 1.0×4.0,ネジ交換・固定,ゆるみや紛失時に対応しやすい,나사 교체 및 고정,풀림이나 분실에 대응하기 쉬움,5100,KRW,36本,カタログP.43,139-132_1.jpg,https://www.san-nishimura.co.jp/product/item/?key_word=139-132
139-133,(-)ネジW 1.4×3.0,(-)나사W 1.4×3.0,ネジ交換・固定,ゆるみや紛失時に対応しやすい,나사 교체 및 고정,풀림이나 분실에 대응하기 쉬움,5100,KRW,36本,カタログP.43,139-133_1.jpg,https://www.san-nishimura.co.jp/product/item/?key_word=139-133
139-136,(-)ネジW 1.7×5.0,(-)나사W 1.7×5.0,ネジ交換・固定,ゆるみや紛失時に対応しやすい,나사 교체 및 고정,풀림이나 분실에 대응하기 쉬움,5100,KRW,36本,カタログP.43,139-136_1.jpg,https://www.san-nishimura.co.jp/product/item/?key_word=139-136
139-137,(-)ネジW 1.4×4.5,(-)나사W 1.4×4.5,ネジ交換・固定,ゆるみや紛失時に対応しやすい,나사 교체 및 고정,풀림이나 분실에 대응하기 쉬움,5100,KRW,36本,カタログP.43,139-137_1.jpg,https://www.san-nishimura.co.jp/product/item/?key_word=139-137
139-138,(-)ネジW 1.7×6.0,(-)나사W 1.7×6.0,ネジ交換・固定,ゆるみや紛失時に対応しやすい,나사 교체 및 고정,풀림이나 분실에 대응하기 쉬움,5100,KRW,36本,カタログP.43,139-138_1.jpg,https://www.san-nishimura.co.jp/product/item/?key_word=139-138
139-139,(-)ネジW 1.4×4.0,(-)나사W 1.4×4.0,ネジ交換・固定,ゆるみや紛失時に対応しやすい,나사 교체 및 고정,풀림이나 분실에 대응하기 쉬움,5100,KRW,36本,カタログP.43,139-139_1.jpg,https://www.san-nishimura.co.jp/product/item/?key_word=139-139
139-140,(-)ネジW 1.7×7.5,(-)나사W 1.7×7.5,ネジ交換・固定,ゆるみや紛失時に対応しやすい,나사 교체 및 고정,풀림이나 분실에 대응하기 쉬움,5100,KRW,36本,カタログP.43,139-140_1.jpg,https://www.san-nishimura.co.jp/product/item/?key_word=139-140
141-141-2,溝セル(太),셀(굵은),ナイロール・溝まわり調整,レンズ保持を安定させやすい,나일론 림·홈 주변 조정,렌즈 고정을 안정시키기 쉬움,5100,KRW,6本,"カタログP.59,265",141-141-2_1.jpg,https://www.san-nishimura.co.jp/product/item/?key_word=141-141-2
141-141-4,溝セル(細),셀(얇은),ナイロール・溝まわり調整,レンズ保持を安定させやすい,나일론 림·홈 주변 조정,렌즈 고정을 안정시키기 쉬움,5100,KRW,6本,"カタログP.59,265",141-141-4_1.jpg,https://www.san-nishimura.co.jp/product/item/%e6%ba%9d%e3%82%bb%e3%83%ab/
141-150,鼻盛パット 19×8,코받침 보강 패드코받침 19×8,鼻盛り・掛け位置調整,低い鼻当てでも掛け位置を整えやすい,코받침 보정 및 착용 위치 조정,낮은 코받침도 착용 위치를 맞추기 쉬움,5100,KRW,2組,"カタログP.26,27,230",141-150_1.jpg,https://www.san-nishimura.co.jp/product/item/?key_word=141-150
141-151,鼻盛パット 22×9,코받침 보강 패드코받침 22×9,鼻盛り・掛け位置調整,低い鼻当てでも掛け位置を整えやすい,코받침 보정 및 착용 위치 조정,낮은 코받침도 착용 위치를 맞추기 쉬움,5100,KRW,2組,"カタログP.26,27,230",141-151_1.jpg,https://www.san-nishimura.co.jp/product/item/?key_word=141-151
141-155-BE,モダンCP丸芯1.75×65 ベージュ,팁CP원형 코어1.75×65 베이지,モダン交換,耳まわりの掛け心地と見た目を整えやすい,모던 교체,귀 주변 착용감과 외관을 정돈하기 쉬움,5100,KRW,,,141-155-BE_1.jpg,https://www.san-nishimura.co.jp/product/item/?key_word=141-155-BE
141-155-BK,モダンCP丸芯1.75×65 ブラック,팁CP원형 코어1.75×65 블랙,モダン交換,耳まわりの掛け心地と見た目を整えやすい,모던 교체,귀 주변 착용감과 외관을 정돈하기 쉬움,5100,KRW,,,141-155-BK_1.jpg,https://www.san-nishimura.co.jp/product/item/?key_word=141-155-BK
141-155-BR,モダンCP丸芯1.75×65 ブラウン,팁CP원형 코어1.75×65 브라운,モダン交換,耳まわりの掛け心地と見た目を整えやすい,모던 교체,귀 주변 착용감과 외관을 정돈하기 쉬움,5100,KRW,,,141-155-BR_1.jpg,https://www.san-nishimura.co.jp/product/item/?key_word=141-155-BR
141-155-CBR,モダンCP丸芯1.75×65 クリアブラウン,팁CP원형 코어1.75×65 클리어 브라운,モダン交換,耳まわりの掛け心地と見た目を整えやすい,모던 교체,귀 주변 착용감과 외관을 정돈하기 쉬움,5100,KRW,,,141-155-CBR_1.jpg,https://www.san-nishimura.co.jp/product/item/?key_word=141-155-CBR
141-155-CL,モダンCP丸芯1.75×65 クリアー,팁CP원형 코어1.75×65 클리어,モダン交換,耳まわりの掛け心地と見た目を整えやすい,모던 교체,귀 주변 착용감과 외관을 정돈하기 쉬움,5100,KRW,,,141-155-CL_1.jpg,https://www.san-nishimura.co.jp/product/item/?key_word=141-155-CL
141-155-DM,モダンCP丸芯1.75×65 デミアンバー,팁CP원형 코어1.75×65 데미 앰버,モダン交換,耳まわりの掛け心地と見た目を整えやすい,모던 교체,귀 주변 착용감과 외관을 정돈하기 쉬움,5100,KRW,,,141-155-DM_1.jpg,https://www.san-nishimura.co.jp/product/item/?key_word=141-155-DM
141-155-R,モダンCP丸芯1.75×65 エンジ,팁CP원형 코어1.75×65,モダン交換,耳まわりの掛け心地と見た目を整えやすい,모던 교체,귀 주변 착용감과 외관을 정돈하기 쉬움,5100,KRW,,,141-155-R_1.jpg,https://www.san-nishimura.co.jp/product/item/?key_word=141-155-R
141-155-WN,モダンCP丸芯1.75×65 ワイン,팁CP원형 코어1.75×65 와인,モダン交換,耳まわりの掛け心地と見た目を整えやすい,모던 교체,귀 주변 착용감과 외관을 정돈하기 쉬움,5100,KRW,,,141-155-WN_1.jpg,https://www.san-nishimura.co.jp/product/item/?key_word=141-155-WN
141-155-YE,モダンCP丸芯1.75×65 ランコー,팁CP원형 코어1.75×65,モダン交換,耳まわりの掛け心地と見た目を整えやすい,모던 교체,귀 주변 착용감과 외관을 정돈하기 쉬움,5100,KRW,,,141-155-YE_1.jpg,https://www.san-nishimura.co.jp/product/item/?key_word=141-155-YE
141-156,鼻盛パット 19×8,코받침 보강 패드코받침 19×8,鼻盛り・掛け位置調整,低い鼻当てでも掛け位置を整えやすい,코받침 보정 및 착용 위치 조정,낮은 코받침도 착용 위치를 맞추기 쉬움,5100,KRW,2組,"カタログP.26,27,230",141-156_1.jpg,https://www.san-nishimura.co.jp/product/item/?key_word=141-156
141-157,鼻盛パット 22×9,코받침 보강 패드코받침 22×9,鼻盛り・掛け位置調整,低い鼻当てでも掛け位置を整えやすい,코받침 보정 및 착용 위치 조정,낮은 코받침도 착용 위치를 맞추기 쉬움,5100,KRW,2組,"カタログP.26,27,230",141-157_1.jpg,https://www.san-nishimura.co.jp/product/item/?key_word=141-157
141-158,チタン用箱足G,티타늄 G,丁番・テンプル開閉部の補修,開閉の動きやガタつきを整えやすい,힌지 및 템플 개폐부 보수,개폐 움직임과 흔들림을 정돈하기 쉬움,5100,KRW,,カタログP.56,141-158_1.jpg,https://www.san-nishimura.co.jp/product/item/?key_word=141-158
141-159,チタン用箱足G,티타늄 G,丁番・テンプル開閉部の補修,開閉の動きやガタつきを整えやすい,힌지 및 템플 개폐부 보수,개폐 움직임과 흔들림을 정돈하기 쉬움,5100,KRW,,カタログP.56,141-159_1.jpg,https://www.san-nishimura.co.jp/product/item/?key_word=141-159
141-160,チタン用箱足G,티타늄 G,丁番・テンプル開閉部の補修,開閉の動きやガタつきを整えやすい,힌지 및 템플 개폐부 보수,개폐 움직임과 흔들림을 정돈하기 쉬움,5100,KRW,,カタログP.56,141-160_1.jpg,https://www.san-nishimura.co.jp/product/item/?key_word=141-160
141-163,ナイロンワッシャ2.8×0.5×1.45,나일론 와셔2.8×0.5×1.45,固定補助,当たりやガタつきを抑えやすい,고정 보조,닿는 손상과 흔들림을 줄이기 쉬움,5100,KRW,33ヶ,"カタログP.51,159",141-163_1.jpg,https://www.san-nishimura.co.jp/product/item/?key_word=141-163
141-163A,ナイロンワッシャ(100個入),나일론 와셔(100개),固定補助,当たりやガタつきを抑えやすい,고정 보조,닿는 손상과 흔들림을 줄이기 쉬움,12800,KRW,100個,,,https://www.san-nishimura.co.jp/product/item/?key_word=141-163A
141-163B,ナイロンワッシャ(300個入),나일론 와셔(300개),固定補助,当たりやガタつきを抑えやすい,고정 보조,닿는 손상과 흔들림을 줄이기 쉬움,31800,KRW,300個,,,https://www.san-nishimura.co.jp/product/item/?key_word=141-163B
141-163C,ナイロンワッシャ(1000個入),나일론 와셔(1000개),固定補助,当たりやガタつきを抑えやすい,고정 보조,닿는 손상과 흔들림을 줄이기 쉬움,98600,KRW,1000個,,,https://www.san-nishimura.co.jp/product/item/?key_word=141-163C
141-165,ナイロン段付ワッシャ1.8×3.0×1.4,나일론 포함와셔1.8×3.0×1.4,固定補助,当たりやガタつきを抑えやすい,고정 보조,닿는 손상과 흔들림을 줄이기 쉬움,5100,KRW,16ヶ,カタログP.51,141-165_1.jpg,https://www.san-nishimura.co.jp/product/item/?key_word=141-165
141-165A,ナイロン段付ワッシャ(100個入),나일론 포함와셔(100개),固定補助,当たりやガタつきを抑えやすい,고정 보조,닿는 손상과 흔들림을 줄이기 쉬움,25800,KRW,100個,,,https://www.san-nishimura.co.jp/product/item/?key_word=141-165A
141-165B,ナイロン段付ワッシャ(300個入),나일론 포함와셔(300개),固定補助,当たりやガタつきを抑えやすい,고정 보조,닿는 손상과 흔들림을 줄이기 쉬움,62100,KRW,300個,,,https://www.san-nishimura.co.jp/product/item/?key_word=141-165B
141-165C,ナイロン段付ワッシャ(1000個入),나일론 포함와셔(1000개),固定補助,当たりやガタつきを抑えやすい,고정 보조,닿는 손상과 흔들림을 줄이기 쉬움,198900,KRW,1000個,,,https://www.san-nishimura.co.jp/product/item/?key_word=141-165C
141-166,底付ナットG 1.4×2.6×2.0,포함너트G 1.4×2.6×2.0,ナット固定・交換,ガタつきを抑えて仕上がりを安定させやすい,너트 고정 및 교체,흔들림을 줄이고 마감을 안정시키기 쉬움,5100,KRW,14ヶ,カタログP.49,141-166_1.jpg,https://www.san-nishimura.co.jp/product/item/?key_word=141-166
141-167-B,モダンCP丸芯1.65×80 ブルー,팁CP원형 코어1.65×80 블루,モダン交換,耳まわりの掛け心地と見た目を整えやすい,모던 교체,귀 주변 착용감과 외관을 정돈하기 쉬움,5100,KRW,,,141-167-B_1.jpg,https://www.san-nishimura.co.jp/product/item/?key_word=141-167-B
141-167-BK,モダンCP丸芯1.65×80 ブラック,팁CP원형 코어1.65×80 블랙,モダン交換,耳まわりの掛け心地と見た目を整えやすい,모던 교체,귀 주변 착용감과 외관을 정돈하기 쉬움,5100,KRW,,,141-167-BK_1.jpg,https://www.san-nishimura.co.jp/product/item/?key_word=141-167-BK
141-167-BP,モダンCP丸芯1.65×80 ベージュパール,팁CP원형 코어1.65×80 베이지,モダン交換,耳まわりの掛け心地と見た目を整えやすい,모던 교체,귀 주변 착용감과 외관을 정돈하기 쉬움,5100,KRW,,,141-167-BP_1.jpg,https://www.san-nishimura.co.jp/product/item/?key_word=141-167-BP
141-167-CBR,モダンCP丸芯1.65×80 クリアブラウン,팁CP원형 코어1.65×80 클리어 브라운,モダン交換,耳まわりの掛け心地と見た目を整えやすい,모던 교체,귀 주변 착용감과 외관을 정돈하기 쉬움,5100,KRW,,,141-167-CBR_1.jpg,https://www.san-nishimura.co.jp/product/item/?key_word=141-167-CBR
141-167-CL,モダンCP丸芯1.65×80 クリアー,팁CP원형 코어1.65×80 클리어,モダン交換,耳まわりの掛け心地と見た目を整えやすい,모던 교체,귀 주변 착용감과 외관을 정돈하기 쉬움,5100,KRW,,,141-167-CL_1.jpg,https://www.san-nishimura.co.jp/product/item/?key_word=141-167-CL
141-167-DM,モダンCP丸芯1.65×80 デミアンバー,팁CP원형 코어1.65×80 데미 앰버,モダン交換,耳まわりの掛け心地と見た目を整えやすい,모던 교체,귀 주변 착용감과 외관을 정돈하기 쉬움,5100,KRW,,,141-167-DM_1.jpg,https://www.san-nishimura.co.jp/product/item/?key_word=141-167-DM
141-167-R,モダンCP丸芯1.65×80 エンジ,팁CP원형 코어1.65×80,モダン交換,耳まわりの掛け心地と見た目を整えやすい,모던 교체,귀 주변 착용감과 외관을 정돈하기 쉬움,5100,KRW,,,141-167-R_1.jpg,https://www.san-nishimura.co.jp/product/item/?key_word=141-167-R
141-169,金属ワッシャG 2.5×0.5×1.45,금속 와셔G 2.5×0.5×1.45,固定補助,当たりやガタつきを抑えやすい,고정 보조,닿는 손상과 흔들림을 줄이기 쉬움,5100,KRW,16ヶ,カタログP.51,141-169_1.jpg,https://www.san-nishimura.co.jp/product/item/?key_word=141-169
141-169A,金属ワッシャG(100個入),금속 와셔G(100개),固定補助,当たりやガタつきを抑えやすい,고정 보조,닿는 손상과 흔들림을 줄이기 쉬움,25800,KRW,100個,,,https://www.san-nishimura.co.jp/product/item/?key_word=141-169A
141-169B,金属ワッシャG(300個入),금속 와셔G(300개),固定補助,当たりやガタつきを抑えやすい,고정 보조,닿는 손상과 흔들림을 줄이기 쉬움,72300,KRW,300個,,,https://www.san-nishimura.co.jp/product/item/?key_word=141-169B
141-170,金属ワッシャG 2.8×0.3×1.45,금속 와셔G 2.8×0.3×1.45,固定補助,当たりやガタつきを抑えやすい,고정 보조,닿는 손상과 흔들림을 줄이기 쉬움,5100,KRW,,カタログP.51,141-170_1.jpg,https://www.san-nishimura.co.jp/product/item/?key_word=141-170
141-170A,金属ワッシャG(100個入),금속 와셔G(100개),固定補助,当たりやガタつきを抑えやすい,고정 보조,닿는 손상과 흔들림을 줄이기 쉬움,25800,KRW,100個,,,https://www.san-nishimura.co.jp/product/item/?key_word=141-170A
141-170B,金属ワッシャG(300個入),금속 와셔G(300개),固定補助,当たりやガタつきを抑えやすい,고정 보조,닿는 손상과 흔들림을 줄이기 쉬움,72300,KRW,300個,,,https://www.san-nishimura.co.jp/product/item/?key_word=141-170B
141-170C,金属ワッシャG(1000個入),금속 와셔G(1000개),固定補助,当たりやガタつきを抑えやすい,고정 보조,닿는 손상과 흔들림을 줄이기 쉬움,223600,KRW,1000個,,,https://www.san-nishimura.co.jp/product/item/?key_word=141-170C
141-171,金属ワッシャG 3.5×0.5×1.5,금속 와셔G 3.5×0.5×1.5,固定補助,当たりやガタつきを抑えやすい,고정 보조,닿는 손상과 흔들림을 줄이기 쉬움,5100,KRW,16ヶ,カタログP.51,141-171_1.jpg,https://www.san-nishimura.co.jp/product/item/?key_word=141-171
141-171A,金属ワッシャG 3.5×0.5×1.5(100個入),금속 와셔G 3.5×0.5×1.5(100개),固定補助,当たりやガタつきを抑えやすい,고정 보조,닿는 손상과 흔들림을 줄이기 쉬움,25800,KRW,100個,,,https://www.san-nishimura.co.jp/product/item/?key_word=141-171A
141-171B,金属ワッシャG 3.5×0.5×1.5(300個入),금속 와셔G 3.5×0.5×1.5(300개),固定補助,当たりやガタつきを抑えやすい,고정 보조,닿는 손상과 흔들림을 줄이기 쉬움,72300,KRW,300個,,,https://www.san-nishimura.co.jp/product/item/?key_word=141-171B
141-171C,金属ワッシャG 3.5×0.5×1.5(1000個入),금속 와셔G 3.5×0.5×1.5(1000개),固定補助,当たりやガタつきを抑えやすい,고정 보조,닿는 손상과 흔들림을 줄이기 쉬움,223600,KRW,1000個,,,https://www.san-nishimura.co.jp/product/item/?key_word=141-171C
141-172,丁番段付座金W 3.0×0.45×1.78,힌지 포함와셔W 3.0×0.45×1.78,丁番・テンプル開閉部の補修,開閉の動きやガタつきを整えやすい,힌지 및 템플 개폐부 보수,개폐 움직임과 흔들림을 정돈하기 쉬움,5100,KRW,20ヶ,カタログP.53,141-172_1.jpg,https://www.san-nishimura.co.jp/product/item/?key_word=141-172
141-172A,丁番段付座金W(100個入),힌지 포함와셔W(100개),丁番・テンプル開閉部の補修,開閉の動きやガタつきを整えやすい,힌지 및 템플 개폐부 보수,개폐 움직임과 흔들림을 정돈하기 쉬움,19600,KRW,100個,,,https://www.san-nishimura.co.jp/product/item/?key_word=141-172A
141-172B,丁番段付座金W(300個入),힌지 포함와셔W(300개),丁番・テンプル開閉部の補修,開閉の動きやガタつきを整えやすい,힌지 및 템플 개폐부 보수,개폐 움직임과 흔들림을 정돈하기 쉬움,54400,KRW,300個,,,https://www.san-nishimura.co.jp/product/item/?key_word=141-172B
141-172C,丁番段付座金W(1000個入),힌지 포함와셔W(1000개),丁番・テンプル開閉部の補修,開閉の動きやガタつきを整えやすい,힌지 및 템플 개폐부 보수,개폐 움직임과 흔들림을 정돈하기 쉬움,169800,KRW,1000個,,,https://www.san-nishimura.co.jp/product/item/?key_word=141-172C
141-173,丁番段付座金W 3.0×0.5×1.78,힌지 포함와셔W 3.0×0.5×1.78,丁番・テンプル開閉部の補修,開閉の動きやガタつきを整えやすい,힌지 및 템플 개폐부 보수,개폐 움직임과 흔들림을 정돈하기 쉬움,5100,KRW,20ヶ,カタログP.53,141-173_1.jpg,https://www.san-nishimura.co.jp/product/item/?key_word=141-173
141-173A,丁番段付座金W(100個入),힌지 포함와셔W(100개),丁番・テンプル開閉部の補修,開閉の動きやガタつきを整えやすい,힌지 및 템플 개폐부 보수,개폐 움직임과 흔들림을 정돈하기 쉬움,19600,KRW,100個,,,https://www.san-nishimura.co.jp/product/item/?key_word=141-173A
141-173B,丁番段付座金W(300個入),힌지 포함와셔W(300개),丁番・テンプル開閉部の補修,開閉の動きやガタつきを整えやすい,힌지 및 템플 개폐부 보수,개폐 움직임과 흔들림을 정돈하기 쉬움,54400,KRW,300個,,,https://www.san-nishimura.co.jp/product/item/?key_word=141-173B
141-173C,丁番段付座金W(1000個入),힌지 포함와셔W(1000개),丁番・テンプル開閉部の補修,開閉の動きやガタつきを整えやすい,힌지 및 템플 개폐부 보수,개폐 움직임과 흔들림을 정돈하기 쉬움,169800,KRW,1000個,,,https://www.san-nishimura.co.jp/product/item/?key_word=141-173C
141-174,六角底付ナットG 1.4×2.25×2.0,육각 바닥 너트G 1.4×2.25×2.0,ナット固定・交換,ガタつきを抑えて仕上がりを安定させやすい,너트 고정 및 교체,흔들림을 줄이고 마감을 안정시키기 쉬움,5100,KRW,14ヶ,"カタログP.49,51",141-174_1.jpg,https://www.san-nishimura.co.jp/product/item/?key_word=141-174
141-174A,六角底付ナットG(100個入),육각 바닥 너트G(100개),ナット固定・交換,ガタつきを抑えて仕上がりを安定させやすい,너트 고정 및 교체,흔들림을 줄이고 마감을 안정시키기 쉬움,32100,KRW,100個,,,https://www.san-nishimura.co.jp/product/item/?key_word=141-174A
141-174B,六角底付ナットG(300個入),육각 바닥 너트G(300개),ナット固定・交換,ガタつきを抑えて仕上がりを安定させやすい,너트 고정 및 교체,흔들림을 줄이고 마감을 안정시키기 쉬움,83300,KRW,300個,,,https://www.san-nishimura.co.jp/product/item/?key_word=141-174B
141-174C,六角底付ナットG(1000個入),육각 바닥 너트G(1000개),ナット固定・交換,ガタつきを抑えて仕上がりを安定させやすい,너트 고정 및 교체,흔들림을 줄이고 마감을 안정시키기 쉬움,267800,KRW,1000個,,,https://www.san-nishimura.co.jp/product/item/?key_word=141-174C
141-179,箱蝶シリコンG極小U13×7,박스형 코받침실리콘G초소형U13×7,鼻パッド交換・調整,当たりと掛け心地を整えやすい,코패드 교체 및 조정,맞닿는 느낌과 착용감을 조정하기 쉬움,5100,KRW,1組,"カタログP.6,7",141-179_1.jpg,https://www.san-nishimura.co.jp/product/item/?key_word=141-179
141-180,箱蝶シリコンW極小U13×7,박스형 코받침실리콘W초소형U13×7,鼻パッド交換・調整,当たりと掛け心地を整えやすい,코패드 교체 및 조정,맞닿는 느낌과 착용감을 조정하기 쉬움,5100,KRW,1組,"カタログP.6,7",141-180_1.jpg,https://www.san-nishimura.co.jp/product/item/?key_word=141-180
141-185,六角ネジG洋白 1.4×10.0,각형나사G 1.4×10.0,ネジ交換・固定,ゆるみや紛失時に対応しやすい,나사 교체 및 고정,풀림이나 분실에 대응하기 쉬움,5100,KRW,8本,カタログP.48,141-185_1.jpg,https://www.san-nishimura.co.jp/product/item/?key_word=141-185
141-185A,六角ネジG洋白(100本入),각형나사G (100개),ネジ交換・固定,ゆるみや紛失時に対応しやすい,나사 교체 및 고정,풀림이나 분실에 대응하기 쉬움,58300,KRW,100本,,,https://www.san-nishimura.co.jp/product/item/?key_word=141-185A
141-185B,六角ネジG洋白(300本入),각형나사G (300개),ネジ交換・固定,ゆるみや紛失時に対応しやすい,나사 교체 및 고정,풀림이나 분실에 대응하기 쉬움,162400,KRW,300本,,,https://www.san-nishimura.co.jp/product/item/?key_word=141-185B
141-186,六角ネジW洋白 1.4×10.0,각형나사W 1.4×10.0,ネジ交換・固定,ゆるみや紛失時に対応しやすい,나사 교체 및 고정,풀림이나 분실에 대응하기 쉬움,5100,KRW,8本,カタログP.48,141-186_1.jpg,https://www.san-nishimura.co.jp/product/item/?key_word=141-186
141-186A,六角ネジW洋白(100本入),각형나사W (100개),ネジ交換・固定,ゆるみや紛失時に対応しやすい,나사 교체 및 고정,풀림이나 분실에 대응하기 쉬움,58300,KRW,100本,,,https://www.san-nishimura.co.jp/product/item/?key_word=141-186A
141-186B,六角ネジW洋白(300本入),각형나사W (300개),ネジ交換・固定,ゆるみや紛失時に対応しやすい,나사 교체 및 고정,풀림이나 분실에 대응하기 쉬움,162400,KRW,300本,,,https://www.san-nishimura.co.jp/product/item/?key_word=141-186B
141-187,六角底付ナットW 1.4×2.25×2.0,육각 바닥 너트W 1.4×2.25×2.0,ナット固定・交換,ガタつきを抑えて仕上がりを安定させやすい,너트 고정 및 교체,흔들림을 줄이고 마감을 안정시키기 쉬움,5100,KRW,18ヶ,"カタログP.49,51",141-187_1.jpg,https://www.san-nishimura.co.jp/product/item/?key_word=141-187
141-187A,六角底付ナットW(100個入),육각 바닥 너트W(100개),ナット固定・交換,ガタつきを抑えて仕上がりを安定させやすい,너트 고정 및 교체,흔들림을 줄이고 마감을 안정시키기 쉬움,23000,KRW,100個,,,https://www.san-nishimura.co.jp/product/item/?key_word=141-187A
141-187B,六角底付ナットW(300個入),육각 바닥 너트W(300개),ナット固定・交換,ガタつきを抑えて仕上がりを安定させやすい,너트 고정 및 교체,흔들림을 줄이고 마감을 안정시키기 쉬움,64600,KRW,300個,,,https://www.san-nishimura.co.jp/product/item/?key_word=141-187B
141-187C,六角底付ナットW(1000個入),육각 바닥 너트W(1000개),ナット固定・交換,ガタつきを抑えて仕上がりを安定させやすい,너트 고정 및 교체,흔들림을 줄이고 마감을 안정시키기 쉬움,204000,KRW,1000個,,,https://www.san-nishimura.co.jp/product/item/?key_word=141-187C
141-188,金属ワッシャW 2.5×0.5×1.45,금속 와셔W 2.5×0.5×1.45,固定補助,当たりやガタつきを抑えやすい,고정 보조,닿는 손상과 흔들림을 줄이기 쉬움,5100,KRW,16ヶ,カタログP.51,141-188_1.jpg,https://www.san-nishimura.co.jp/product/item/?key_word=141-188
141-188A,金属ワッシャW(100個入),금속 와셔W(100개),固定補助,当たりやガタつきを抑えやすい,고정 보조,닿는 손상과 흔들림을 줄이기 쉬움,25800,KRW,100個,,,https://www.san-nishimura.co.jp/product/item/?key_word=141-188A
141-188B,金属ワッシャW(300個入),금속 와셔W(300개),固定補助,当たりやガタつきを抑えやすい,고정 보조,닿는 손상과 흔들림을 줄이기 쉬움,72300,KRW,300個,,,https://www.san-nishimura.co.jp/product/item/?key_word=141-188B
141-189,金属ワッシャW 2.8×0.3×1.45,금속 와셔W 2.8×0.3×1.45,固定補助,当たりやガタつきを抑えやすい,고정 보조,닿는 손상과 흔들림을 줄이기 쉬움,5100,KRW,16ヶ,カタログP.51,141-189_1.jpg,https://www.san-nishimura.co.jp/product/item/?key_word=141-189
141-189A,金属ワッシャW(100個入),금속 와셔W(100개),固定補助,当たりやガタつきを抑えやすい,고정 보조,닿는 손상과 흔들림을 줄이기 쉬움,25800,KRW,100個,,,https://www.san-nishimura.co.jp/product/item/?key_word=141-189A
141-189B,金属ワッシャW(300個入),금속 와셔W(300개),固定補助,当たりやガタつきを抑えやすい,고정 보조,닿는 손상과 흔들림을 줄이기 쉬움,72300,KRW,300個,,,https://www.san-nishimura.co.jp/product/item/?key_word=141-189B
141-189C,金属ワッシャW(1000個入),금속 와셔W(1000개),固定補助,当たりやガタつきを抑えやすい,고정 보조,닿는 손상과 흔들림을 줄이기 쉬움,223600,KRW,1000個,,,https://www.san-nishimura.co.jp/product/item/?key_word=141-189C
141-190,ポリカワッシャ 3.0×0.5×1.45,폴리카 와셔 3.0×0.5×1.45,固定補助,当たりやガタつきを抑えやすい,고정 보조,닿는 손상과 흔들림을 줄이기 쉬움,5100,KRW,,カタログP.51,141-190_1.jpg,https://www.san-nishimura.co.jp/product/item/?key_word=141-190
141-190A,ポリカワッシャ(100個入),폴리카 와셔(100개),固定補助,当たりやガタつきを抑えやすい,고정 보조,닿는 손상과 흔들림을 줄이기 쉬움,12800,KRW,100個,,,https://www.san-nishimura.co.jp/product/item/?key_word=141-190A
141-190B,ポリカワッシャ(300個入),폴리카 와셔(300개),固定補助,当たりやガタつきを抑えやすい,고정 보조,닿는 손상과 흔들림을 줄이기 쉬움,31800,KRW,300個,,,https://www.san-nishimura.co.jp/product/item/?key_word=141-190B
141-190C,ポリカワッシャ(1000個入),폴리카 와셔(1000개),固定補助,当たりやガタつきを抑えやすい,고정 보조,닿는 손상과 흔들림을 줄이기 쉬움,98600,KRW,1000個,,,https://www.san-nishimura.co.jp/product/item/?key_word=141-190C
141-191,ポリカ段付ワッシャ 1.8×3.0×2.3,포함와셔 1.8×3.0×2.3,固定補助,当たりやガタつきを抑えやすい,고정 보조,닿는 손상과 흔들림을 줄이기 쉬움,5100,KRW,33ヶ,カタログP.51,141-191_1.jpg,https://www.san-nishimura.co.jp/product/item/?key_word=141-191
141-191A,ポリカ段付ワッシャ(100個入),포함와셔(100개),固定補助,当たりやガタつきを抑えやすい,고정 보조,닿는 손상과 흔들림을 줄이기 쉬움,25800,KRW,100個,,,https://www.san-nishimura.co.jp/product/item/?key_word=141-191A
141-191B,ポリカ段付ワッシャ(300個入),포함와셔(300개),固定補助,当たりやガタつきを抑えやすい,고정 보조,닿는 손상과 흔들림을 줄이기 쉬움,62100,KRW,300個,,,https://www.san-nishimura.co.jp/product/item/?key_word=141-191B
141-191C,ポリカ段付ワッシャ(1000個入),포함와셔(1000개),固定補助,当たりやガタつきを抑えやすい,고정 보조,닿는 손상과 흔들림을 줄이기 쉬움,198900,KRW,1000個,,,https://www.san-nishimura.co.jp/product/item/?key_word=141-191C
141-194,±ツーポイントネジW座付1.4×10.0,±무테 투포인트나사W 포함1.4×10.0,ツーポイント固定・補修,寸法を合わせて外れを補修しやすい,무테 프레임 고정 및 보수,치수를 맞춰 이탈 부위를 보수하기 쉬움,5100,KRW,20本,"カタログP.34,35,48",141-194_1.jpg,https://www.san-nishimura.co.jp/product/item/?key_word=141-194
141-194A,±ツーポイントネジW座付(100本入),±무테 투포인트나사W 포함(100개),ツーポイント固定・補修,寸法を合わせて外れを補修しやすい,무테 프레임 고정 및 보수,치수를 맞춰 이탈 부위를 보수하기 쉬움,24300,KRW,100本,,,https://www.san-nishimura.co.jp/product/item/?key_word=141-194A
141-194B,±ツーポイントネジW座付(300本入),±무테 투포인트나사W 포함(300개),ツーポイント固定・補修,寸法を合わせて外れを補修しやすい,무테 프레임 고정 및 보수,치수를 맞춰 이탈 부위를 보수하기 쉬움,67200,KRW,300本,,,https://www.san-nishimura.co.jp/product/item/?key_word=141-194B
141-195,六角ナットG 1.4×2.25×1.0,육각 너트G 1.4×2.25×1.0,ナット固定・交換,ガタつきを抑えて仕上がりを安定させやすい,너트 고정 및 교체,흔들림을 줄이고 마감을 안정시키기 쉬움,5100,KRW,20ヶ,"カタログP.49,51",141-195_1.jpg,https://www.san-nishimura.co.jp/product/item/?key_word=141-195
141-195A,六角ナットG(100個入),육각 너트G(100개),ナット固定・交換,ガタつきを抑えて仕上がりを安定させやすい,너트 고정 및 교체,흔들림을 줄이고 마감을 안정시키기 쉬움,19600,KRW,100個,,,https://www.san-nishimura.co.jp/product/item/?key_word=141-195A
141-195B,六角ナットG(300個入),육각 너트G(300개),ナット固定・交換,ガタつきを抑えて仕上がりを安定させやすい,너트 고정 및 교체,흔들림을 줄이고 마감을 안정시키기 쉬움,56100,KRW,300個,,,https://www.san-nishimura.co.jp/product/item/?key_word=141-195B
141-195C,六角ナットG(1000個入),육각 너트G(1000개),ナット固定・交換,ガタつきを抑えて仕上がりを安定させやすい,너트 고정 및 교체,흔들림을 줄이고 마감을 안정시키기 쉬움,178500,KRW,1000個,,,https://www.san-nishimura.co.jp/product/item/?key_word=141-195C
141-196,六角ナットW 1.4×2.25×1.0,육각 너트W 1.4×2.25×1.0,ナット固定・交換,ガタつきを抑えて仕上がりを安定させやすい,너트 고정 및 교체,흔들림을 줄이고 마감을 안정시키기 쉬움,5100,KRW,24ヶ,"カタログP.49,51",141-196_1.jpg,https://www.san-nishimura.co.jp/product/item/?key_word=141-196
141-196A,六角ナットW(100個入),육각 너트W(100개),ナット固定・交換,ガタつきを抑えて仕上がりを安定させやすい,너트 고정 및 교체,흔들림을 줄이고 마감을 안정시키기 쉬움,19600,KRW,100個,,,https://www.san-nishimura.co.jp/product/item/?key_word=141-196A
141-196B,六角ナットW(300個入),육각 너트W(300개),ナット固定・交換,ガタつきを抑えて仕上がりを安定させやすい,너트 고정 및 교체,흔들림을 줄이고 마감을 안정시키기 쉬움,56100,KRW,300個,,,https://www.san-nishimura.co.jp/product/item/?key_word=141-196B
141-196C,六角ナットW(1000個入),육각 너트W(1000개),ナット固定・交換,ガタつきを抑えて仕上がりを安定させやすい,너트 고정 및 교체,흔들림을 줄이고 마감을 안정시키기 쉬움,168300,KRW,1000個,,,https://www.san-nishimura.co.jp/product/item/?key_word=141-196C
141-197,ナイロンキャップ 1.4×2.4×3.5,나일론캡 1.4×2.4×3.5,ツーポイント固定・補修,寸法を合わせて外れを補修しやすい,무테 프레임 고정 및 보수,치수를 맞춰 이탈 부위를 보수하기 쉬움,5100,KRW,10ヶ,カタログP.49,141-197_1.jpg,https://www.san-nishimura.co.jp/product/item/?key_word=141-197
141-197A,ナイロンキャップ(100個入),나일론캡(100개),ツーポイント固定・補修,寸法を合わせて外れを補修しやすい,무테 프레임 고정 및 보수,치수를 맞춰 이탈 부위를 보수하기 쉬움,48600,KRW,100個,,,https://www.san-nishimura.co.jp/product/item/?key_word=141-197A
141-197B,ナイロンキャップ(300個入),나일론캡(300개),ツーポイント固定・補修,寸法を合わせて外れを補修しやすい,무테 프레임 고정 및 보수,치수를 맞춰 이탈 부위를 보수하기 쉬움,136000,KRW,300個,,,https://www.san-nishimura.co.jp/product/item/?key_word=141-197B
141-197S,ナイロンキャップ(50個入),나일론캡(50개),ツーポイント固定・補修,寸法を合わせて外れを補修しやすい,무테 프레임 고정 및 보수,치수를 맞춰 이탈 부위를 보수하기 쉬움,25200,KRW,50個,,,https://www.san-nishimura.co.jp/product/item/?key_word=141-197S
141-198,ポリカ段付ワッシャ 1.8×3.0×1.6,포함와셔 1.8×3.0×1.6,固定補助,当たりやガタつきを抑えやすい,고정 보조,닿는 손상과 흔들림을 줄이기 쉬움,5100,KRW,,カタログP.51,141-198_1.jpg,https://www.san-nishimura.co.jp/product/item/?key_word=141-198
141-198A,ポリカ段付ワッシャ(100個入),포함와셔(100개),固定補助,当たりやガタつきを抑えやすい,고정 보조,닿는 손상과 흔들림을 줄이기 쉬움,25800,KRW,100個,,,https://www.san-nishimura.co.jp/product/item/?key_word=141-198A
141-198B,ポリカ段付ワッシャ(300個入),포함와셔(300개),固定補助,当たりやガタつきを抑えやすい,고정 보조,닿는 손상과 흔들림을 줄이기 쉬움,62100,KRW,300個,,,https://www.san-nishimura.co.jp/product/item/?key_word=141-198B
141-198C,ポリカ段付ワッシャ(1000個入),포함와셔(1000개),固定補助,当たりやガタつきを抑えやすい,고정 보조,닿는 손상과 흔들림을 줄이기 쉬움,198900,KRW,1000個,,,https://www.san-nishimura.co.jp/product/item/?key_word=141-198C
141-300-BE,モダンCP平芯1.85×70 ベージュ,팁CP평면 1.85×70 베이지,モダン交換,耳まわりの掛け心地と見た目を整えやすい,모던 교체,귀 주변 착용감과 외관을 정돈하기 쉬움,5100,KRW,,,141-300-BE_1.jpg,https://www.san-nishimura.co.jp/product/item/?key_word=141-300-BE
141-300-BK,モダンCP平芯1.85×70 ブラック,팁CP평면 1.85×70 블랙,モダン交換,耳まわりの掛け心地と見た目を整えやすい,모던 교체,귀 주변 착용감과 외관을 정돈하기 쉬움,5100,KRW,,,141-300-BK_1.jpg,https://www.san-nishimura.co.jp/product/item/?key_word=141-300-BK
141-300-BP,モダンCP平芯1.85×70 ベージュパール,팁CP평면 1.85×70 베이지,モダン交換,耳まわりの掛け心地と見た目を整えやすい,모던 교체,귀 주변 착용감과 외관을 정돈하기 쉬움,5100,KRW,,,141-300-BP_1.jpg,https://www.san-nishimura.co.jp/product/item/?key_word=141-300-BP
141-300-BR,モダンCP平芯1.85×70 ブラウン,팁CP평면 1.85×70 브라운,モダン交換,耳まわりの掛け心地と見た目を整えやすい,모던 교체,귀 주변 착용감과 외관을 정돈하기 쉬움,5100,KRW,,,141-300-BR_1.jpg,https://www.san-nishimura.co.jp/product/item/?key_word=141-300-BR
141-300-CBR,モダンCP平芯1.85×70 クリアブラウン,팁CP평면 1.85×70 클리어 브라운,モダン交換,耳まわりの掛け心地と見た目を整えやすい,모던 교체,귀 주변 착용감과 외관을 정돈하기 쉬움,5100,KRW,,,141-300-CBR_1.jpg,https://www.san-nishimura.co.jp/product/item/?key_word=141-300-CBR
141-300-DM,モダンCP平芯1.85×70 デミアンバー,팁CP평면 1.85×70 데미 앰버,モダン交換,耳まわりの掛け心地と見た目を整えやすい,모던 교체,귀 주변 착용감과 외관을 정돈하기 쉬움,5100,KRW,,,141-300-DM_1.jpg,https://www.san-nishimura.co.jp/product/item/?key_word=141-300-DM
141-300-GP,モダンCP平芯1.85×70 グレープ,팁CP평면 1.85×70 그레이,モダン交換,耳まわりの掛け心地と見た目を整えやすい,모던 교체,귀 주변 착용감과 외관을 정돈하기 쉬움,5100,KRW,,,141-300-GP_1.jpg,https://www.san-nishimura.co.jp/product/item/?key_word=141-300-GP
141-300-P,モダンCP平芯1.85×70 ピンク,팁CP평면 1.85×70 핑크,モダン交換,耳まわりの掛け心地と見た目を整えやすい,모던 교체,귀 주변 착용감과 외관을 정돈하기 쉬움,5100,KRW,,,141-300-P_1.jpg,https://www.san-nishimura.co.jp/product/item/?key_word=141-300-P
141-300-PL,モダンCP平芯1.85×70 プラム,팁CP평면 1.85×70,モダン交換,耳まわりの掛け心地と見た目を整えやすい,모던 교체,귀 주변 착용감과 외관을 정돈하기 쉬움,5100,KRW,,,141-300-PL_1.jpg,https://www.san-nishimura.co.jp/product/item/?key_word=141-300-PL
141-300-WN,モダンCP平芯1.85×70 ワイン,팁CP평면 1.85×70 와인,モダン交換,耳まわりの掛け心地と見た目を整えやすい,모던 교체,귀 주변 착용감과 외관을 정돈하기 쉬움,5100,KRW,,,141-300-WN_1.jpg,https://www.san-nishimura.co.jp/product/item/?key_word=141-300-WN
141-301-BE,モダンCP平芯2.1×70 ベージュ,팁CP평면 2.1×70 베이지,モダン交換,耳まわりの掛け心地と見た目を整えやすい,모던 교체,귀 주변 착용감과 외관을 정돈하기 쉬움,5100,KRW,,,141-301-BE_1.jpg,https://www.san-nishimura.co.jp/product/item/?key_word=141-301-BE
141-301-BK,モダンCP平芯2.1×70 ブラック,팁CP평면 2.1×70 블랙,モダン交換,耳まわりの掛け心地と見た目を整えやすい,모던 교체,귀 주변 착용감과 외관을 정돈하기 쉬움,5100,KRW,,,141-301-BK_1.jpg,https://www.san-nishimura.co.jp/product/item/?key_word=141-301-BK
141-301-BP,モダンCP平芯2.1×70 ベージュパール,팁CP평면 2.1×70 베이지,モダン交換,耳まわりの掛け心地と見た目を整えやすい,모던 교체,귀 주변 착용감과 외관을 정돈하기 쉬움,5100,KRW,,,141-301-BP_1.jpg,https://www.san-nishimura.co.jp/product/item/?key_word=141-301-BP
141-301-BR,モダンCP平芯2.1×70 ブラウン,팁CP평면 2.1×70 브라운,モダン交換,耳まわりの掛け心地と見た目を整えやすい,모던 교체,귀 주변 착용감과 외관을 정돈하기 쉬움,5100,KRW,,,141-301-BR_1.jpg,https://www.san-nishimura.co.jp/product/item/?key_word=141-301-BR
141-301-CBR,モダンCP平芯2.1×70 クリアブラウン,팁CP평면 2.1×70 클리어 브라운,モダン交換,耳まわりの掛け心地と見た目を整えやすい,모던 교체,귀 주변 착용감과 외관을 정돈하기 쉬움,5100,KRW,,,141-301-CBR_1.jpg,https://www.san-nishimura.co.jp/product/item/?key_word=141-301-CBR
141-301-DM,モダンCP平芯2.1×70 デミアンバー,팁CP평면 2.1×70 데미 앰버,モダン交換,耳まわりの掛け心地と見た目を整えやすい,모던 교체,귀 주변 착용감과 외관을 정돈하기 쉬움,5100,KRW,,,141-301-DM_1.jpg,https://www.san-nishimura.co.jp/product/item/?key_word=141-301-DM
141-301-P,モダンCP平芯2.1×70 ピンク,팁CP평면 2.1×70 핑크,モダン交換,耳まわりの掛け心地と見た目を整えやすい,모던 교체,귀 주변 착용감과 외관을 정돈하기 쉬움,5100,KRW,,,141-301-P_1.jpg,https://www.san-nishimura.co.jp/product/item/?key_word=141-301-P
141-301-PL,モダンCP平芯2.1×70 プラム,팁CP평면 2.1×70,モダン交換,耳まわりの掛け心地と見た目を整えやすい,모던 교체,귀 주변 착용감과 외관을 정돈하기 쉬움,5100,KRW,,,141-301-PL_1.jpg,https://www.san-nishimura.co.jp/product/item/?key_word=141-301-PL
141-301-WN,モダンCP平芯2.1×70 ワイン,팁CP평면 2.1×70 와인,モダン交換,耳まわりの掛け心地と見た目を整えやすい,모던 교체,귀 주변 착용감과 외관을 정돈하기 쉬움,5100,KRW,,,141-301-WN_1.jpg,https://www.san-nishimura.co.jp/product/item/?key_word=141-301-WN
141-302-BE,モダンCP平芯2.5×70 ベージュ,팁CP평면 2.5×70 베이지,モダン交換,耳まわりの掛け心地と見た目を整えやすい,모던 교체,귀 주변 착용감과 외관을 정돈하기 쉬움,5100,KRW,,,141-302-BE_1.jpg,https://www.san-nishimura.co.jp/product/item/?key_word=141-302-BE
141-302-BK,モダンCP平芯2.5×70 ブラック,팁CP평면 2.5×70 블랙,モダン交換,耳まわりの掛け心地と見た目を整えやすい,모던 교체,귀 주변 착용감과 외관을 정돈하기 쉬움,5100,KRW,,,141-302-BK_1.jpg,https://www.san-nishimura.co.jp/product/item/?key_word=141-302-BK
141-302-BR,モダンCP平芯2.5×70 ブラウン,팁CP평면 2.5×70 브라운,モダン交換,耳まわりの掛け心地と見た目を整えやすい,모던 교체,귀 주변 착용감과 외관을 정돈하기 쉬움,5100,KRW,,,141-302-BR_1.jpg,https://www.san-nishimura.co.jp/product/item/?key_word=141-302-BR
141-302-CBR,モダンCP平芯2.5×70 クリアブラウン,팁CP평면 2.5×70 클리어 브라운,モダン交換,耳まわりの掛け心地と見た目を整えやすい,모던 교체,귀 주변 착용감과 외관을 정돈하기 쉬움,5100,KRW,,,141-302-CBR_1.jpg,https://www.san-nishimura.co.jp/product/item/?key_word=141-302-CBR
141-302-DB,モダンCP平芯2.5×70 ダークブルー,팁CP평면 2.5×70 다크 블루,モダン交換,耳まわりの掛け心地と見た目を整えやすい,모던 교체,귀 주변 착용감과 외관을 정돈하기 쉬움,5100,KRW,,,141-302-DB_1.jpg,https://www.san-nishimura.co.jp/product/item/?key_word=141-302-DB
141-302-DM,モダンCP平芯2.5×70 デミアンバー,팁CP평면 2.5×70 데미 앰버,モダン交換,耳まわりの掛け心地と見た目を整えやすい,모던 교체,귀 주변 착용감과 외관을 정돈하기 쉬움,5100,KRW,,,141-302-DM_1.jpg,https://www.san-nishimura.co.jp/product/item/?key_word=141-302-DM
141-302-GL,モダンCP平芯2.5×70 グレー,팁CP평면 2.5×70 그레이,モダン交換,耳まわりの掛け心地と見た目を整えやすい,모던 교체,귀 주변 착용감과 외관을 정돈하기 쉬움,5100,KRW,,,141-302-GL_1.jpg,https://www.san-nishimura.co.jp/product/item/?key_word=141-302-GL
141-302-YE,モダンCP平芯2.5×70 ランコー,팁CP평면 2.5×70,モダン交換,耳まわりの掛け心地と見た目を整えやすい,모던 교체,귀 주변 착용감과 외관을 정돈하기 쉬움,5100,KRW,,,141-302-YE_1.jpg,https://www.san-nishimura.co.jp/product/item/?key_word=141-302-YE
141-304-BK,モダンCP平芯大3.0×70 ブラック,팁CP평면 대3.0×70 블랙,モダン交換,耳まわりの掛け心地と見た目を整えやすい,모던 교체,귀 주변 착용감과 외관을 정돈하기 쉬움,5100,KRW,,,141-304-BK_1.jpg,https://www.san-nishimura.co.jp/product/item/?key_word=141-304-BK
141-304-BR,モダンCP平芯大3.0×70 ブラウン,팁CP평면 대3.0×70 브라운,モダン交換,耳まわりの掛け心地と見た目を整えやすい,모던 교체,귀 주변 착용감과 외관을 정돈하기 쉬움,5100,KRW,,,141-304-BR_1.jpg,https://www.san-nishimura.co.jp/product/item/?key_word=141-304-BR
141-304-CBR,モダンCP平芯大3.0×70 クリアブラウン,팁CP평면 대3.0×70 클리어 브라운,モダン交換,耳まわりの掛け心地と見た目を整えやすい,모던 교체,귀 주변 착용감과 외관을 정돈하기 쉬움,5100,KRW,,,141-304-CBR_1.jpg,https://www.san-nishimura.co.jp/product/item/?key_word=141-304-CBR
141-304-DB,モダンCP平芯大3.0×70 ダークブルー,팁CP평면 대3.0×70 다크 블루,モダン交換,耳まわりの掛け心地と見た目を整えやすい,모던 교체,귀 주변 착용감과 외관을 정돈하기 쉬움,5100,KRW,,,141-304-DB_1.jpg,https://www.san-nishimura.co.jp/product/item/?key_word=141-304-DB
141-304-DM,モダンCP平芯大3.0×70 デミアンバー,팁CP평면 대3.0×70 데미 앰버,モダン交換,耳まわりの掛け心地と見た目を整えやすい,모던 교체,귀 주변 착용감과 외관을 정돈하기 쉬움,5100,KRW,,,141-304-DM_1.jpg,https://www.san-nishimura.co.jp/product/item/?key_word=141-304-DM
141-304-GL,モダンCP平芯大3.0×70 グレー,팁CP평면 대3.0×70 그레이,モダン交換,耳まわりの掛け心地と見た目を整えやすい,모던 교체,귀 주변 착용감과 외관을 정돈하기 쉬움,5100,KRW,,,141-304-GL_1.jpg,https://www.san-nishimura.co.jp/product/item/?key_word=141-304-GL
141-305-B,モダンCP平芯大3.8×70 ブルー,팁CP평면 대3.8×70 블루,モダン交換,耳まわりの掛け心地と見た目を整えやすい,모던 교체,귀 주변 착용감과 외관을 정돈하기 쉬움,5100,KRW,,,141-305-B_1.jpg,https://www.san-nishimura.co.jp/product/item/?key_word=141-305-B
141-305-BK,モダンCP平芯大3.8×70 ブラック,팁CP평면 대3.8×70 블랙,モダン交換,耳まわりの掛け心地と見た目を整えやすい,모던 교체,귀 주변 착용감과 외관을 정돈하기 쉬움,5100,KRW,,,141-305-BK_1.jpg,https://www.san-nishimura.co.jp/product/item/?key_word=141-305-BK
141-305-BR,モダンCP平芯大3.8×70 ブラウン,팁CP평면 대3.8×70 브라운,モダン交換,耳まわりの掛け心地と見た目を整えやすい,모던 교체,귀 주변 착용감과 외관을 정돈하기 쉬움,5100,KRW,,,141-305-BR_1.jpg,https://www.san-nishimura.co.jp/product/item/?key_word=141-305-BR
141-305-CBR,モダンCP平芯大3.8×70 クリアブラウン,팁CP평면 대3.8×70 클리어 브라운,モダン交換,耳まわりの掛け心地と見た目を整えやすい,모던 교체,귀 주변 착용감과 외관을 정돈하기 쉬움,5100,KRW,,,141-305-CBR_1.jpg,https://www.san-nishimura.co.jp/product/item/?key_word=141-305-CBR
141-305-DM,モダンCP平芯大3.8×70 デミアンバー,팁CP평면 대3.8×70 데미 앰버,モダン交換,耳まわりの掛け心地と見た目を整えやすい,모던 교체,귀 주변 착용감과 외관을 정돈하기 쉬움,5100,KRW,,,141-305-DM_1.jpg,https://www.san-nishimura.co.jp/product/item/?key_word=141-305-DM
141-305-GL,モダンCP平芯大3.8×70 グレー,팁CP평면 대3.8×70 그레이,モダン交換,耳まわりの掛け心地と見た目を整えやすい,모던 교체,귀 주변 착용감과 외관을 정돈하기 쉬움,5100,KRW,,,141-305-GL_1.jpg,https://www.san-nishimura.co.jp/product/item/?key_word=141-305-GL
141-308,六角底付ナット(ナイロン) 1.4×2.5×2.0,육각 바닥 너트(나일론) 1.4×2.5×2.0,ナット固定・交換,ガタつきを抑えて仕上がりを安定させやすい,너트 고정 및 교체,흔들림을 줄이고 마감을 안정시키기 쉬움,5100,KRW,22ヶ,カタログP.49,141-308_1.jpg,https://www.san-nishimura.co.jp/product/item/?key_word=141-308
141-310,シリコンワンタッチ小 17×8,실리콘원터치소 17×8,鼻パッド交換・調整,当たりと掛け心地を整えやすい,코패드 교체 및 조정,맞닿는 느낌과 착용감을 조정하기 쉬움,5100,KRW,3組,"カタログP.8,9,20,21",141-310_1.jpg,https://www.san-nishimura.co.jp/product/item/?key_word=141-310
141-310A,シリコンワンタッチ 小(100組入),실리콘원터치 소(100 입),鼻パッド交換・調整,当たりと掛け心地を整えやすい,코패드 교체 및 조정,맞닿는 느낌과 착용감을 조정하기 쉬움,126100,KRW,100組,,,https://www.san-nishimura.co.jp/product/item/?key_word=141-310A
141-310B,シリコンワンタッチ 小(300組入),실리콘원터치 소(300 입),鼻パッド交換・調整,当たりと掛け心地を整えやすい,코패드 교체 및 조정,맞닿는 느낌과 착용감을 조정하기 쉬움,365300,KRW,300組,,,https://www.san-nishimura.co.jp/product/item/?key_word=141-310B
141-310S,シリコンワンタッチ 小(50組入),실리콘원터치 소(50 입),鼻パッド交換・調整,当たりと掛け心地を整えやすい,코패드 교체 및 조정,맞닿는 느낌과 착용감을 조정하기 쉬움,64400,KRW,50組,,,https://www.san-nishimura.co.jp/product/item/?key_word=141-310S
141-311,シリコンワンタッチ大 19×9,실리콘원터치대 19×9,鼻パッド交換・調整,当たりと掛け心地を整えやすい,코패드 교체 및 조정,맞닿는 느낌과 착용감을 조정하기 쉬움,5100,KRW,3組,"カタログP.8,9",141-311_1.jpg,https://www.san-nishimura.co.jp/product/item/?key_word=141-311
141-311A,シリコンワンタッチ 大(100組入),실리콘원터치 대(100 입),鼻パッド交換・調整,当たりと掛け心地を整えやすい,코패드 교체 및 조정,맞닿는 느낌과 착용감을 조정하기 쉬움,126100,KRW,100組,,,https://www.san-nishimura.co.jp/product/item/?key_word=141-311A
141-311B,シリコンワンタッチ 大(300組入),실리콘원터치 대(300 입),鼻パッド交換・調整,当たりと掛け心地を整えやすい,코패드 교체 및 조정,맞닿는 느낌과 착용감을 조정하기 쉬움,365300,KRW,300組,,,https://www.san-nishimura.co.jp/product/item/?key_word=141-311B
141-311S,シリコンワンタッチ 大(50組入),실리콘원터치 대(50 입),鼻パッド交換・調整,当たりと掛け心地を整えやすい,코패드 교체 및 조정,맞닿는 느낌과 착용감을 조정하기 쉬움,64400,KRW,50組,,,https://www.san-nishimura.co.jp/product/item/?key_word=141-311S
141-313,箱蝶シリコンG小16×9,박스형 코받침실리콘G소16×9,鼻パッド交換・調整,当たりと掛け心地を整えやすい,코패드 교체 및 조정,맞닿는 느낌과 착용감을 조정하기 쉬움,5100,KRW,1組,"カタログP.6,7",141-313_1.jpg,https://www.san-nishimura.co.jp/product/item/?key_word=141-313
141-314-1,ナイロンレール(極太),나일론 레일(굵은),ナイロール・溝まわり調整,レンズ保持を安定させやすい,나일론 림·홈 주변 조정,렌즈 고정을 안정시키기 쉬움,5100,KRW,,カタログP.59,,https://www.san-nishimura.co.jp/product/item/?key_word=141-314-1
141-314-1A,ナイロンレール(極太)お徳用3m,나일론 레일(굵은)대용량3m,ナイロール・溝まわり調整,レンズ保持を安定させやすい,나일론 림·홈 주변 조정,렌즈 고정을 안정시키기 쉬움,12900,KRW,,カタログP.59,141-314-1A_1.jpg,https://www.san-nishimura.co.jp/product/item/?key_word=141-314-1A
141-314-2,ナイロンレール(太),나일론 레일(굵은),ナイロール・溝まわり調整,レンズ保持を安定させやすい,나일론 림·홈 주변 조정,렌즈 고정을 안정시키기 쉬움,5100,KRW,,カタログP.59,,https://www.san-nishimura.co.jp/product/item/?key_word=141-314-2
141-314-2A,ナイロンレール(太)お徳用3m,나일론 레일(굵은)대용량3m,ナイロール・溝まわり調整,レンズ保持を安定させやすい,나일론 림·홈 주변 조정,렌즈 고정을 안정시키기 쉬움,12900,KRW,,カタログP.59,141-314-2A_1.jpg,https://www.san-nishimura.co.jp/product/item/?key_word=141-314-2A
141-314-4,ナイロンレール(細),나일론 레일(얇은),ナイロール・溝まわり調整,レンズ保持を安定させやすい,나일론 림·홈 주변 조정,렌즈 고정을 안정시키기 쉬움,5100,KRW,,カタログP.59,,https://www.san-nishimura.co.jp/product/item/?key_word=141-314-4
141-314-4A,ナイロンレール(細)お徳用3m,나일론 레일(얇은)대용량3m,ナイロール・溝まわり調整,レンズ保持を安定させやすい,나일론 림·홈 주변 조정,렌즈 고정을 안정시키기 쉬움,12900,KRW,,カタログP.59,141-314-4A_1.jpg,https://www.san-nishimura.co.jp/product/item/?key_word=141-314-4A
141-314-5,ナイロンレール(極細),나일론 레일(얇은),ナイロール・溝まわり調整,レンズ保持を安定させやすい,나일론 림·홈 주변 조정,렌즈 고정을 안정시키기 쉬움,5100,KRW,,カタログP.59,,https://www.san-nishimura.co.jp/product/item/?key_word=141-314-5
141-314-5A,ナイロンレール(極細)お徳用3m,나일론 레일(얇은)대용량3m,ナイロール・溝まわり調整,レンズ保持を安定させやすい,나일론 림·홈 주변 조정,렌즈 고정을 안정시키기 쉬움,12900,KRW,,カタログP.59,141-314-5A_1.jpg,https://www.san-nishimura.co.jp/product/item/?key_word=141-314-5A
141-316,ナイロン段付ワッシャ1.8×3.0×2.3,나일론 포함와셔1.8×3.0×2.3,固定補助,当たりやガタつきを抑えやすい,고정 보조,닿는 손상과 흔들림을 줄이기 쉬움,5100,KRW,16ヶ,カタログP.51,141-316_1.jpg,https://www.san-nishimura.co.jp/product/item/?key_word=141-316
141-316A,ナイロン段付ワッシャ(100個入),나일론 포함와셔(100개),固定補助,当たりやガタつきを抑えやすい,고정 보조,닿는 손상과 흔들림을 줄이기 쉬움,25800,KRW,100個,,,https://www.san-nishimura.co.jp/product/item/?key_word=141-316A
141-316B,ナイロン段付ワッシャ(300個入),나일론 포함와셔(300개),固定補助,当たりやガタつきを抑えやすい,고정 보조,닿는 손상과 흔들림을 줄이기 쉬움,62100,KRW,300個,,,https://www.san-nishimura.co.jp/product/item/?key_word=141-316B
141-319,クッションハイロンパット小 14×8,쿠션Hylon코받침소 14×8,鼻パッド交換・調整,当たりと掛け心地を整えやすい,코패드 교체 및 조정,맞닿는 느낌과 착용감을 조정하기 쉬움,5100,KRW,1組,"カタログP.12,13",141-319_1.jpg,https://www.san-nishimura.co.jp/product/item/?key_word=141-319
141-320,クッションハイロンパット大 17×8,쿠션Hylon코받침대 17×8,鼻パッド交換・調整,当たりと掛け心地を整えやすい,코패드 교체 및 조정,맞닿는 느낌과 착용감을 조정하기 쉬움,5100,KRW,1組,"カタログP.12,13",141-320_1.jpg,https://www.san-nishimura.co.jp/product/item/?key_word=141-320
141-321,六角ネジGステンレス1.4×12.0,각형나사G스테인리스1.4×12.0,ネジ交換・固定,ゆるみや紛失時に対応しやすい,나사 교체 및 고정,풀림이나 분실에 대응하기 쉬움,5100,KRW,8本,"カタログP.48,51",141-321_1.jpg,https://www.san-nishimura.co.jp/product/item/?key_word=141-321
141-321A,六角ネジGステンレス(100本入),각형나사G스테인리스(100개),ネジ交換・固定,ゆるみや紛失時に対応しやすい,나사 교체 및 고정,풀림이나 분실에 대응하기 쉬움,58300,KRW,100本,,,https://www.san-nishimura.co.jp/product/item/?key_word=141-321A
141-321B,六角ネジGステンレス(300本入),각형나사G스테인리스(300개),ネジ交換・固定,ゆるみや紛失時に対応しやすい,나사 교체 및 고정,풀림이나 분실에 대응하기 쉬움,162400,KRW,300本,,,https://www.san-nishimura.co.jp/product/item/?key_word=141-321B
141-322,六角ネジWステンレス1.4×12.0,각형나사W스테인리스1.4×12.0,ネジ交換・固定,ゆるみや紛失時に対応しやすい,나사 교체 및 고정,풀림이나 분실에 대응하기 쉬움,5100,KRW,8本,"カタログP.48,51",141-322_1.jpg,https://www.san-nishimura.co.jp/product/item/?key_word=141-322
141-322A,六角ネジWステンレス(100本入),각형나사W스테인리스(100개),ネジ交換・固定,ゆるみや紛失時に対応しやすい,나사 교체 및 고정,풀림이나 분실에 대응하기 쉬움,58300,KRW,100本,,,https://www.san-nishimura.co.jp/product/item/?key_word=141-322A
141-322B,六角ネジWステンレス(300本入),각형나사W스테인리스(300개),ネジ交換・固定,ゆるみや紛失時に対応しやすい,나사 교체 및 고정,풀림이나 분실에 대응하기 쉬움,162400,KRW,300本,,,https://www.san-nishimura.co.jp/product/item/?key_word=141-322B
141-323,箱蝶極小G 14.5×7,박스형 코받침초소형G 14.5×7,鼻パッド交換・調整,当たりと掛け心地を整えやすい,코패드 교체 및 조정,맞닿는 느낌과 착용감을 조정하기 쉬움,5100,KRW,5組,"カタログP.10,11,20,21",141-323_1.jpg,https://www.san-nishimura.co.jp/product/item/?key_word=141-323
141-323A,箱蝶極小G14.5×7(100組入),박스형 코받침초소형G14.5×7(100 입),鼻パッド交換・調整,当たりと掛け心地を整えやすい,코패드 교체 및 조정,맞닿는 느낌과 착용감을 조정하기 쉬움,97400,KRW,100組,,,https://www.san-nishimura.co.jp/product/item/?key_word=141-323A
141-323B,箱蝶極小G14.5×7(300組入),박스형 코받침초소형G14.5×7(300 입),鼻パッド交換・調整,当たりと掛け心地を整えやすい,코패드 교체 및 조정,맞닿는 느낌과 착용감을 조정하기 쉬움,281500,KRW,300組,,,https://www.san-nishimura.co.jp/product/item/?key_word=141-323B
141-323S,箱蝶極小G14.5×7(50組入),박스형 코받침초소형G14.5×7(50 입),鼻パッド交換・調整,当たりと掛け心地を整えやすい,코패드 교체 및 조정,맞닿는 느낌과 착용감을 조정하기 쉬움,50200,KRW,50組,,,https://www.san-nishimura.co.jp/product/item/?key_word=141-323S
141-324,箱蝶極小W 14.5×7,박스형 코받침초소형W 14.5×7,鼻パッド交換・調整,当たりと掛け心地を整えやすい,코패드 교체 및 조정,맞닿는 느낌과 착용감을 조정하기 쉬움,5100,KRW,5組,"カタログP.10,11,20,21",141-324_1.jpg,https://www.san-nishimura.co.jp/product/item/?key_word=141-324
141-324A,箱蝶極小W14.5×7(100組入),박스형 코받침초소형W14.5×7(100 입),鼻パッド交換・調整,当たりと掛け心地を整えやすい,코패드 교체 및 조정,맞닿는 느낌과 착용감을 조정하기 쉬움,97400,KRW,100組,,,https://www.san-nishimura.co.jp/product/item/?key_word=141-324A
141-324B,箱蝶極小W14.5×7(300組入),박스형 코받침초소형W14.5×7(300 입),鼻パッド交換・調整,当たりと掛け心地を整えやすい,코패드 교체 및 조정,맞닿는 느낌과 착용감을 조정하기 쉬움,281500,KRW,300組,,,https://www.san-nishimura.co.jp/product/item/?key_word=141-324B
141-324S,箱蝶極小W14.5×7(50組入),박스형 코받침초소형W14.5×7(50 입),鼻パッド交換・調整,当たりと掛け心地を整えやすい,코패드 교체 및 조정,맞닿는 느낌과 착용감을 조정하기 쉬움,50200,KRW,50組,,,https://www.san-nishimura.co.jp/product/item/?key_word=141-324S
141-325,箱蝶極小U・G 14.5×7,박스형 코받침초소형U G 14.5×7,鼻パッド交換・調整,当たりと掛け心地を整えやすい,코패드 교체 및 조정,맞닿는 느낌과 착용감을 조정하기 쉬움,5100,KRW,4組,"カタログP.10,11,20,21",141-325_1.jpg,https://www.san-nishimura.co.jp/product/item/?key_word=141-325
141-325A,箱蝶極小U・G14.5×7(100組入),박스형 코받침초소형U G14.5×7(100 입),鼻パッド交換・調整,当たりと掛け心地を整えやすい,코패드 교체 및 조정,맞닿는 느낌과 착용감을 조정하기 쉬움,116300,KRW,100組,,,https://www.san-nishimura.co.jp/product/item/?key_word=141-325A
141-325B,箱蝶極小U・G14.5×7(300組入),박스형 코받침초소형U G14.5×7(300 입),鼻パッド交換・調整,当たりと掛け心地を整えやすい,코패드 교체 및 조정,맞닿는 느낌과 착용감을 조정하기 쉬움,333500,KRW,300組,,,https://www.san-nishimura.co.jp/product/item/?key_word=141-325B
141-325S,箱蝶極小U・G14.5×7(50組入),박스형 코받침초소형U G14.5×7(50 입),鼻パッド交換・調整,当たりと掛け心地を整えやすい,코패드 교체 및 조정,맞닿는 느낌과 착용감을 조정하기 쉬움,59500,KRW,50組,,,https://www.san-nishimura.co.jp/product/item/?key_word=141-325S
141-326,箱蝶極小U・W 14.5×7,박스형 코받침초소형U W 14.5×7,鼻パッド交換・調整,当たりと掛け心地を整えやすい,코패드 교체 및 조정,맞닿는 느낌과 착용감을 조정하기 쉬움,5100,KRW,4組,"カタログP.10,11,20,21",141-326_1.jpg,https://www.san-nishimura.co.jp/product/item/?key_word=141-326
141-326A,箱蝶極小U・W14.5×7(100組入),박스형 코받침초소형U W14.5×7(100 입),鼻パッド交換・調整,当たりと掛け心地を整えやすい,코패드 교체 및 조정,맞닿는 느낌과 착용감을 조정하기 쉬움,116300,KRW,100組,,,https://www.san-nishimura.co.jp/product/item/?key_word=141-326A
141-326B,箱蝶極小U・W14.5×7(300組入),박스형 코받침초소형U W14.5×7(300 입),鼻パッド交換・調整,当たりと掛け心地を整えやすい,코패드 교체 및 조정,맞닿는 느낌과 착용감을 조정하기 쉬움,333500,KRW,300組,,,https://www.san-nishimura.co.jp/product/item/?key_word=141-326B
141-326S,箱蝶極小U・W14.5×7(50組入),박스형 코받침초소형U W14.5×7(50 입),鼻パッド交換・調整,当たりと掛け心地を整えやすい,코패드 교체 및 조정,맞닿는 느낌과 착용감을 조정하기 쉬움,59500,KRW,50組,,,https://www.san-nishimura.co.jp/product/item/?key_word=141-326S
141-327,箱蝶シリコン丸 9丸,박스형 코받침실리콘원형 9원형,鼻パッド交換・調整,当たりと掛け心地を整えやすい,코패드 교체 및 조정,맞닿는 느낌과 착용감을 조정하기 쉬움,5100,KRW,3組,"カタログP.6,7,20,21",141-327_1.jpg,https://www.san-nishimura.co.jp/product/item/?key_word=141-327
141-328,シリコンワンタッチ丸9丸,실리콘원터치원형9원형,鼻パッド交換・調整,当たりと掛け心地を整えやすい,코패드 교체 및 조정,맞닿는 느낌과 착용감을 조정하기 쉬움,5100,KRW,3組,"カタログP.8,9",141-328_1.jpg,https://www.san-nishimura.co.jp/product/item/?key_word=141-328
141-329,箱蝶シリコン極小 15×8,박스형 코받침실리콘초소형 15×8,鼻パッド交換・調整,当たりと掛け心地を整えやすい,코패드 교체 및 조정,맞닿는 느낌과 착용감을 조정하기 쉬움,5100,KRW,3組,"カタログP.6,7,20,21",141-329_1.jpg,https://www.san-nishimura.co.jp/product/item/?key_word=141-329
141-330,箱蝶シリコン小 17×8,박스형 코받침실리콘소 17×8,鼻パッド交換・調整,当たりと掛け心地を整えやすい,코패드 교체 및 조정,맞닿는 느낌과 착용감을 조정하기 쉬움,5100,KRW,3組,"カタログP.6,7,20,21",141-330_1.jpg,https://www.san-nishimura.co.jp/product/item/?key_word=141-330
141-331,箱蝶シリコン大 18×9,박스형 코받침실리콘대 18×9,鼻パッド交換・調整,当たりと掛け心地を整えやすい,코패드 교체 및 조정,맞닿는 느낌과 착용감을 조정하기 쉬움,5100,KRW,3組,"カタログP.6,7",141-331_1.jpg,https://www.san-nishimura.co.jp/product/item/?key_word=141-331
141-332,花型底付ナットG 1.4×2.6×2.0,꽃형 포함너트G 1.4×2.6×2.0,ナット固定・交換,ガタつきを抑えて仕上がりを安定させやすい,너트 고정 및 교체,흔들림을 줄이고 마감을 안정시키기 쉬움,5100,KRW,14ヶ,カタログP.49,141-332_1.jpg,https://www.san-nishimura.co.jp/product/item/?key_word=141-332
141-332A,花型底付ナットG(100個入),꽃형 포함너트G(100개),ナット固定・交換,ガタつきを抑えて仕上がりを安定させやすい,너트 고정 및 교체,흔들림을 줄이고 마감을 안정시키기 쉬움,32100,KRW,100個,,,https://www.san-nishimura.co.jp/product/item/?key_word=141-332A
141-332B,花型底付ナットG(300個入),꽃형 포함너트G(300개),ナット固定・交換,ガタつきを抑えて仕上がりを安定させやすい,너트 고정 및 교체,흔들림을 줄이고 마감을 안정시키기 쉬움,83300,KRW,300個,,,https://www.san-nishimura.co.jp/product/item/?key_word=141-332B
141-333,花型底付ナットW 1.4×2.6×2.0,꽃형 포함너트W 1.4×2.6×2.0,ナット固定・交換,ガタつきを抑えて仕上がりを安定させやすい,너트 고정 및 교체,흔들림을 줄이고 마감을 안정시키기 쉬움,5100,KRW,17ヶ,カタログP.49,141-333_1.jpg,https://www.san-nishimura.co.jp/product/item/?key_word=141-333
141-333A,花形底付ナットW(100個入),포함너트W(100개),ナット固定・交換,ガタつきを抑えて仕上がりを安定させやすい,너트 고정 및 교체,흔들림을 줄이고 마감을 안정시키기 쉬움,25300,KRW,100個,,,https://www.san-nishimura.co.jp/product/item/?key_word=141-333A
141-333B,花形底付ナットW(300個入),포함너트W(300개),ナット固定・交換,ガタつきを抑えて仕上がりを安定させやすい,너트 고정 및 교체,흔들림을 줄이고 마감을 안정시키기 쉬움,71400,KRW,300個,,,https://www.san-nishimura.co.jp/product/item/?key_word=141-333B
141-334,ポリカワッシャ斜めカット 3.0×0.5~1.0×1.45,폴리카 와셔 3.0×0.5~1.0×1.45,固定補助,当たりやガタつきを抑えやすい,고정 보조,닿는 손상과 흔들림을 줄이기 쉬움,5100,KRW,30ヶ,カタログP.51,141-334_1.jpg,https://www.san-nishimura.co.jp/product/item/?key_word=141-334
141-335,箱蝶シリコンG極小U13×7,박스형 코받침실리콘G초소형U13×7,鼻パッド交換・調整,当たりと掛け心地を整えやすい,코패드 교체 및 조정,맞닿는 느낌과 착용감을 조정하기 쉬움,5100,KRW,2組,"カタログP.6,7,20,21",141-335_1.jpg,https://www.san-nishimura.co.jp/product/item/?key_word=141-335
141-335A,箱蝶シリコンG極小U(100組入),박스형 코받침실리콘G초소형U(100 입),鼻パッド交換・調整,当たりと掛け心地を整えやすい,코패드 교체 및 조정,맞닿는 느낌과 착용감을 조정하기 쉬움,178500,KRW,100組,,,https://www.san-nishimura.co.jp/product/item/?key_word=141-335A
141-335B,箱蝶シリコンG極小U(300組入),박스형 코받침실리콘G초소형U(300 입),鼻パッド交換・調整,当たりと掛け心地を整えやすい,코패드 교체 및 조정,맞닿는 느낌과 착용감을 조정하기 쉬움,517500,KRW,300組,,,https://www.san-nishimura.co.jp/product/item/?key_word=141-335B
141-335S,箱蝶シリコンG極小U(50組入),박스형 코받침실리콘G초소형U(50 입),鼻パッド交換・調整,当たりと掛け心地を整えやすい,코패드 교체 및 조정,맞닿는 느낌과 착용감을 조정하기 쉬움,91300,KRW,50組,,,https://www.san-nishimura.co.jp/product/item/?key_word=141-335S
141-336,箱蝶シリコンW極小U13×7,박스형 코받침실리콘W초소형U13×7,鼻パッド交換・調整,当たりと掛け心地を整えやすい,코패드 교체 및 조정,맞닿는 느낌과 착용감을 조정하기 쉬움,5100,KRW,2組,"カタログP.6,7,20,21",141-336_1.jpg,https://www.san-nishimura.co.jp/product/item/?key_word=141-336
141-336A,箱蝶シリコンW極小U(100組入),박스형 코받침실리콘W초소형U(100 입),鼻パッド交換・調整,当たりと掛け心地を整えやすい,코패드 교체 및 조정,맞닿는 느낌과 착용감을 조정하기 쉬움,178500,KRW,100組,,,https://www.san-nishimura.co.jp/product/item/?key_word=141-336A
141-336B,箱蝶シリコンW極小U(300組入),박스형 코받침실리콘W초소형U(300 입),鼻パッド交換・調整,当たりと掛け心地を整えやすい,코패드 교체 및 조정,맞닿는 느낌과 착용감을 조정하기 쉬움,517500,KRW,300組,,,https://www.san-nishimura.co.jp/product/item/?key_word=141-336B
141-336S,箱蝶シリコンW極小U(50組入),박스형 코받침실리콘W초소형U(50 입),鼻パッド交換・調整,当たりと掛け心地を整えやすい,코패드 교체 및 조정,맞닿는 느낌과 착용감을 조정하기 쉬움,91300,KRW,50組,,,https://www.san-nishimura.co.jp/product/item/?key_word=141-336S
141-350-BE,モダンCP丸芯1.2×65 ベージュ,팁CP원형 코어1.2×65 베이지,モダン交換,耳まわりの掛け心地と見た目を整えやすい,모던 교체,귀 주변 착용감과 외관을 정돈하기 쉬움,5100,KRW,,,141-350-BE_1.jpg,https://www.san-nishimura.co.jp/product/item/?key_word=141-350-BE
141-350-BK,モダンCP丸芯1.2×65 ブラック,팁CP원형 코어1.2×65 블랙,モダン交換,耳まわりの掛け心地と見た目を整えやすい,모던 교체,귀 주변 착용감과 외관을 정돈하기 쉬움,5100,KRW,,,141-350-BK_1.jpg,https://www.san-nishimura.co.jp/product/item/?key_word=141-350-BK
141-350-BR,モダンCP丸芯1.2×65 ブラウン,팁CP원형 코어1.2×65 브라운,モダン交換,耳まわりの掛け心地と見た目を整えやすい,모던 교체,귀 주변 착용감과 외관을 정돈하기 쉬움,5100,KRW,,,141-350-BR_1.jpg,https://www.san-nishimura.co.jp/product/item/?key_word=141-350-BR
141-350-CBR,モダンCP丸芯1.2×65 クリアブラウン,팁CP원형 코어1.2×65 클리어 브라운,モダン交換,耳まわりの掛け心地と見た目を整えやすい,모던 교체,귀 주변 착용감과 외관을 정돈하기 쉬움,5100,KRW,,,141-350-CBR_1.jpg,https://www.san-nishimura.co.jp/product/item/?key_word=141-350-CBR
141-350-CL,モダンCP丸芯1.2×65 クリアー,팁CP원형 코어1.2×65 클리어,モダン交換,耳まわりの掛け心地と見た目を整えやすい,모던 교체,귀 주변 착용감과 외관을 정돈하기 쉬움,5100,KRW,,,141-350-CL_1.jpg,https://www.san-nishimura.co.jp/product/item/?key_word=141-350-CL
141-350-DB,モダンCP丸芯1.2×65 ダークブルー,팁CP원형 코어1.2×65 다크 블루,モダン交換,耳まわりの掛け心地と見た目を整えやすい,모던 교체,귀 주변 착용감과 외관을 정돈하기 쉬움,5100,KRW,,,141-350-DB_1.jpg,https://www.san-nishimura.co.jp/product/item/?key_word=141-350-DB
141-350-DM,モダンCP丸芯1.2×65 デミアンバー,팁CP원형 코어1.2×65 데미 앰버,モダン交換,耳まわりの掛け心地と見た目を整えやすい,모던 교체,귀 주변 착용감과 외관을 정돈하기 쉬움,5100,KRW,,,141-350-DM_1.jpg,https://www.san-nishimura.co.jp/product/item/?key_word=141-350-DM
141-350-PP,モダンCP丸芯1.2×65 ピンクパール,팁CP원형 코어1.2×65 핑크,モダン交換,耳まわりの掛け心地と見た目を整えやすい,모던 교체,귀 주변 착용감과 외관을 정돈하기 쉬움,5100,KRW,,,141-350-PP_1.jpg,https://www.san-nishimura.co.jp/product/item/?key_word=141-350-PP
141-350-WN,モダンCP丸芯1.2×65 ワイン,팁CP원형 코어1.2×65 와인,モダン交換,耳まわりの掛け心地と見た目を整えやすい,모던 교체,귀 주변 착용감과 외관을 정돈하기 쉬움,5100,KRW,,,141-350-WN_1.jpg,https://www.san-nishimura.co.jp/product/item/?key_word=141-350-WN
141-350-YE,モダンCP丸芯1.2×65 ランコー,팁CP원형 코어1.2×65,モダン交換,耳まわりの掛け心地と見た目を整えやすい,모던 교체,귀 주변 착용감과 외관을 정돈하기 쉬움,5100,KRW,,,141-350-YE_1.jpg,https://www.san-nishimura.co.jp/product/item/?key_word=141-350-YE
141-351-BE,モダンCP丸芯1.5×65 ベージュ,팁CP원형 코어1.5×65 베이지,モダン交換,耳まわりの掛け心地と見た目を整えやすい,모던 교체,귀 주변 착용감과 외관을 정돈하기 쉬움,5100,KRW,,,141-351-BE_1.jpg,https://www.san-nishimura.co.jp/product/item/?key_word=141-351-BE
141-351-BK,モダンCP丸芯1.5×65 ブラック,팁CP원형 코어1.5×65 블랙,モダン交換,耳まわりの掛け心地と見た目を整えやすい,모던 교체,귀 주변 착용감과 외관을 정돈하기 쉬움,5100,KRW,,,141-351-BK_1.jpg,https://www.san-nishimura.co.jp/product/item/?key_word=141-351-BK
141-351-BR,モダンCP丸芯1.5×65 ブラウン,팁CP원형 코어1.5×65 브라운,モダン交換,耳まわりの掛け心地と見た目を整えやすい,모던 교체,귀 주변 착용감과 외관을 정돈하기 쉬움,5100,KRW,,,141-351-BR_1.jpg,https://www.san-nishimura.co.jp/product/item/?key_word=141-351-BR
141-351-CBR,モダンCP丸芯1.5×65 クリアブラウン,팁CP원형 코어1.5×65 클리어 브라운,モダン交換,耳まわりの掛け心地と見た目を整えやすい,모던 교체,귀 주변 착용감과 외관을 정돈하기 쉬움,5100,KRW,,,141-351-CBR_1.jpg,https://www.san-nishimura.co.jp/product/item/?key_word=141-351-CBR
141-351-CL,モダンCP丸芯1.5×65 クリアー,팁CP원형 코어1.5×65 클리어,モダン交換,耳まわりの掛け心地と見た目を整えやすい,모던 교체,귀 주변 착용감과 외관을 정돈하기 쉬움,5100,KRW,,,141-351-CL_1.jpg,https://www.san-nishimura.co.jp/product/item/?key_word=141-351-CL
141-351-DM,モダンCP丸芯1.5×65 デミアンバー,팁CP원형 코어1.5×65 데미 앰버,モダン交換,耳まわりの掛け心地と見た目を整えやすい,모던 교체,귀 주변 착용감과 외관을 정돈하기 쉬움,5100,KRW,,,141-351-DM_1.jpg,https://www.san-nishimura.co.jp/product/item/?key_word=141-351-DM
141-351-WN,モダンCP丸芯1.5×65 ワイン,팁CP원형 코어1.5×65 와인,モダン交換,耳まわりの掛け心地と見た目を整えやすい,모던 교체,귀 주변 착용감과 외관을 정돈하기 쉬움,5100,KRW,,,141-351-WN_1.jpg,https://www.san-nishimura.co.jp/product/item/?key_word=141-351-WN
141-351-YE,モダンCP丸芯1.5×65 ランコー,팁CP원형 코어1.5×65,モダン交換,耳まわりの掛け心地と見た目を整えやすい,모던 교체,귀 주변 착용감과 외관을 정돈하기 쉬움,5100,KRW,,,141-351-YE_1.jpg,https://www.san-nishimura.co.jp/product/item/?key_word=141-351-YE
141-352,箱蝶クッション極小 11.6×7,박스형 코받침쿠션초소형 11.6×7,鼻パッド交換・調整,当たりと掛け心地を整えやすい,코패드 교체 및 조정,맞닿는 느낌과 착용감을 조정하기 쉬움,5100,KRW,2組,"カタログP.14,15",141-352_1.jpg,https://www.san-nishimura.co.jp/product/item/?key_word=141-352
141-353,箱蝶クッション小 14.6×8,박스형 코받침쿠션소 14.6×8,鼻パッド交換・調整,当たりと掛け心地を整えやすい,코패드 교체 및 조정,맞닿는 느낌과 착용감을 조정하기 쉬움,5100,KRW,2組,"カタログP.14,15",141-353_1.jpg,https://www.san-nishimura.co.jp/product/item/?key_word=141-353
141-354,箱蝶クッション大 17×8,박스형 코받침쿠션대 17×8,鼻パッド交換・調整,当たりと掛け心地を整えやすい,코패드 교체 및 조정,맞닿는 느낌과 착용감을 조정하기 쉬움,5100,KRW,2組,"カタログP.14,15",141-354_1.jpg,https://www.san-nishimura.co.jp/product/item/?key_word=141-354
141-355,ワンタッチクッション極小 11.6×7,원터치쿠션초소형 11.6×7,鼻パッド交換・調整,当たりと掛け心地を整えやすい,코패드 교체 및 조정,맞닿는 느낌과 착용감을 조정하기 쉬움,5100,KRW,2組,"カタログP.18,19",141-355_1.jpg,https://www.san-nishimura.co.jp/product/item/?key_word=141-355
141-356,ワンタッチクッション小 14.6×8,원터치쿠션소 14.6×8,鼻パッド交換・調整,当たりと掛け心地を整えやすい,코패드 교체 및 조정,맞닿는 느낌과 착용감을 조정하기 쉬움,5100,KRW,2組,"カタログP.18,19",141-356_1.jpg,https://www.san-nishimura.co.jp/product/item/?key_word=141-356
141-357,ワンタッチクッション大 17×8,원터치쿠션대 17×8,鼻パッド交換・調整,当たりと掛け心地を整えやすい,코패드 교체 및 조정,맞닿는 느낌과 착용감을 조정하기 쉬움,5100,KRW,2組,"カタログP.18,19",141-357_1.jpg,https://www.san-nishimura.co.jp/product/item/?key_word=141-357
141-359,箱蝶ソフト薄型 11.5×8×1.2,박스형 코받침소프트 11.5×8×1.2,鼻パッド交換・調整,当たりと掛け心地を整えやすい,코패드 교체 및 조정,맞닿는 느낌과 착용감을 조정하기 쉬움,5100,KRW,5組,"カタログP.14,15",141-359_1.jpg,https://www.san-nishimura.co.jp/product/item/?key_word=141-359
141-362,箱蝶薄型 10×8,박스형 코받침 10×8,鼻パッド交換・調整,当たりと掛け心地を整えやすい,코패드 교체 및 조정,맞닿는 느낌과 착용감을 조정하기 쉬움,5100,KRW,7組,"カタログP.14,15",141-362_1.jpg,https://www.san-nishimura.co.jp/product/item/?key_word=141-362
141-364,箱蝶薄型 14×9,박스형 코받침 14×9,鼻パッド交換・調整,当たりと掛け心地を整えやすい,코패드 교체 및 조정,맞닿는 느낌과 착용감을 조정하기 쉬움,5100,KRW,7組,"カタログP.14,15",141-364_1.jpg,https://www.san-nishimura.co.jp/product/item/?key_word=141-364
141-365,箱蝶極小U・G 10×6,박스형 코받침초소형U G 10×6,鼻パッド交換・調整,当たりと掛け心地を整えやすい,코패드 교체 및 조정,맞닿는 느낌과 착용감을 조정하기 쉬움,5100,KRW,3組,"カタログP.10,11",141-365_1.jpg,https://www.san-nishimura.co.jp/product/item/?key_word=141-365
141-366,箱蝶極小U・W 10×6,박스형 코받침초소형U W 10×6,鼻パッド交換・調整,当たりと掛け心地を整えやすい,코패드 교체 및 조정,맞닿는 느낌과 착용감을 조정하기 쉬움,5100,KRW,3組,"カタログP.10,11",141-366_1.jpg,https://www.san-nishimura.co.jp/product/item/?key_word=141-366
141-367,箱蝶極小G 14×7,박스형 코받침초소형G 14×7,鼻パッド交換・調整,当たりと掛け心地を整えやすい,코패드 교체 및 조정,맞닿는 느낌과 착용감을 조정하기 쉬움,5100,KRW,3組,"カタログP.10,11",141-367_1.jpg,https://www.san-nishimura.co.jp/product/item/?key_word=141-367
141-368,箱蝶極小W 14×7,박스형 코받침초소형W 14×7,鼻パッド交換・調整,当たりと掛け心地を整えやすい,코패드 교체 및 조정,맞닿는 느낌과 착용감을 조정하기 쉬움,5100,KRW,3組,"カタログP.10,11",141-368_1.jpg,https://www.san-nishimura.co.jp/product/item/?key_word=141-368
141-369,箱蝶シリコン極小G 14.5×7,박스형 코받침실리콘초소형G 14.5×7,鼻パッド交換・調整,当たりと掛け心地を整えやすい,코패드 교체 및 조정,맞닿는 느낌과 착용감을 조정하기 쉬움,6300,KRW,2組,"カタログP.6,7",141-369_1.jpg,https://www.san-nishimura.co.jp/product/item/?key_word=141-369
141-369A,箱蝶シリコンG極小14.5×7 (100組入),박스형 코받침실리콘G초소형14.5×7 (100 입),鼻パッド交換・調整,当たりと掛け心地を整えやすい,코패드 교체 및 조정,맞닿는 느낌과 착용감을 조정하기 쉬움,219800,KRW,100組,,,https://www.san-nishimura.co.jp/product/item/?key_word=141-369A
141-369B,箱蝶シリコンG極小14.5×7 (300組入),박스형 코받침실리콘G초소형14.5×7 (300 입),鼻パッド交換・調整,当たりと掛け心地を整えやすい,코패드 교체 및 조정,맞닿는 느낌과 착용감을 조정하기 쉬움,637000,KRW,300組,,,https://www.san-nishimura.co.jp/product/item/?key_word=141-369B
141-369S,箱蝶シリコンG極小14.5×7 (50組入),박스형 코받침실리콘G초소형14.5×7 (50 입),鼻パッド交換・調整,当たりと掛け心地を整えやすい,코패드 교체 및 조정,맞닿는 느낌과 착용감을 조정하기 쉬움,112200,KRW,50組,,,https://www.san-nishimura.co.jp/product/item/?key_word=141-369S
141-370,箱蝶シリコン極小W 14.5×7,박스형 코받침실리콘초소형W 14.5×7,鼻パッド交換・調整,当たりと掛け心地を整えやすい,코패드 교체 및 조정,맞닿는 느낌과 착용감을 조정하기 쉬움,6300,KRW,2組,"カタログP.6,7",141-370_1.jpg,https://www.san-nishimura.co.jp/product/item/?key_word=141-370
141-370A,箱蝶シリコンW極小14.5×7 (100組入),박스형 코받침실리콘W초소형14.5×7 (100 입),鼻パッド交換・調整,当たりと掛け心地を整えやすい,코패드 교체 및 조정,맞닿는 느낌과 착용감을 조정하기 쉬움,219800,KRW,100組,,,https://www.san-nishimura.co.jp/product/item/?key_word=141-370A
141-370B,箱蝶シリコンW極小14.5×7 (300組入),박스형 코받침실리콘W초소형14.5×7 (300 입),鼻パッド交換・調整,当たりと掛け心地を整えやすい,코패드 교체 및 조정,맞닿는 느낌과 착용감을 조정하기 쉬움,637000,KRW,300組,,,https://www.san-nishimura.co.jp/product/item/?key_word=141-370B
141-370S,箱蝶シリコンW極小14.5×7 (50組入),박스형 코받침실리콘W초소형14.5×7 (50 입),鼻パッド交換・調整,当たりと掛け心地を整えやすい,코패드 교체 및 조정,맞닿는 느낌과 착용감을 조정하기 쉬움,112200,KRW,50組,,,https://www.san-nishimura.co.jp/product/item/?key_word=141-370S
141-371-B,モダンCP丸芯1.5×70 ブルー,팁CP원형 코어1.5×70 블루,モダン交換,耳まわりの掛け心地と見た目を整えやすい,모던 교체,귀 주변 착용감과 외관을 정돈하기 쉬움,5100,KRW,,,141-371-B_1.jpg,https://www.san-nishimura.co.jp/product/item/?key_word=141-371-B
141-371-BK,モダンCP丸芯1.5×70 ブラック,팁CP원형 코어1.5×70 블랙,モダン交換,耳まわりの掛け心地と見た目を整えやすい,모던 교체,귀 주변 착용감과 외관을 정돈하기 쉬움,5100,KRW,,,141-371-BK_1.jpg,https://www.san-nishimura.co.jp/product/item/?key_word=141-371-BK
141-371-CBR,モダンCP丸芯1.5×70 クリアブラウン,팁CP원형 코어1.5×70 클리어 브라운,モダン交換,耳まわりの掛け心地と見た目を整えやすい,모던 교체,귀 주변 착용감과 외관을 정돈하기 쉬움,5100,KRW,,,141-371-CBR_1.jpg,https://www.san-nishimura.co.jp/product/item/?key_word=141-371-CBR
141-371-DBR,モダンCP丸芯1.5×70 ブラウン( ダークブラウン),팁CP원형 코어1.5×70 브라운(브라운),モダン交換,耳まわりの掛け心地と見た目を整えやすい,모던 교체,귀 주변 착용감과 외관을 정돈하기 쉬움,5100,KRW,,,141-371-DBR_1.jpg,https://www.san-nishimura.co.jp/product/item/?key_word=141-371-DBR
141-371-DM,モダンCP丸芯1.5×70 デミアンバー,팁CP원형 코어1.5×70 데미 앰버,モダン交換,耳まわりの掛け心地と見た目を整えやすい,모던 교체,귀 주변 착용감과 외관을 정돈하기 쉬움,5100,KRW,,,141-371-DM_1.jpg,https://www.san-nishimura.co.jp/product/item/?key_word=141-371-DM
141-371-GL,モダンCP丸芯1.5×70 グレー,팁CP원형 코어1.5×70 그레이,モダン交換,耳まわりの掛け心地と見た目を整えやすい,모던 교체,귀 주변 착용감과 외관을 정돈하기 쉬움,5100,KRW,,,141-371-GL_1.jpg,https://www.san-nishimura.co.jp/product/item/?key_word=141-371-GL
141-372-BK,ロングモダンCP丸芯ブラック,롱팁CP원형 코어블랙,モダン交換,耳まわりの掛け心地と見た目を整えやすい,모던 교체,귀 주변 착용감과 외관을 정돈하기 쉬움,5100,KRW,,,141-372-BK_1.jpg,https://www.san-nishimura.co.jp/product/item/?key_word=141-372-BK
141-372-BR,ロングモダンCP丸芯ブラウン,롱팁CP원형 코어브라운,モダン交換,耳まわりの掛け心地と見た目を整えやすい,모던 교체,귀 주변 착용감과 외관을 정돈하기 쉬움,5100,KRW,,,141-372-BR_1.jpg,https://www.san-nishimura.co.jp/product/item/?key_word=141-372-BR
141-372-CL,ロングモダンCP丸芯クリア,롱팁CP원형 코어클리어,モダン交換,耳まわりの掛け心地と見た目を整えやすい,모던 교체,귀 주변 착용감과 외관을 정돈하기 쉬움,5100,KRW,,,141-372-CL_1.jpg,https://www.san-nishimura.co.jp/product/item/?key_word=141-372-CL
141-372-DM,ロングモダンCP丸芯デミアンバー,롱팁CP원형 코어데미 앰버,モダン交換,耳まわりの掛け心地と見た目を整えやすい,모던 교체,귀 주변 착용감과 외관을 정돈하기 쉬움,5100,KRW,,,141-372-DM_1.jpg,https://www.san-nishimura.co.jp/product/item/?key_word=141-372-DM
141-373-BR,シートモダン丸芯 アセテート 1.3×68 ブラウン,시트팁원형 코어 아세테이트 1.3×68 브라운,テンプルの貼るフィット調整,短時間で掛け心地を微調整しやすい,템플 부착식 피팅 조정,착용감을 빠르게 미세 조정하기 쉬움,6300,KRW,,,141-373-BR_1.jpg,https://www.san-nishimura.co.jp/product/item/?key_word=141-373-BR
141-373-P,シートモダン丸芯 アセテート 1.3×68 ピンク,시트팁원형 코어 아세테이트 1.3×68 핑크,テンプルの貼るフィット調整,短時間で掛け心地を微調整しやすい,템플 부착식 피팅 조정,착용감을 빠르게 미세 조정하기 쉬움,6300,KRW,,,141-373-P_1.jpg,https://www.san-nishimura.co.jp/product/item/?key_word=141-373-P
141-373-WN,シートモダン丸芯 アセテート 1.3×68 ワイン,시트팁원형 코어 아세테이트 1.3×68 와인,テンプルの貼るフィット調整,短時間で掛け心地を微調整しやすい,템플 부착식 피팅 조정,착용감을 빠르게 미세 조정하기 쉬움,6300,KRW,,,141-373-WN_1.jpg,https://www.san-nishimura.co.jp/product/item/?key_word=141-373-WN
141-420,シリコンワンタッチ 極小 15.8×8,실리콘원터치 초소형 15.8×8,鼻パッド交換・調整,当たりと掛け心地を整えやすい,코패드 교체 및 조정,맞닿는 느낌과 착용감을 조정하기 쉬움,5100,KRW,3組,"カタログP.8,9,20,21",141-420_1.jpg,https://www.san-nishimura.co.jp/product/item/?key_word=141-420
141-420A,シリコンワンタッチ 極小(100組入),실리콘원터치 초소형(100 입),鼻パッド交換・調整,当たりと掛け心地を整えやすい,코패드 교체 및 조정,맞닿는 느낌과 착용감을 조정하기 쉬움,126100,KRW,100組,,,https://www.san-nishimura.co.jp/product/item/?key_word=141-420A
141-420B,シリコンワンタッチ 極小(300組入),실리콘원터치 초소형(300 입),鼻パッド交換・調整,当たりと掛け心地を整えやすい,코패드 교체 및 조정,맞닿는 느낌과 착용감을 조정하기 쉬움,365300,KRW,300組,,,https://www.san-nishimura.co.jp/product/item/?key_word=141-420B
141-420S,シリコンワンタッチ 極小(50組入),실리콘원터치 초소형(50 입),鼻パッド交換・調整,当たりと掛け心地を整えやすい,코패드 교체 및 조정,맞닿는 느낌과 착용감을 조정하기 쉬움,64400,KRW,50組,,,https://www.san-nishimura.co.jp/product/item/?key_word=141-420S
141-421,シリコンワンタッチ 極小 13×7,실리콘원터치 초소형 13×7,鼻パッド交換・調整,当たりと掛け心地を整えやすい,코패드 교체 및 조정,맞닿는 느낌과 착용감을 조정하기 쉬움,5100,KRW,3組,"カタログP.8,9,20,21",141-421_1.jpg,https://www.san-nishimura.co.jp/product/item/?key_word=141-421
141-421A,シリコンワンタッチ 極小(100組入),실리콘원터치 초소형(100 입),鼻パッド交換・調整,当たりと掛け心地を整えやすい,코패드 교체 및 조정,맞닿는 느낌과 착용감을 조정하기 쉬움,126100,KRW,100組,,,https://www.san-nishimura.co.jp/product/item/?key_word=141-421A
141-421B,シリコンワンタッチ 極小(300組入),실리콘원터치 초소형(300 입),鼻パッド交換・調整,当たりと掛け心地を整えやすい,코패드 교체 및 조정,맞닿는 느낌과 착용감을 조정하기 쉬움,365300,KRW,300組,,,https://www.san-nishimura.co.jp/product/item/?key_word=141-421B
141-421S,シリコンワンタッチ 極小(50組入),실리콘원터치 초소형(50 입),鼻パッド交換・調整,当たりと掛け心地を整えやすい,코패드 교체 및 조정,맞닿는 느낌과 착용감을 조정하기 쉬움,64400,KRW,50組,,,https://www.san-nishimura.co.jp/product/item/?key_word=141-421S
141-422,箱蝶シリコン 極小 13×7,박스형 코받침실리콘 초소형 13×7,鼻パッド交換・調整,当たりと掛け心地を整えやすい,코패드 교체 및 조정,맞닿는 느낌과 착용감을 조정하기 쉬움,5100,KRW,3組,"カタログP.6,7,20,21",141-422_1.jpg,https://www.san-nishimura.co.jp/product/item/?key_word=141-422
141-423,シリコンツインパット15×9,실리콘 코받침15×9,鼻パッド交換・調整,当たりと掛け心地を整えやすい,코패드 교체 및 조정,맞닿는 느낌과 착용감을 조정하기 쉬움,5100,KRW,2ヶ,"カタログP.6,7",141-423_1.jpg,https://www.san-nishimura.co.jp/product/item/?key_word=141-423
141-425,鼻盛パット 15×7,코받침 보강 패드코받침 15×7,鼻盛り・掛け位置調整,低い鼻当てでも掛け位置を整えやすい,코받침 보정 및 착용 위치 조정,낮은 코받침도 착용 위치를 맞추기 쉬움,5100,KRW,2組,"カタログP.26,27,230",141-425_1.jpg,https://www.san-nishimura.co.jp/product/item/%e9%bc%bb%e7%9b%9b%e3%83%91%e3%83%83%e3%83%89_%e8%b2%bc%e3%82%8b%e3%82%bf%e3%82%a4%e3%83%97/
141-426,鼻盛パット 15×7,코받침 보강 패드코받침 15×7,鼻盛り・掛け位置調整,低い鼻当てでも掛け位置を整えやすい,코받침 보정 및 착용 위치 조정,낮은 코받침도 착용 위치를 맞추기 쉬움,5100,KRW,2組,"カタログP.26,27,230",141-426_1.jpg,https://www.san-nishimura.co.jp/product/item/?key_word=141-426
141-427,鼻盛パット 19×7,코받침 보강 패드코받침 19×7,鼻盛り・掛け位置調整,低い鼻当てでも掛け位置を整えやすい,코받침 보정 및 착용 위치 조정,낮은 코받침도 착용 위치를 맞추기 쉬움,5100,KRW,2組,"カタログP.28,29,231",141-427_1.jpg,https://www.san-nishimura.co.jp/product/item/?key_word=141-427
141-428,鼻盛パット 15×7,코받침 보강 패드코받침 15×7,鼻盛り・掛け位置調整,低い鼻当てでも掛け位置を整えやすい,코받침 보정 및 착용 위치 조정,낮은 코받침도 착용 위치를 맞추기 쉬움,5100,KRW,2組,"カタログP.28,29,231",141-428_1.jpg,https://www.san-nishimura.co.jp/product/item/?key_word=141-428
141-474,シリコンツインパットG小 13×7,실리콘 코받침G소 13×7,鼻パッド交換・調整,当たりと掛け心地を整えやすい,코패드 교체 및 조정,맞닿는 느낌과 착용감을 조정하기 쉬움,6300,KRW,1ヶ,"カタログP.6,7,20,21",141-474_1.jpg,https://www.san-nishimura.co.jp/product/item/?key_word=141-474
141-475,シリコンツインパットW小 13×7,실리콘 코받침W소 13×7,鼻パッド交換・調整,当たりと掛け心地を整えやすい,코패드 교체 및 조정,맞닿는 느낌과 착용감을 조정하기 쉬움,6300,KRW,1ヶ,"カタログP.6,7,20,21",141-475_1.jpg,https://www.san-nishimura.co.jp/product/item/?key_word=141-475
141-480,箱蝶シリコンG極小U 14.5×7,박스형 코받침실리콘G초소형U 14.5×7,鼻パッド交換・調整,当たりと掛け心地を整えやすい,코패드 교체 및 조정,맞닿는 느낌과 착용감을 조정하기 쉬움,5100,KRW,2組,"カタログP.6,7,20,21",141-480_1.jpg,https://www.san-nishimura.co.jp/product/item/?key_word=141-480
141-480A,箱蝶シリコンG極小U14.5×7(100組入),박스형 코받침실리콘G초소형U14.5×7(100 입),鼻パッド交換・調整,当たりと掛け心地を整えやすい,코패드 교체 및 조정,맞닿는 느낌과 착용감을 조정하기 쉬움,178500,KRW,100組,,,https://www.san-nishimura.co.jp/product/item/?key_word=141-480A
141-480B,箱蝶シリコンG極小U14.5×7(300組入),박스형 코받침실리콘G초소형U14.5×7(300 입),鼻パッド交換・調整,当たりと掛け心地を整えやすい,코패드 교체 및 조정,맞닿는 느낌과 착용감을 조정하기 쉬움,517500,KRW,300組,,,https://www.san-nishimura.co.jp/product/item/?key_word=141-480B
141-480S,箱蝶シリコンG極小U14.5×7(50組入),박스형 코받침실리콘G초소형U14.5×7(50 입),鼻パッド交換・調整,当たりと掛け心地を整えやすい,코패드 교체 및 조정,맞닿는 느낌과 착용감을 조정하기 쉬움,91300,KRW,50組,,,https://www.san-nishimura.co.jp/product/item/?key_word=141-480S
141-481,箱蝶シリコンW極小U 14.5×7,박스형 코받침실리콘W초소형U 14.5×7,鼻パッド交換・調整,当たりと掛け心地を整えやすい,코패드 교체 및 조정,맞닿는 느낌과 착용감을 조정하기 쉬움,5100,KRW,2組,"カタログP.6,7,20,21",141-481_1.jpg,https://www.san-nishimura.co.jp/product/item/?key_word=141-481
141-481A,箱蝶シリコンW極小U14.5×7(100組入),박스형 코받침실리콘W초소형U14.5×7(100 입),鼻パッド交換・調整,当たりと掛け心地を整えやすい,코패드 교체 및 조정,맞닿는 느낌과 착용감을 조정하기 쉬움,178500,KRW,100組,,,https://www.san-nishimura.co.jp/product/item/?key_word=141-481A
141-481B,箱蝶シリコンW極小U14.5×7(300組入),박스형 코받침실리콘W초소형U14.5×7(300 입),鼻パッド交換・調整,当たりと掛け心地を整えやすい,코패드 교체 및 조정,맞닿는 느낌과 착용감을 조정하기 쉬움,517500,KRW,300組,,,https://www.san-nishimura.co.jp/product/item/?key_word=141-481B
141-481S,箱蝶シリコンW極小U14.5×7(50組入),박스형 코받침실리콘W초소형U14.5×7(50 입),鼻パッド交換・調整,当たりと掛け心地を整えやすい,코패드 교체 및 조정,맞닿는 느낌과 착용감을 조정하기 쉬움,91300,KRW,50組,,,https://www.san-nishimura.co.jp/product/item/?key_word=141-481S
141-488,"シリコン極小 13×7.5ネジ,ワンタッチ兼用","실리콘초소형 13×7.5나사,원터치",鼻パッド交換・調整,当たりと掛け心地を整えやすい,코패드 교체 및 조정,맞닿는 느낌과 착용감을 조정하기 쉬움,5100,KRW,3組,"カタログP.8,9",141-488_1.jpg,https://www.san-nishimura.co.jp/product/item/?key_word=141-488
141-489,"シリコン極小 15×8 ネジ,ワンタッチ兼用","실리콘초소형 15×8 나사,원터치",鼻パッド交換・調整,当たりと掛け心地を整えやすい,코패드 교체 및 조정,맞닿는 느낌과 착용감을 조정하기 쉬움,5100,KRW,3組,"カタログP.8,9",141-489_1.jpg,https://www.san-nishimura.co.jp/product/item/?key_word=141-489
141-490,"シリコン小 17×9.5 ネジ,ワンタッチ兼用","실리콘소 17×9.5 나사,원터치",鼻パッド交換・調整,当たりと掛け心地を整えやすい,코패드 교체 및 조정,맞닿는 느낌과 착용감을 조정하기 쉬움,5100,KRW,3組,"カタログP.8,9",141-490_1.jpg,https://www.san-nishimura.co.jp/product/item/?key_word=141-490
141-493,箱蝶コーンG 17.5×7.5,박스형 코받침 G 17.5×7.5,鼻パッド交換・調整,当たりと掛け心地を整えやすい,코패드 교체 및 조정,맞닿는 느낌과 착용감을 조정하기 쉬움,5100,KRW,3組,"カタログP.12,13",141-493_1.jpg,https://www.san-nishimura.co.jp/product/item/?key_word=141-493
141-494,箱蝶コーンW 17.5×7.5,박스형 코받침 W 17.5×7.5,鼻パッド交換・調整,当たりと掛け心地を整えやすい,코패드 교체 및 조정,맞닿는 느낌과 착용감을 조정하기 쉬움,5100,KRW,3組,"カタログP.12,13",141-494_1.jpg,https://www.san-nishimura.co.jp/product/item/?key_word=141-494
141-495,箱蝶チタンW 10.5×6,박스형 코받침티타늄W 10.5×6,鼻パッド交換・調整,当たりと掛け心地を整えやすい,코패드 교체 및 조정,맞닿는 느낌과 착용감을 조정하기 쉬움,5100,KRW,1組,"カタログP.12,13",141-495_1.jpg,https://www.san-nishimura.co.jp/product/item/?key_word=141-495
141-499,箱蝶極小 14.5×7.5,박스형 코받침초소형 14.5×7.5,鼻パッド交換・調整,当たりと掛け心地を整えやすい,코패드 교체 및 조정,맞닿는 느낌과 착용감을 조정하기 쉬움,5100,KRW,4組,"カタログP.10,11",141-499_1.jpg,https://www.san-nishimura.co.jp/product/item/?key_word=141-499
141-500,箱蝶 小 17×8.5,박스형 코받침 소 17×8.5,鼻パッド交換・調整,当たりと掛け心地を整えやすい,코패드 교체 및 조정,맞닿는 느낌과 착용감을 조정하기 쉬움,5100,KRW,4組,"カタログP.10,11",141-500_1.jpg,https://www.san-nishimura.co.jp/product/item/?key_word=141-500
141-501,箱蝶極小 13×7,박스형 코받침초소형 13×7,鼻パッド交換・調整,当たりと掛け心地を整えやすい,코패드 교체 및 조정,맞닿는 느낌과 착용감을 조정하기 쉬움,5100,KRW,4組,"カタログP.10,11",141-501_1.jpg,https://www.san-nishimura.co.jp/product/item/?key_word=141-501
141-502,巻式丸 9.5丸,원형 9.5원형,鼻パッド交換・調整,当たりと掛け心地を整えやすい,코패드 교체 및 조정,맞닿는 느낌과 착용감을 조정하기 쉬움,5100,KRW,,"カタログP.18,19",141-502_1.jpg,https://www.san-nishimura.co.jp/product/item/%e3%83%8f%e3%83%bc%e3%83%89%e3%83%91%e3%83%83%e3%83%88_%e5%b7%bb%e5%bc%8f/
141-503,箱蝶エアシリコン極小14.5×7.5,박스형 코받침 실리콘초소형14.5×7.5,鼻当たりの軽減,やわらかい掛け心地を提案しやすい,코 압박 완화,부드러운 착용감을 제안하기 쉬움,6300,KRW,1組,"カタログP.6,7,20,21",141-503_1.jpg,https://www.san-nishimura.co.jp/product/item/?key_word=141-503
141-504,六角ネジGUN 1.4×12.0,각형나사GUN 1.4×12.0,ネジ交換・固定,ゆるみや紛失時に対応しやすい,나사 교체 및 고정,풀림이나 분실에 대응하기 쉬움,5100,KRW,8本,カタログP.48,141-504_1.jpg,https://www.san-nishimura.co.jp/product/item/?key_word=141-504
141-505,±ツーポイントネジGUN 1.4×12.0,±무테 투포인트나사GUN 1.4×12.0,ツーポイント固定・補修,寸法を合わせて外れを補修しやすい,무테 프레임 고정 및 보수,치수를 맞춰 이탈 부위를 보수하기 쉬움,5100,KRW,20本,カタログP.48,141-505_1.jpg,https://www.san-nishimura.co.jp/product/item/?key_word=141-505
141-506,六角底付けナットGUN 1.4×2.25×2.0,각형 포함 너트GUN 1.4×2.25×2.0,ナット固定・交換,ガタつきを抑えて仕上がりを安定させやすい,너트 고정 및 교체,흔들림을 줄이고 마감을 안정시키기 쉬움,5100,KRW,14ヶ,カタログP.49,141-506_1.jpg,https://www.san-nishimura.co.jp/product/item/?key_word=141-506
141-507,六角ナットGUN 1.4×2.25×1.0,육각 너트GUN 1.4×2.25×1.0,ナット固定・交換,ガタつきを抑えて仕上がりを安定させやすい,너트 고정 및 교체,흔들림을 줄이고 마감을 안정시키기 쉬움,5100,KRW,28ヶ,カタログP.49,141-507_1.jpg,https://www.san-nishimura.co.jp/product/item/?key_word=141-507
141-512,ラミナート専用ナイロンワッシャ 3.0x0.3x1.85(16本入),나일론 와셔 3.0x0.3x1.85(16개),固定補助,当たりやガタつきを抑えやすい,고정 보조,닿는 손상과 흔들림을 줄이기 쉬움,5100,KRW,16本,カタログP.51,141-512_1.jpg,https://www.san-nishimura.co.jp/product/item/?key_word=141-512
141-513,ラミナートG薄型段付ナット 1.4×2.5×1.2(8本入),G 단차 너트 1.4×2.5×1.2(8개),ナット固定・交換,ガタつきを抑えて仕上がりを安定させやすい,너트 고정 및 교체,흔들림을 줄이고 마감을 안정시키기 쉬움,5100,KRW,8本,カタログP.51,141-513_1.jpg,https://www.san-nishimura.co.jp/product/item/?key_word=141-513
141-514,ラミナートW薄型段付ナット 1.4×2.5×1.2(8本入),W 단차 너트 1.4×2.5×1.2(8개),ナット固定・交換,ガタつきを抑えて仕上がりを安定させやすい,너트 고정 및 교체,흔들림을 줄이고 마감을 안정시키기 쉬움,5100,KRW,8本,カタログP.51,141-514_1.jpg,https://www.san-nishimura.co.jp/product/item/?key_word=141-514
141-515,パット止めワンタッチピン 1.2x4.0x1.8,코받침 원터치 1.2x4.0x1.8,鼻パッド交換・調整,当たりと掛け心地を整えやすい,코패드 교체 및 조정,맞닿는 느낌과 착용감을 조정하기 쉬움,5100,KRW,16本,カタログP.47,141-515_1.jpg,https://www.san-nishimura.co.jp/product/item/?key_word=141-515
141-530,箱蝶エアシリコン 小17×8.5,박스형 코받침 실리콘 소17×8.5,鼻当たりの軽減,やわらかい掛け心地を提案しやすい,코 압박 완화,부드러운 착용감을 제안하기 쉬움,6300,KRW,1組,"カタログP.6,7,20,21",141-530_1.jpg,https://www.san-nishimura.co.jp/product/item/?key_word=141-530
141-534,丁番段付座金W 2.8×0.5×1.6,힌지 포함와셔W 2.8×0.5×1.6,丁番・テンプル開閉部の補修,開閉の動きやガタつきを整えやすい,힌지 및 템플 개폐부 보수,개폐 움직임과 흔들림을 정돈하기 쉬움,5100,KRW,20ヶ,カタログP.53,141-534_1.jpg,https://www.san-nishimura.co.jp/product/item/%e4%b8%81%e7%95%aa%e7%94%a8%e5%ba%a7%e9%87%91/
141-534A,丁番段付座金W2.8×0.5×1.6 100個入,힌지 포함와셔W2.8×0.5×1.6 100개,丁番・テンプル開閉部の補修,開閉の動きやガタつきを整えやすい,힌지 및 템플 개폐부 보수,개폐 움직임과 흔들림을 정돈하기 쉬움,19600,KRW,100個,,,https://www.san-nishimura.co.jp/product/item/?key_word=141-534A
141-534B,丁番段付座金W2.8×0.5×1.6 300個入,힌지 포함와셔W2.8×0.5×1.6 300개,丁番・テンプル開閉部の補修,開閉の動きやガタつきを整えやすい,힌지 및 템플 개폐부 보수,개폐 움직임과 흔들림을 정돈하기 쉬움,54400,KRW,300個,,,https://www.san-nishimura.co.jp/product/item/?key_word=141-534B
141-534C,丁番段付座金W(1000個入),힌지 포함와셔W(1000개),丁番・テンプル開閉部の補修,開閉の動きやガタつきを整えやすい,힌지 및 템플 개폐부 보수,개폐 움직임과 흔들림을 정돈하기 쉬움,169800,KRW,1000個,,,https://www.san-nishimura.co.jp/product/item/?key_word=141-534C
141-539,金属ワッシャG 1.2×2.3×0.5,금속 와셔G 1.2×2.3×0.5,固定補助,当たりやガタつきを抑えやすい,고정 보조,닿는 손상과 흔들림을 줄이기 쉬움,5100,KRW,16ヶ,カタログP.51,141-539_1.jpg,https://www.san-nishimura.co.jp/product/item/?key_word=141-539
141-539A,金属ワッシャG(100個入),금속 와셔G(100개),固定補助,当たりやガタつきを抑えやすい,고정 보조,닿는 손상과 흔들림을 줄이기 쉬움,25800,KRW,100個,,,https://www.san-nishimura.co.jp/product/item/?key_word=141-539A
141-539B,金属ワッシャG(300個入),금속 와셔G(300개),固定補助,当たりやガタつきを抑えやすい,고정 보조,닿는 손상과 흔들림을 줄이기 쉬움,62100,KRW,300個,,,https://www.san-nishimura.co.jp/product/item/?key_word=141-539B
141-540,金属ワッシャW 1.2×2.3×0.5,금속 와셔W 1.2×2.3×0.5,固定補助,当たりやガタつきを抑えやすい,고정 보조,닿는 손상과 흔들림을 줄이기 쉬움,5100,KRW,25ヶ,カタログP.51,141-540_1.jpg,https://www.san-nishimura.co.jp/product/item/?key_word=141-540
141-540A,金属ワッシャW(100個入),금속 와셔W(100개),固定補助,当たりやガタつきを抑えやすい,고정 보조,닿는 손상과 흔들림을 줄이기 쉬움,18500,KRW,100個,,,https://www.san-nishimura.co.jp/product/item/?key_word=141-540A
141-540B,金属ワッシャW(300個入),금속 와셔W(300개),固定補助,当たりやガタつきを抑えやすい,고정 보조,닿는 손상과 흔들림을 줄이기 쉬움,51000,KRW,300個,,,https://www.san-nishimura.co.jp/product/item/?key_word=141-540B
141-541,丁番段付ワッシャ・ジュラコン 3.0×0.5×1.78,힌지 포함와셔 3.0×0.5×1.78,丁番・テンプル開閉部の補修,開閉の動きやガタつきを整えやすい,힌지 및 템플 개폐부 보수,개폐 움직임과 흔들림을 정돈하기 쉬움,5100,KRW,,"カタログP.52,53",141-541_1.jpg,https://www.san-nishimura.co.jp/product/item/?key_word=141-541
141-541A,丁番段付ワッシャ・ジュラコン 3.0×0.5×1.78 100個入,힌지 포함와셔 3.0×0.5×1.78 100개,丁番・テンプル開閉部の補修,開閉の動きやガタつきを整えやすい,힌지 및 템플 개폐부 보수,개폐 움직임과 흔들림을 정돈하기 쉬움,39600,KRW,100個,,,https://www.san-nishimura.co.jp/product/item/?key_word=141-541A
141-541B,丁番段付ワッシャ・ジュラコン 3.0×0.5×1.78 300個入,힌지 포함와셔 3.0×0.5×1.78 300개,丁番・テンプル開閉部の補修,開閉の動きやガタつきを整えやすい,힌지 및 템플 개폐부 보수,개폐 움직임과 흔들림을 정돈하기 쉬움,107400,KRW,300個,,,https://www.san-nishimura.co.jp/product/item/?key_word=141-541B
141-543,箱蝶コーン・チタン芯 14×7,박스형 코받침 티타늄 14×7,鼻パッド交換・調整,当たりと掛け心地を整えやすい,코패드 교체 및 조정,맞닿는 느낌과 착용감을 조정하기 쉬움,5100,KRW,1組,"カタログP.12,13",141-543_1.jpg,https://www.san-nishimura.co.jp/product/item/?key_word=141-543
141-544-B,モダンCP平芯 ブルー2.0×80,팁CP평면 블루2.0×80,モダン交換,耳まわりの掛け心地と見た目を整えやすい,모던 교체,귀 주변 착용감과 외관을 정돈하기 쉬움,5100,KRW,,,141-544-B_1.jpg,https://www.san-nishimura.co.jp/product/item/?key_word=141-544-B
141-544-BK,モダンCP平芯 ブラック 2.0×80,팁CP평면 블랙 2.0×80,モダン交換,耳まわりの掛け心地と見た目を整えやすい,모던 교체,귀 주변 착용감과 외관을 정돈하기 쉬움,5100,KRW,,,141-544-BK_1.jpg,https://www.san-nishimura.co.jp/product/item/?key_word=141-544-BK
141-544-BR,モダンCP平芯 ブラウン 2.0×80,팁CP평면 브라운 2.0×80,モダン交換,耳まわりの掛け心地と見た目を整えやすい,모던 교체,귀 주변 착용감과 외관을 정돈하기 쉬움,5100,KRW,,,141-544-BR_1.jpg,https://www.san-nishimura.co.jp/product/item/?key_word=141-544-BR
141-544-DM,モダンCP平芯 デミアンバー 2.0×80,팁CP평면 데미 앰버 2.0×80,モダン交換,耳まわりの掛け心地と見た目を整えやすい,모던 교체,귀 주변 착용감과 외관을 정돈하기 쉬움,5100,KRW,,,141-544-DM_1.jpg,https://www.san-nishimura.co.jp/product/item/?key_word=141-544-DM
141-544-GL,モダンCP平芯2.0×80(グレー),팁CP평면 2.0×80(그레이),モダン交換,耳まわりの掛け心地と見た目を整えやすい,모던 교체,귀 주변 착용감과 외관을 정돈하기 쉬움,5100,KRW,,,141-544-GL_1.jpg,https://www.san-nishimura.co.jp/product/item/?key_word=141-544-GL
141-545,ワンタッチ極小 13×7,원터치초소형 13×7,鼻パッド交換・調整,当たりと掛け心地を整えやすい,코패드 교체 및 조정,맞닿는 느낌과 착용감을 조정하기 쉬움,5100,KRW,3組,"カタログP.18,19,20,21",141-545_1.jpg,https://www.san-nishimura.co.jp/product/item/?key_word=141-545
141-546,ワンタッチ極小 14.5×7.5,원터치초소형 14.5×7.5,鼻パッド交換・調整,当たりと掛け心地を整えやすい,코패드 교체 및 조정,맞닿는 느낌과 착용감을 조정하기 쉬움,5100,KRW,3組,"カタログP.18,19,20,21",141-546_1.jpg,https://www.san-nishimura.co.jp/product/item/?key_word=141-546
141-547,ワンタッチ小 17.5×8.5,원터치소 17.5×8.5,鼻パッド交換・調整,当たりと掛け心地を整えやすい,코패드 교체 및 조정,맞닿는 느낌과 착용감을 조정하기 쉬움,5100,KRW,3組,"カタログP.18,19,20,21",141-547_1.jpg,https://www.san-nishimura.co.jp/product/item/?key_word=141-547
141-548,シリコン巻式丸 9.5丸,실리콘 원형 9.5원형,鼻パッド交換・調整,当たりと掛け心地を整えやすい,코패드 교체 및 조정,맞닿는 느낌과 착용감을 조정하기 쉬움,5100,KRW,,"カタログP.8,9,20,21",141-548_1.jpg,https://www.san-nishimura.co.jp/product/item/%e7%89%b9%e6%ae%8a%e3%83%91%e3%83%83%e3%83%88%e3%82%bb%e3%83%83%e3%83%88/
141-549,シリコン巻式 12×10,실리콘 12×10,鼻パッド交換・調整,当たりと掛け心地を整えやすい,코패드 교체 및 조정,맞닿는 느낌과 착용감을 조정하기 쉬움,5100,KRW,,"カタログP.8,9,20,21",141-549_1.jpg,https://www.san-nishimura.co.jp/product/item/%e7%89%b9%e6%ae%8a%e3%83%91%e3%83%83%e3%83%88%e3%82%bb%e3%83%83%e3%83%88/
141-550,箱蝶形状記憶パットG小14.5×7.5,박스형 코받침 코받침G소14.5×7.5,鼻パッド交換・調整,当たりと掛け心地を整えやすい,코패드 교체 및 조정,맞닿는 느낌과 착용감을 조정하기 쉬움,5100,KRW,1組,"カタログP.14,15",141-550_1.jpg,https://www.san-nishimura.co.jp/product/item/?key_word=141-550
141-551,箱蝶形状記憶パットW小14.5×7.5,박스형 코받침 코받침W소14.5×7.5,鼻パッド交換・調整,当たりと掛け心地を整えやすい,코패드 교체 및 조정,맞닿는 느낌과 착용감을 조정하기 쉬움,5100,KRW,1組,"カタログP.14,15",141-551_1.jpg,https://www.san-nishimura.co.jp/product/item/?key_word=141-551
141-552,箱蝶形状記憶パットG中16×8.5,박스형 코받침 코받침G중16×8.5,鼻パッド交換・調整,当たりと掛け心地を整えやすい,코패드 교체 및 조정,맞닿는 느낌과 착용감을 조정하기 쉬움,5100,KRW,1組,"カタログP.14,15",141-552_1.jpg,https://www.san-nishimura.co.jp/product/item/?key_word=141-552
141-553,箱蝶形状記憶パットW中16×8.5,박스형 코받침 코받침W중16×8.5,鼻パッド交換・調整,当たりと掛け心地を整えやすい,코패드 교체 및 조정,맞닿는 느낌과 착용감을 조정하기 쉬움,5100,KRW,1組,"カタログP.14,15",141-553_1.jpg,https://www.san-nishimura.co.jp/product/item/?key_word=141-553
141-554,箱蝶形状記憶パットG大17.5×8.5,박스형 코받침 코받침G대17.5×8.5,鼻パッド交換・調整,当たりと掛け心地を整えやすい,코패드 교체 및 조정,맞닿는 느낌과 착용감을 조정하기 쉬움,5100,KRW,1組,"カタログP.14,15",141-554_1.jpg,https://www.san-nishimura.co.jp/product/item/?key_word=141-554
141-555,箱蝶形状記憶パットW大17.5×8.5,박스형 코받침 코받침W대17.5×8.5,鼻パッド交換・調整,当たりと掛け心地を整えやすい,코패드 교체 및 조정,맞닿는 느낌과 착용감을 조정하기 쉬움,5100,KRW,1組,"カタログP.14,15",141-555_1.jpg,https://www.san-nishimura.co.jp/product/item/?key_word=141-555
141-566,ジュラコン段付ワッシャ 1.9×3.0×1.5,포함와셔 1.9×3.0×1.5,固定補助,当たりやガタつきを抑えやすい,고정 보조,닿는 손상과 흔들림을 줄이기 쉬움,5100,KRW,16ヶ,カタログP.51,141-566_1.jpg,https://www.san-nishimura.co.jp/product/item/?key_word=141-566
141-566A,ジュラコン段付ワッシャ1.9×3.0×1.5 100個入り,포함와셔1.9×3.0×1.5 100개,固定補助,当たりやガタつきを抑えやすい,고정 보조,닿는 손상과 흔들림을 줄이기 쉬움,25800,KRW,100個,,,https://www.san-nishimura.co.jp/product/item/?key_word=141-566A
141-566B,ジュラコン段付ワッシャ1.9×3.0×1.5 300個入り,포함와셔1.9×3.0×1.5 300개,固定補助,当たりやガタつきを抑えやすい,고정 보조,닿는 손상과 흔들림을 줄이기 쉬움,62100,KRW,300個,,,https://www.san-nishimura.co.jp/product/item/?key_word=141-566B
141-567-BK,シートモダン丸芯 アセテート 1.5×73 ブラック,시트팁원형 코어 아세테이트 1.5×73 블랙,テンプルの貼るフィット調整,短時間で掛け心地を微調整しやすい,템플 부착식 피팅 조정,착용감을 빠르게 미세 조정하기 쉬움,6300,KRW,,,141-567-BK_1.jpg,https://www.san-nishimura.co.jp/product/item/?key_word=141-567-BK
141-567-BR,シートモダン丸芯 アセテート 1.5×73 ブラウン,시트팁원형 코어 아세테이트 1.5×73 브라운,テンプルの貼るフィット調整,短時間で掛け心地を微調整しやすい,템플 부착식 피팅 조정,착용감을 빠르게 미세 조정하기 쉬움,6300,KRW,,,141-567-BR_1.jpg,https://www.san-nishimura.co.jp/product/item/?key_word=141-567-BR
141-567-DM,シートモダン丸芯 アセテート 1.5×73 デミアンバー,시트팁원형 코어 아세테이트 1.5×73 데미 앰버,テンプルの貼るフィット調整,短時間で掛け心地を微調整しやすい,템플 부착식 피팅 조정,착용감을 빠르게 미세 조정하기 쉬움,6300,KRW,,,141-567-DM_1.jpg,https://www.san-nishimura.co.jp/product/item/?key_word=141-567-DM
141-567-P,シートモダン丸芯 アセテート 1.5×73 ピンク,시트팁원형 코어 아세테이트 1.5×73 핑크,テンプルの貼るフィット調整,短時間で掛け心地を微調整しやすい,템플 부착식 피팅 조정,착용감을 빠르게 미세 조정하기 쉬움,6300,KRW,,,141-567-P_1.jpg,https://www.san-nishimura.co.jp/product/item/?key_word=141-567-P
141-567-V,シートモダン丸芯 アセテート 1.5×73 バイオレット,시트팁원형 코어 아세테이트 1.5×73,テンプルの貼るフィット調整,短時間で掛け心地を微調整しやすい,템플 부착식 피팅 조정,착용감을 빠르게 미세 조정하기 쉬움,6300,KRW,,,141-567-V_1.jpg,https://www.san-nishimura.co.jp/product/item/?key_word=141-567-V
141-568-BK,シートモダン平芯 アセテート 2.6×70 ブラック,시트팁평면 아세테이트 2.6×70 블랙,テンプルの貼るフィット調整,短時間で掛け心地を微調整しやすい,템플 부착식 피팅 조정,착용감을 빠르게 미세 조정하기 쉬움,6300,KRW,,,141-568-BK_1.jpg,https://www.san-nishimura.co.jp/product/item/?key_word=141-568-BK
141-568-BR,シートモダン平芯 アセテート 2.6×70 ブラウン,시트팁평면 아세테이트 2.6×70 브라운,テンプルの貼るフィット調整,短時間で掛け心地を微調整しやすい,템플 부착식 피팅 조정,착용감을 빠르게 미세 조정하기 쉬움,6300,KRW,,,141-568-BR_1.jpg,https://www.san-nishimura.co.jp/product/item/?key_word=141-568-BR
141-568-DM,シートモダン平芯 アセテート 2.6×70 デミアンバー,시트팁평면 아세테이트 2.6×70 데미 앰버,テンプルの貼るフィット調整,短時間で掛け心地を微調整しやすい,템플 부착식 피팅 조정,착용감을 빠르게 미세 조정하기 쉬움,6300,KRW,,,141-568-DM_1.jpg,https://www.san-nishimura.co.jp/product/item/?key_word=141-568-DM
141-570-BE,モダンCP平芯テンプルカット用ベ-ジュ2.5×70,팁CP평면 - 2.5×70,モダン交換,耳まわりの掛け心地と見た目を整えやすい,모던 교체,귀 주변 착용감과 외관을 정돈하기 쉬움,5100,KRW,,,141-570-BE_1.jpg,https://www.san-nishimura.co.jp/product/item/?key_word=141-570-BE
141-570-R,モダンCP平芯テンプルカット用エンジ2.5×70,팁CP평면 2.5×70,モダン交換,耳まわりの掛け心地と見た目を整えやすい,모던 교체,귀 주변 착용감과 외관을 정돈하기 쉬움,5100,KRW,,,141-570-R_1.jpg,https://www.san-nishimura.co.jp/product/item/?key_word=141-570-R
141-571-BP,モダンCP平芯テンプルカット用ベ-ジュパ-ル2.1×60,팁CP평면 - - 2.1×60,モダン交換,耳まわりの掛け心地と見た目を整えやすい,모던 교체,귀 주변 착용감과 외관을 정돈하기 쉬움,5100,KRW,,,141-571-BP_1.jpg,https://www.san-nishimura.co.jp/product/item/?key_word=141-571-BP
141-571-R,モダンCP平芯テンプルカット用エンジ2.1×60,팁CP평면 2.1×60,モダン交換,耳まわりの掛け心地と見た目を整えやすい,모던 교체,귀 주변 착용감과 외관을 정돈하기 쉬움,5100,KRW,,,141-571-R_1.jpg,https://www.san-nishimura.co.jp/product/item/?key_word=141-571-R
141-572-BE,モダンCP平芯テンプルカット用ベ-ジュ2.5×60,팁CP평면 - 2.5×60,モダン交換,耳まわりの掛け心地と見た目を整えやすい,모던 교체,귀 주변 착용감과 외관을 정돈하기 쉬움,5100,KRW,,,141-572-BE_1.jpg,https://www.san-nishimura.co.jp/product/item/?key_word=141-572-BE
141-572-DM,モダンCP平芯テンプルカット用デミアンバ-2.5×60,팁CP평면 -2.5×60,モダン交換,耳まわりの掛け心地と見た目を整えやすい,모던 교체,귀 주변 착용감과 외관을 정돈하기 쉬움,5100,KRW,,,141-572-DM_1.jpg,https://www.san-nishimura.co.jp/product/item/?key_word=141-572-DM
141-572-R,モダンCP平芯テンプルカット用エンジ2.5×60,팁CP평면 2.5×60,モダン交換,耳まわりの掛け心地と見た目を整えやすい,모던 교체,귀 주변 착용감과 외관을 정돈하기 쉬움,5100,KRW,,,141-572-R_1.jpg,https://www.san-nishimura.co.jp/product/item/?key_word=141-572-R
141-574,ナイロンナットG 1.4×2.24×1.5,나일론너트G 1.4×2.24×1.5,ナット固定・交換,ガタつきを抑えて仕上がりを安定させやすい,너트 고정 및 교체,흔들림을 줄이고 마감을 안정시키기 쉬움,5100,KRW,12ヶ,"カタログP.49,51",141-574_1.jpg,https://www.san-nishimura.co.jp/product/item/?key_word=141-574
141-574A,ナイロンナットG 1.4×2.24×1.5 100個入,나일론너트G 1.4×2.24×1.5 100개,ナット固定・交換,ガタつきを抑えて仕上がりを安定させやすい,너트 고정 및 교체,흔들림을 줄이고 마감을 안정시키기 쉬움,39600,KRW,100個,,,https://www.san-nishimura.co.jp/product/item/?key_word=141-574A
141-574B,ナイロンナットG 1.4×2.24×1.5 300個入,나일론너트G 1.4×2.24×1.5 300개,ナット固定・交換,ガタつきを抑えて仕上がりを安定させやすい,너트 고정 및 교체,흔들림을 줄이고 마감을 안정시키기 쉬움,107400,KRW,300個,,,https://www.san-nishimura.co.jp/product/item/?key_word=141-574B
141-575,ナイロンナットW 1.4×2.24×1.5,나일론너트W 1.4×2.24×1.5,ナット固定・交換,ガタつきを抑えて仕上がりを安定させやすい,너트 고정 및 교체,흔들림을 줄이고 마감을 안정시키기 쉬움,5100,KRW,14ヶ,"カタログP.49,51",141-575_1.jpg,https://www.san-nishimura.co.jp/product/item/?key_word=141-575
141-575A,ナイロンナットW 1.4×2.24×1.5 100個入,나일론너트W 1.4×2.24×1.5 100개,ナット固定・交換,ガタつきを抑えて仕上がりを安定させやすい,너트 고정 및 교체,흔들림을 줄이고 마감을 안정시키기 쉬움,32100,KRW,100個,,,https://www.san-nishimura.co.jp/product/item/?key_word=141-575A
141-575B,ナイロンナットW 1.4×2.24×1.5 300個入,나일론너트W 1.4×2.24×1.5 300개,ナット固定・交換,ガタつきを抑えて仕上がりを安定させやすい,너트 고정 및 교체,흔들림을 줄이고 마감을 안정시키기 쉬움,83300,KRW,300個,,,https://www.san-nishimura.co.jp/product/item/?key_word=141-575B
141-578,丁番リング,힌지,丁番・テンプル開閉部の補修,開閉の動きやガタつきを整えやすい,힌지 및 템플 개폐부 보수,개폐 움직임과 흔들림을 정돈하기 쉬움,5100,KRW,10ヶ,カタログP.55,141-578_1.jpg,https://www.san-nishimura.co.jp/product/item/?key_word=141-578
141-578-2,丁番リング (大) 4.0×2.5,힌지 (대) 4.0×2.5,丁番・テンプル開閉部の補修,開閉の動きやガタつきを整えやすい,힌지 및 템플 개폐부 보수,개폐 움직임과 흔들림을 정돈하기 쉬움,5100,KRW,8ヶ,カタログP.55,141-578-2_1.jpg,https://www.san-nishimura.co.jp/product/item/?key_word=141-578-2
141-578-3,丁番リング (中) 3.6×2.4,힌지 (중) 3.6×2.4,丁番・テンプル開閉部の補修,開閉の動きやガタつきを整えやすい,힌지 및 템플 개폐부 보수,개폐 움직임과 흔들림을 정돈하기 쉬움,5100,KRW,4ヶ,カタログP.55,141-578-3_1.jpg,https://www.san-nishimura.co.jp/product/item/?key_word=141-578-3
141-578-4,丁番リング (小) 3.3×2.4,힌지 (소) 3.3×2.4,丁番・テンプル開閉部の補修,開閉の動きやガタつきを整えやすい,힌지 및 템플 개폐부 보수,개폐 움직임과 흔들림을 정돈하기 쉬움,5100,KRW,8ヶ,カタログP.55,141-578-4_1.jpg,https://www.san-nishimura.co.jp/product/item/?key_word=141-578-4
141-579-1,ナイロンレール(T字型メタル用)極太,나일론 레일(T 메탈) 굵은,ナイロール・溝まわり調整,レンズ保持を安定させやすい,나일론 림·홈 주변 조정,렌즈 고정을 안정시키기 쉬움,5100,KRW,,カタログP.59,141-579-1_1.jpg,https://www.san-nishimura.co.jp/product/item/?key_word=141-579-1
141-579-2,ナイロンレール(T字型メタル用)太,나일론 레일(T 메탈)굵은,ナイロール・溝まわり調整,レンズ保持を安定させやすい,나일론 림·홈 주변 조정,렌즈 고정을 안정시키기 쉬움,5100,KRW,,カタログP.59,141-579-2_1.jpg,https://www.san-nishimura.co.jp/product/item/?key_word=141-579-2
141-579-4,ナイロンレール(T字型メタル用)細,나일론 레일(T 메탈)얇은,ナイロール・溝まわり調整,レンズ保持を安定させやすい,나일론 림·홈 주변 조정,렌즈 고정을 안정시키기 쉬움,5100,KRW,,カタログP.59,141-579-4_1.jpg,https://www.san-nishimura.co.jp/product/item/?key_word=141-579-4
141-580,箱蝶小G 16×8,박스형 코받침소G 16×8,鼻パッド交換・調整,当たりと掛け心地を整えやすい,코패드 교체 및 조정,맞닿는 느낌과 착용감을 조정하기 쉬움,5100,KRW,4組,"カタログP.10,11",141-580_1.jpg,https://www.san-nishimura.co.jp/product/item/?key_word=141-580
141-580A,箱蝶小G16×8(100組入),박스형 코받침소G16×8(100 입),鼻パッド交換・調整,当たりと掛け心地を整えやすい,코패드 교체 및 조정,맞닿는 느낌과 착용감을 조정하기 쉬움,116300,KRW,100組,,,https://www.san-nishimura.co.jp/product/item/?key_word=141-580A
141-580B,箱蝶小G16×8(300組入),박스형 코받침소G16×8(300 입),鼻パッド交換・調整,当たりと掛け心地を整えやすい,코패드 교체 및 조정,맞닿는 느낌과 착용감을 조정하기 쉬움,333500,KRW,300組,,,https://www.san-nishimura.co.jp/product/item/?key_word=141-580B
141-580S,箱蝶小G16×8(50組入),박스형 코받침소G16×8(50 입),鼻パッド交換・調整,当たりと掛け心地を整えやすい,코패드 교체 및 조정,맞닿는 느낌과 착용감을 조정하기 쉬움,59500,KRW,50組,,,https://www.san-nishimura.co.jp/product/item/?key_word=141-580S
141-581,箱蝶小W 16×8,박스형 코받침소W 16×8,鼻パッド交換・調整,当たりと掛け心地を整えやすい,코패드 교체 및 조정,맞닿는 느낌과 착용감을 조정하기 쉬움,5100,KRW,4組,"カタログP.10,11",141-581_1.jpg,https://www.san-nishimura.co.jp/product/item/?key_word=141-581
141-581A,箱蝶小W16×8(100組入),박스형 코받침소W16×8(100 입),鼻パッド交換・調整,当たりと掛け心地を整えやすい,코패드 교체 및 조정,맞닿는 느낌과 착용감을 조정하기 쉬움,116300,KRW,100組,,,https://www.san-nishimura.co.jp/product/item/?key_word=141-581A
141-581B,箱蝶小W16×8(300組入),박스형 코받침소W16×8(300 입),鼻パッド交換・調整,当たりと掛け心地を整えやすい,코패드 교체 및 조정,맞닿는 느낌과 착용감을 조정하기 쉬움,333500,KRW,300組,,,https://www.san-nishimura.co.jp/product/item/?key_word=141-581B
141-581S,箱蝶小W16×8(50組入),박스형 코받침소W16×8(50 입),鼻パッド交換・調整,当たりと掛け心地を整えやすい,코패드 교체 및 조정,맞닿는 느낌과 착용감을 조정하기 쉬움,59500,KRW,50組,,,https://www.san-nishimura.co.jp/product/item/?key_word=141-581S
141-582,箱蝶中G 17.5×9,박스형 코받침중G 17.5×9,鼻パッド交換・調整,当たりと掛け心地を整えやすい,코패드 교체 및 조정,맞닿는 느낌과 착용감을 조정하기 쉬움,5100,KRW,4組,"カタログP.10,11",141-582_1.jpg,https://www.san-nishimura.co.jp/product/item/?key_word=141-582
141-582A,箱蝶中G17.5×9(100組入),박스형 코받침중G17.5×9(100 입),鼻パッド交換・調整,当たりと掛け心地を整えやすい,코패드 교체 및 조정,맞닿는 느낌과 착용감을 조정하기 쉬움,116300,KRW,100組,,,https://www.san-nishimura.co.jp/product/item/?key_word=141-582A
141-582B,箱蝶中G17.5×9(300組入),박스형 코받침중G17.5×9(300 입),鼻パッド交換・調整,当たりと掛け心地を整えやすい,코패드 교체 및 조정,맞닿는 느낌과 착용감을 조정하기 쉬움,333500,KRW,300組,,,https://www.san-nishimura.co.jp/product/item/?key_word=141-582B
141-582S,箱蝶中G17.5×9(50組入),박스형 코받침중G17.5×9(50 입),鼻パッド交換・調整,当たりと掛け心地を整えやすい,코패드 교체 및 조정,맞닿는 느낌과 착용감을 조정하기 쉬움,59500,KRW,50組,,,https://www.san-nishimura.co.jp/product/item/?key_word=141-582S
141-583,箱蝶中W 17.5×9,박스형 코받침중W 17.5×9,鼻パッド交換・調整,当たりと掛け心地を整えやすい,코패드 교체 및 조정,맞닿는 느낌과 착용감을 조정하기 쉬움,5100,KRW,4組,"カタログP.10,11",141-583_1.jpg,https://www.san-nishimura.co.jp/product/item/?key_word=141-583
141-583A,箱蝶中W17.5×9(100組入),박스형 코받침중W17.5×9(100 입),鼻パッド交換・調整,当たりと掛け心地を整えやすい,코패드 교체 및 조정,맞닿는 느낌과 착용감을 조정하기 쉬움,116300,KRW,100組,,,https://www.san-nishimura.co.jp/product/item/?key_word=141-583A
141-583B,箱蝶中W17.5×9(300組入),박스형 코받침중W17.5×9(300 입),鼻パッド交換・調整,当たりと掛け心地を整えやすい,코패드 교체 및 조정,맞닿는 느낌과 착용감을 조정하기 쉬움,333500,KRW,300組,,,https://www.san-nishimura.co.jp/product/item/?key_word=141-583B
141-583S,箱蝶中W17.5×9(50組入),박스형 코받침중W17.5×9(50 입),鼻パッド交換・調整,当たりと掛け心地を整えやすい,코패드 교체 및 조정,맞닿는 느낌과 착용감을 조정하기 쉬움,59500,KRW,50組,,,https://www.san-nishimura.co.jp/product/item/?key_word=141-583S
141-584,箱蝶小G 16×8.6,박스형 코받침소G 16×8.6,鼻パッド交換・調整,当たりと掛け心地を整えやすい,코패드 교체 및 조정,맞닿는 느낌과 착용감을 조정하기 쉬움,5100,KRW,3組,"カタログP.10,11",141-584_1.jpg,https://www.san-nishimura.co.jp/product/item/?key_word=141-584
141-584A,箱蝶小G16×8.6(100組入),박스형 코받침소G16×8.6(100 입),鼻パッド交換・調整,当たりと掛け心地を整えやすい,코패드 교체 및 조정,맞닿는 느낌과 착용감을 조정하기 쉬움,126100,KRW,100組,,,https://www.san-nishimura.co.jp/product/item/?key_word=141-584A
141-584B,箱蝶小G16×8.6(300組入),박스형 코받침소G16×8.6(300 입),鼻パッド交換・調整,当たりと掛け心地を整えやすい,코패드 교체 및 조정,맞닿는 느낌과 착용감을 조정하기 쉬움,365300,KRW,300組,,,https://www.san-nishimura.co.jp/product/item/?key_word=141-584B
141-584S,箱蝶小G16×8.6(50組入),박스형 코받침소G16×8.6(50 입),鼻パッド交換・調整,当たりと掛け心地を整えやすい,코패드 교체 및 조정,맞닿는 느낌과 착용감을 조정하기 쉬움,64400,KRW,50組,,,https://www.san-nishimura.co.jp/product/item/?key_word=141-584S
141-585,箱蝶小W 16×8.6,박스형 코받침소W 16×8.6,鼻パッド交換・調整,当たりと掛け心地を整えやすい,코패드 교체 및 조정,맞닿는 느낌과 착용감을 조정하기 쉬움,5100,KRW,3組,"カタログP.10,11",141-585_1.jpg,https://www.san-nishimura.co.jp/product/item/?key_word=141-585
141-585A,箱蝶小W16×8.6(100組入),박스형 코받침소W16×8.6(100 입),鼻パッド交換・調整,当たりと掛け心地を整えやすい,코패드 교체 및 조정,맞닿는 느낌과 착용감을 조정하기 쉬움,126100,KRW,100組,,,https://www.san-nishimura.co.jp/product/item/?key_word=141-585A
141-585B,箱蝶小W16×8.6(300組入),박스형 코받침소W16×8.6(300 입),鼻パッド交換・調整,当たりと掛け心地を整えやすい,코패드 교체 및 조정,맞닿는 느낌과 착용감을 조정하기 쉬움,365300,KRW,300組,,,https://www.san-nishimura.co.jp/product/item/?key_word=141-585B
141-585S,箱蝶小W16×8.6(50組入),박스형 코받침소W16×8.6(50 입),鼻パッド交換・調整,当たりと掛け心地を整えやすい,코패드 교체 및 조정,맞닿는 느낌과 착용감을 조정하기 쉬움,64400,KRW,50組,,,https://www.san-nishimura.co.jp/product/item/?key_word=141-585S
141-586,箱蝶中G 17.5×8.8,박스형 코받침중G 17.5×8.8,鼻パッド交換・調整,当たりと掛け心地を整えやすい,코패드 교체 및 조정,맞닿는 느낌과 착용감을 조정하기 쉬움,5100,KRW,3組,"カタログP.10,11",141-586_1.jpg,https://www.san-nishimura.co.jp/product/item/?key_word=141-586
141-586A,箱蝶中G17.5×8.8(100組入),박스형 코받침중G17.5×8.8(100 입),鼻パッド交換・調整,当たりと掛け心地を整えやすい,코패드 교체 및 조정,맞닿는 느낌과 착용감을 조정하기 쉬움,126100,KRW,100組,,,https://www.san-nishimura.co.jp/product/item/?key_word=141-586A
141-586B,箱蝶中G17.5×8.8(300組入),박스형 코받침중G17.5×8.8(300 입),鼻パッド交換・調整,当たりと掛け心地を整えやすい,코패드 교체 및 조정,맞닿는 느낌과 착용감을 조정하기 쉬움,365300,KRW,300組,,,https://www.san-nishimura.co.jp/product/item/?key_word=141-586B
141-586S,箱蝶中G17.5×8.8(50組入),박스형 코받침중G17.5×8.8(50 입),鼻パッド交換・調整,当たりと掛け心地を整えやすい,코패드 교체 및 조정,맞닿는 느낌과 착용감을 조정하기 쉬움,64400,KRW,50組,,,https://www.san-nishimura.co.jp/product/item/?key_word=141-586S
141-587,箱蝶中W 17.5×8.8,박스형 코받침중W 17.5×8.8,鼻パッド交換・調整,当たりと掛け心地を整えやすい,코패드 교체 및 조정,맞닿는 느낌과 착용감을 조정하기 쉬움,5100,KRW,3組,"カタログP.10,11",141-587_1.jpg,https://www.san-nishimura.co.jp/product/item/?key_word=141-587
141-587A,箱蝶中W17.5×8.8(100組入),박스형 코받침중W17.5×8.8(100 입),鼻パッド交換・調整,当たりと掛け心地を整えやすい,코패드 교체 및 조정,맞닿는 느낌과 착용감을 조정하기 쉬움,126100,KRW,100組,,,https://www.san-nishimura.co.jp/product/item/?key_word=141-587A
141-587B,箱蝶中W17.5×8.8(300組入),박스형 코받침중W17.5×8.8(300 입),鼻パッド交換・調整,当たりと掛け心地を整えやすい,코패드 교체 및 조정,맞닿는 느낌과 착용감을 조정하기 쉬움,365300,KRW,300組,,,https://www.san-nishimura.co.jp/product/item/?key_word=141-587B
141-587S,箱蝶中W17.5×8.8(50組入),박스형 코받침중W17.5×8.8(50 입),鼻パッド交換・調整,当たりと掛け心地を整えやすい,코패드 교체 및 조정,맞닿는 느낌과 착용감을 조정하기 쉬움,64400,KRW,50組,,,https://www.san-nishimura.co.jp/product/item/?key_word=141-587S
141-588,箱蝶大G 18.5×9.3,박스형 코받침대G 18.5×9.3,鼻パッド交換・調整,当たりと掛け心地を整えやすい,코패드 교체 및 조정,맞닿는 느낌과 착용감을 조정하기 쉬움,5100,KRW,3組,"カタログP.10,11",141-588_1.jpg,https://www.san-nishimura.co.jp/product/item/?key_word=141-588
141-588A,箱蝶大G18.5×9.3(100組入),박스형 코받침대G18.5×9.3(100 입),鼻パッド交換・調整,当たりと掛け心地を整えやすい,코패드 교체 및 조정,맞닿는 느낌과 착용감을 조정하기 쉬움,126100,KRW,100組,,,https://www.san-nishimura.co.jp/product/item/?key_word=141-588A
141-588B,箱蝶大G18.5×9.3(300組入),박스형 코받침대G18.5×9.3(300 입),鼻パッド交換・調整,当たりと掛け心地を整えやすい,코패드 교체 및 조정,맞닿는 느낌과 착용감을 조정하기 쉬움,365300,KRW,300組,,,https://www.san-nishimura.co.jp/product/item/?key_word=141-588B
141-588S,箱蝶大G18.5×9.3(50組入),박스형 코받침대G18.5×9.3(50 입),鼻パッド交換・調整,当たりと掛け心地を整えやすい,코패드 교체 및 조정,맞닿는 느낌과 착용감을 조정하기 쉬움,64400,KRW,50組,,,https://www.san-nishimura.co.jp/product/item/?key_word=141-588S
141-589,箱蝶大W 18.5×9.3,박스형 코받침대W 18.5×9.3,鼻パッド交換・調整,当たりと掛け心地を整えやすい,코패드 교체 및 조정,맞닿는 느낌과 착용감을 조정하기 쉬움,5100,KRW,3組,"カタログP.10,11",141-589_1.jpg,https://www.san-nishimura.co.jp/product/item/?key_word=141-589
141-589A,箱蝶大W18.5×9.3(100組入),박스형 코받침대W18.5×9.3(100 입),鼻パッド交換・調整,当たりと掛け心地を整えやすい,코패드 교체 및 조정,맞닿는 느낌과 착용감을 조정하기 쉬움,126100,KRW,100組,,,https://www.san-nishimura.co.jp/product/item/?key_word=141-589A
141-589B,箱蝶大W18.5×9.3(300組入),박스형 코받침대W18.5×9.3(300 입),鼻パッド交換・調整,当たりと掛け心地を整えやすい,코패드 교체 및 조정,맞닿는 느낌과 착용감을 조정하기 쉬움,365300,KRW,300組,,,https://www.san-nishimura.co.jp/product/item/?key_word=141-589B
141-589S,箱蝶大W18.5×9.3(50組入),박스형 코받침대W18.5×9.3(50 입),鼻パッド交換・調整,当たりと掛け心地を整えやすい,코패드 교체 및 조정,맞닿는 느낌과 착용감을 조정하기 쉬움,64400,KRW,50組,,,https://www.san-nishimura.co.jp/product/item/?key_word=141-589S
141-590,2本ダキ足G 13.7×6.3,2 G 13.7×6.3,パッド足交換・補修,必要な形状だけを選んで補修しやすい,코패드 암 교체 및 수리,필요한 형태만 골라 보수하기 쉬움,5100,KRW,2本,"カタログP.18,19,20,21",141-590_1.jpg,https://www.san-nishimura.co.jp/product/item/%e7%89%b9%e6%ae%8a%e3%83%91%e3%83%83%e3%83%88%e3%82%bb%e3%83%83%e3%83%88/
141-591,2本ダキ足W 13.7×6.3,2 W 13.7×6.3,パッド足交換・補修,必要な形状だけを選んで補修しやすい,코패드 암 교체 및 수리,필요한 형태만 골라 보수하기 쉬움,5100,KRW,2本,"カタログP.18,19,20,21",141-591_1.jpg,https://www.san-nishimura.co.jp/product/item/%e7%89%b9%e6%ae%8a%e3%83%91%e3%83%83%e3%83%88%e3%82%bb%e3%83%83%e3%83%88/
141-592,カシメW 14.3×7.3,W 14.3×7.3,機器部品交換・補修,機器を使い続けやすい,장비 부품 교체 및 보수,장비를 계속 사용하기 쉬움,5100,KRW,,"カタログP.18,19",141-592_1.jpg,https://www.san-nishimura.co.jp/product/item/?key_word=141-592
141-593,ジュラコンワッシャ 3.0×0.5×1.45,와셔 3.0×0.5×1.45,固定補助,当たりやガタつきを抑えやすい,고정 보조,닿는 손상과 흔들림을 줄이기 쉬움,5100,KRW,33ヶ,カタログP.51,141-593_1.jpg,https://www.san-nishimura.co.jp/product/item/?key_word=141-593
141-593A,ジュラコンワッシャ(100個入),와셔(100개),固定補助,当たりやガタつきを抑えやすい,고정 보조,닿는 손상과 흔들림을 줄이기 쉬움,12800,KRW,100個,,,https://www.san-nishimura.co.jp/product/item/?key_word=141-593A
141-593B,ジュラコンワッシャ(300個入),와셔(300개),固定補助,当たりやガタつきを抑えやすい,고정 보조,닿는 손상과 흔들림을 줄이기 쉬움,31800,KRW,300個,,,https://www.san-nishimura.co.jp/product/item/?key_word=141-593B
141-594,ポリカワッシャ 1.2×2.5×0.5,폴리카 와셔 1.2×2.5×0.5,固定補助,当たりやガタつきを抑えやすい,고정 보조,닿는 손상과 흔들림을 줄이기 쉬움,5100,KRW,33ヶ,カタログP.51,141-594_1.jpg,https://www.san-nishimura.co.jp/product/item/?key_word=141-594
141-595,ポリカ段付ワッシャ 1.5×2.5×1.4,포함와셔 1.5×2.5×1.4,固定補助,当たりやガタつきを抑えやすい,고정 보조,닿는 손상과 흔들림을 줄이기 쉬움,5100,KRW,16ヶ,カタログP.51,141-595_1.jpg,https://www.san-nishimura.co.jp/product/item/?key_word=141-595
141-597,箱蝶シリコン極小 13×7.3,박스형 코받침실리콘초소형 13×7.3,鼻パッド交換・調整,当たりと掛け心地を整えやすい,코패드 교체 및 조정,맞닿는 느낌과 착용감을 조정하기 쉬움,5100,KRW,3組,"カタログP.6,7,20,21",141-597_1.jpg,https://www.san-nishimura.co.jp/product/item/?key_word=141-597
141-598,箱蝶シリコン小 15×8,박스형 코받침실리콘소 15×8,鼻パッド交換・調整,当たりと掛け心地を整えやすい,코패드 교체 및 조정,맞닿는 느낌과 착용감을 조정하기 쉬움,5100,KRW,3組,"カタログP.6,7",141-598_1.jpg,https://www.san-nishimura.co.jp/product/item/?key_word=141-598
141-598A,箱蝶シリコン小(100組入),박스형 코받침실리콘소(100 입),鼻パッド交換・調整,当たりと掛け心地を整えやすい,코패드 교체 및 조정,맞닿는 느낌과 착용감을 조정하기 쉬움,126100,KRW,100組,,,https://www.san-nishimura.co.jp/product/item/?key_word=141-598A
141-598B,箱蝶シリコン小(300組入),박스형 코받침실리콘소(300 입),鼻パッド交換・調整,当たりと掛け心地を整えやすい,코패드 교체 및 조정,맞닿는 느낌과 착용감을 조정하기 쉬움,365300,KRW,300組,,,https://www.san-nishimura.co.jp/product/item/?key_word=141-598B
141-598S,箱蝶シリコン小(50組入),박스형 코받침실리콘소(50 입),鼻パッド交換・調整,当たりと掛け心地を整えやすい,코패드 교체 및 조정,맞닿는 느낌과 착용감을 조정하기 쉬움,64400,KRW,50組,,,https://www.san-nishimura.co.jp/product/item/?key_word=141-598S
141-599,箱蝶シリコン小 17×8.5,박스형 코받침실리콘소 17×8.5,鼻パッド交換・調整,当たりと掛け心地を整えやすい,코패드 교체 및 조정,맞닿는 느낌과 착용감을 조정하기 쉬움,5100,KRW,3組,"カタログP.6,7",141-599_1.jpg,https://www.san-nishimura.co.jp/product/item/?key_word=141-599
141-600,箱蝶シリコン大 19×9.5,박스형 코받침실리콘대 19×9.5,鼻パッド交換・調整,当たりと掛け心地を整えやすい,코패드 교체 및 조정,맞닿는 느낌과 착용감을 조정하기 쉬움,5100,KRW,3組,"カタログP.6,7",141-600_1.jpg,https://www.san-nishimura.co.jp/product/item/?key_word=141-600
141-601,シリコンワンタッチ極小 13×7.3,실리콘원터치초소형 13×7.3,鼻パッド交換・調整,当たりと掛け心地を整えやすい,코패드 교체 및 조정,맞닿는 느낌과 착용감을 조정하기 쉬움,5100,KRW,3組,"カタログP.8,9,20,21",141-601_1.jpg,https://www.san-nishimura.co.jp/product/item/?key_word=141-601
141-602,シリコンワンタッチ極小 15×8,실리콘원터치초소형 15×8,鼻パッド交換・調整,当たりと掛け心地を整えやすい,코패드 교체 및 조정,맞닿는 느낌과 착용감을 조정하기 쉬움,5100,KRW,3組,"カタログP.8,9,20,21",141-602_1.jpg,https://www.san-nishimura.co.jp/product/item/?key_word=141-602
141-603,シリコンワンタッチ小 17×8.5,실리콘원터치소 17×8.5,鼻パッド交換・調整,当たりと掛け心地を整えやすい,코패드 교체 및 조정,맞닿는 느낌과 착용감을 조정하기 쉬움,5100,KRW,3組,"カタログP.8,9",141-603_1.jpg,https://www.san-nishimura.co.jp/product/item/?key_word=141-603
141-604,シリコンワンタッチ大 19×9.5,실리콘원터치대 19×9.5,鼻パッド交換・調整,当たりと掛け心地を整えやすい,코패드 교체 및 조정,맞닿는 느낌과 착용감을 조정하기 쉬움,5100,KRW,3組,"カタログP.8,9",141-604_1.jpg,https://www.san-nishimura.co.jp/product/item/?key_word=141-604
141-613,シリコンツインパット10×7 穴径1.2mm,실리콘 코받침10×7 1.2mm,鼻パッド交換・調整,当たりと掛け心地を整えやすい,코패드 교체 및 조정,맞닿는 느낌과 착용감을 조정하기 쉬움,5100,KRW,1ヶ,"カタログP.6,7,20,21",141-613_1.jpg,https://www.san-nishimura.co.jp/product/item/?key_word=141-613
141-614,セル枠丁番ボード,셀 힌지,丁番・テンプル開閉部の補修,開閉の動きやガタつきを整えやすい,힌지 및 템플 개폐부 보수,개폐 움직임과 흔들림을 정돈하기 쉬움,5100,KRW,3本,カタログP.55,141-614_1.jpg,https://www.san-nishimura.co.jp/product/item/%e3%82%bb%e3%83%ab%e6%9e%a0%e4%b8%81%e7%95%aa%e3%83%9c%e3%83%bc%e3%83%89/
141-615,ジュラコンワッシャ 2.8×0.5×1.45,와셔 2.8×0.5×1.45,固定補助,当たりやガタつきを抑えやすい,고정 보조,닿는 손상과 흔들림을 줄이기 쉬움,5100,KRW,33ヶ,カタログP.51,141-615_1.jpg,https://www.san-nishimura.co.jp/product/item/?key_word=141-615
141-615A,ジュラコンワッシャ(100個入),와셔(100개),固定補助,当たりやガタつきを抑えやすい,고정 보조,닿는 손상과 흔들림을 줄이기 쉬움,12800,KRW,100個,,,https://www.san-nishimura.co.jp/product/item/?key_word=141-615A
141-615B,ジュラコンワッシャ(300個入),와셔(300개),固定補助,当たりやガタつきを抑えやすい,고정 보조,닿는 손상과 흔들림을 줄이기 쉬움,31800,KRW,300個,,,https://www.san-nishimura.co.jp/product/item/?key_word=141-615B
141-616,シリコンプッシュロック 9丸,실리콘 잠금 9원형,鼻パッド交換・調整,当たりと掛け心地を整えやすい,코패드 교체 및 조정,맞닿는 느낌과 착용감을 조정하기 쉬움,5100,KRW,3組,"カタログP.8,9,20,21",141-616_1.jpg,https://www.san-nishimura.co.jp/product/item/%e7%89%b9%e6%ae%8a%e3%83%91%e3%83%83%e3%83%88%e3%82%bb%e3%83%83%e3%83%88/
141-617,シリコンプッシュロック 極小13×7,실리콘 잠금 초소형13×7,鼻パッド交換・調整,当たりと掛け心地を整えやすい,코패드 교체 및 조정,맞닿는 느낌과 착용감을 조정하기 쉬움,5100,KRW,3組,"カタログP.8,9,20,21",141-617_1.jpg,https://www.san-nishimura.co.jp/product/item/%e7%89%b9%e6%ae%8a%e3%83%91%e3%83%83%e3%83%88%e3%82%bb%e3%83%83%e3%83%88/
141-618,シリコンプッシュロック 極小15×8,실리콘 잠금 초소형15×8,鼻パッド交換・調整,当たりと掛け心地を整えやすい,코패드 교체 및 조정,맞닿는 느낌과 착용감을 조정하기 쉬움,5100,KRW,3組,"カタログP.8,9,20,21",141-618_1.jpg,https://www.san-nishimura.co.jp/product/item/%e7%89%b9%e6%ae%8a%e3%83%91%e3%83%83%e3%83%88%e3%82%bb%e3%83%83%e3%83%88/
141-619,シリコンビルトイン 11×6,실리콘빌트인 11×6,鼻パッド交換・調整,当たりと掛け心地を整えやすい,코패드 교체 및 조정,맞닿는 느낌과 착용감을 조정하기 쉬움,6300,KRW,,"カタログP.8,9",141-619_1.jpg,https://www.san-nishimura.co.jp/product/item/%e3%82%b7%e3%83%aa%e3%82%b3%e3%83%b3%e3%83%91%e3%83%83%e3%83%88_%e3%83%93%e3%83%ab%e3%83%88%e3%82%a4%e3%83%b3/
141-622,丁番段付ワッシャ・ジュラコン 2.8×0.5×1.6,힌지 포함와셔 2.8×0.5×1.6,丁番・テンプル開閉部の補修,開閉の動きやガタつきを整えやすい,힌지 및 템플 개폐부 보수,개폐 움직임과 흔들림을 정돈하기 쉬움,5100,KRW,,"カタログP.52,53",141-622_1.jpg,https://www.san-nishimura.co.jp/product/item/?key_word=141-622
141-622A,丁番段付ワッシャ・ジュラコン(100個入),힌지 포함와셔 (100개),丁番・テンプル開閉部の補修,開閉の動きやガタつきを整えやすい,힌지 및 템플 개폐부 보수,개폐 움직임과 흔들림을 정돈하기 쉬움,39600,KRW,100個,,,https://www.san-nishimura.co.jp/product/item/?key_word=141-622A
141-622B,丁番段付ワッシャ・ジュラコン(300個入),힌지 포함와셔 (300개),丁番・テンプル開閉部の補修,開閉の動きやガタつきを整えやすい,힌지 및 템플 개폐부 보수,개폐 움직임과 흔들림을 정돈하기 쉬움,107400,KRW,300個,,,https://www.san-nishimura.co.jp/product/item/?key_word=141-622B
141-623,六角ツーポイントネジG 1.2×10.0×2.25,각형무테 투포인트나사G 1.2×10.0×2.25,ツーポイント固定・補修,寸法を合わせて外れを補修しやすい,무테 프레임 고정 및 보수,치수를 맞춰 이탈 부위를 보수하기 쉬움,5100,KRW,4本,カタログP.50,141-623_1.jpg,https://www.san-nishimura.co.jp/product/item/?key_word=141-623
141-624,六角ツーポイントネジW 1.2×10.0×2.25,각형무테 투포인트나사W 1.2×10.0×2.25,ツーポイント固定・補修,寸法を合わせて外れを補修しやすい,무테 프레임 고정 및 보수,치수를 맞춰 이탈 부위를 보수하기 쉬움,5100,KRW,4本,カタログP.50,141-624_1.jpg,https://www.san-nishimura.co.jp/product/item/?key_word=141-624
141-625,六角ナットG 1.2×2.25×1.0,육각 너트G 1.2×2.25×1.0,ナット固定・交換,ガタつきを抑えて仕上がりを安定させやすい,너트 고정 및 교체,흔들림을 줄이고 마감을 안정시키기 쉬움,5100,KRW,14ヶ,カタログP.50,141-625_1.jpg,https://www.san-nishimura.co.jp/product/item/?key_word=141-625
141-625A,六角ナットG(100個入),육각 너트G(100개),ナット固定・交換,ガタつきを抑えて仕上がりを安定させやすい,너트 고정 및 교체,흔들림을 줄이고 마감을 안정시키기 쉬움,32100,KRW,100個,,,https://www.san-nishimura.co.jp/product/item/?key_word=141-625A
141-626,六角ナットW 1.2×2.25×1.0,육각 너트W 1.2×2.25×1.0,ナット固定・交換,ガタつきを抑えて仕上がりを安定させやすい,너트 고정 및 교체,흔들림을 줄이고 마감을 안정시키기 쉬움,5100,KRW,14ヶ,カタログP.50,141-626_1.jpg,https://www.san-nishimura.co.jp/product/item/?key_word=141-626
141-626A,六角ナットW(100個入),육각 너트W(100개),ナット固定・交換,ガタつきを抑えて仕上がりを安定させやすい,너트 고정 및 교체,흔들림을 줄이고 마감을 안정시키기 쉬움,32100,KRW,100個,,,https://www.san-nishimura.co.jp/product/item/?key_word=141-626A
141-627,Wブッシュ0.8×1.5 (ロング),W 0.8×1.5 (롱),丁番・テンプル開閉部の補修,開閉の動きやガタつきを整えやすい,힌지 및 템플 개폐부 보수,개폐 움직임과 흔들림을 정돈하기 쉬움,5100,KRW,12本,カタログP.48,141-627_1.jpg,https://www.san-nishimura.co.jp/product/item/?key_word=141-627
141-628,Wブッシュ0.8×1.5(ショート),W 0.8×1.5(쇼트),丁番・テンプル開閉部の補修,開閉の動きやガタつきを整えやすい,힌지 및 템플 개폐부 보수,개폐 움직임과 흔들림을 정돈하기 쉬움,5100,KRW,12本,カタログP.48,141-628_1.jpg,https://www.san-nishimura.co.jp/product/item/?key_word=141-628
141-629,チタン用箱足W,티타늄 W,丁番・テンプル開閉部の補修,開閉の動きやガタつきを整えやすい,힌지 및 템플 개폐부 보수,개폐 움직임과 흔들림을 정돈하기 쉬움,5100,KRW,,カタログP.56,141-629_1.jpg,https://www.san-nishimura.co.jp/product/item/?key_word=141-629
141-629-1,チタン用箱足W 左側のみ,티타늄 W 단품,丁番・テンプル開閉部の補修,開閉の動きやガタつきを整えやすい,힌지 및 템플 개폐부 보수,개폐 움직임과 흔들림을 정돈하기 쉬움,5100,KRW,,,141-629-1_1.jpg,https://www.san-nishimura.co.jp/product/item/?key_word=141-629-1
141-629-2,チタン用箱足W 右側のみ,티타늄 W 단품,丁番・テンプル開閉部の補修,開閉の動きやガタつきを整えやすい,힌지 및 템플 개폐부 보수,개폐 움직임과 흔들림을 정돈하기 쉬움,5100,KRW,,,141-629-2_1.jpg,https://www.san-nishimura.co.jp/product/item/?key_word=141-629-2
141-630,チタン用箱足W,티타늄 W,丁番・テンプル開閉部の補修,開閉の動きやガタつきを整えやすい,힌지 및 템플 개폐부 보수,개폐 움직임과 흔들림을 정돈하기 쉬움,5100,KRW,,カタログP.56,141-630_1.jpg,https://www.san-nishimura.co.jp/product/item/?key_word=141-630
141-630-1,チタン用箱足W(洋白) 左側のみ,티타늄 W() 단품,丁番・テンプル開閉部の補修,開閉の動きやガタつきを整えやすい,힌지 및 템플 개폐부 보수,개폐 움직임과 흔들림을 정돈하기 쉬움,5100,KRW,,,141-630-1_1.jpg,https://www.san-nishimura.co.jp/product/item/?key_word=141-630-1
141-630-2,チタン用箱足W(洋白) 右側のみ,티타늄 W() 단품,丁番・テンプル開閉部の補修,開閉の動きやガタつきを整えやすい,힌지 및 템플 개폐부 보수,개폐 움직임과 흔들림을 정돈하기 쉬움,5100,KRW,,,141-630-2_1.jpg,https://www.san-nishimura.co.jp/product/item/?key_word=141-630-2
141-631,チタン用箱足W,티타늄 W,丁番・テンプル開閉部の補修,開閉の動きやガタつきを整えやすい,힌지 및 템플 개폐부 보수,개폐 움직임과 흔들림을 정돈하기 쉬움,5100,KRW,,カタログP.56,141-631_1.jpg,https://www.san-nishimura.co.jp/product/item/?key_word=141-631
141-631-1,チタン用箱足W(洋白) 左側のみ,티타늄 W() 단품,丁番・テンプル開閉部の補修,開閉の動きやガタつきを整えやすい,힌지 및 템플 개폐부 보수,개폐 움직임과 흔들림을 정돈하기 쉬움,5100,KRW,,,141-631-1_1.jpg,https://www.san-nishimura.co.jp/product/item/?key_word=141-631-1
141-631-2,チタン用箱足W(洋白) 右側のみ,티타늄 W() 단품,丁番・テンプル開閉部の補修,開閉の動きやガタつきを整えやすい,힌지 및 템플 개폐부 보수,개폐 움직임과 흔들림을 정돈하기 쉬움,5100,KRW,,,141-631-2_1.jpg,https://www.san-nishimura.co.jp/product/item/?key_word=141-631-2
141-632,金属ワッシャG 1.2×2.3×0.3,금속 와셔G 1.2×2.3×0.3,固定補助,当たりやガタつきを抑えやすい,고정 보조,닿는 손상과 흔들림을 줄이기 쉬움,5100,KRW,16ヶ,カタログP.51,141-632_1.jpg,https://www.san-nishimura.co.jp/product/item/?key_word=141-632
141-632A,金属ワッシャG(100個入),금속 와셔G(100개),固定補助,当たりやガタつきを抑えやすい,고정 보조,닿는 손상과 흔들림을 줄이기 쉬움,25800,KRW,100個,,,https://www.san-nishimura.co.jp/product/item/?key_word=141-632A
141-632B,金属ワッシャG(300個入),금속 와셔G(300개),固定補助,当たりやガタつきを抑えやすい,고정 보조,닿는 손상과 흔들림을 줄이기 쉬움,72300,KRW,300個,,,https://www.san-nishimura.co.jp/product/item/?key_word=141-632B
141-632C,金属ワッシャG(1000個入),금속 와셔G(1000개),固定補助,当たりやガタつきを抑えやすい,고정 보조,닿는 손상과 흔들림을 줄이기 쉬움,223600,KRW,1000個,,,https://www.san-nishimura.co.jp/product/item/?key_word=141-632C
141-633,金属ワッシャW 1.2×2.3×0.3,금속 와셔W 1.2×2.3×0.3,固定補助,当たりやガタつきを抑えやすい,고정 보조,닿는 손상과 흔들림을 줄이기 쉬움,5100,KRW,16ヶ,カタログP.51,141-633_1.jpg,https://www.san-nishimura.co.jp/product/item/?key_word=141-633
141-633A,金属ワッシャW(100個入),금속 와셔W(100개),固定補助,当たりやガタつきを抑えやすい,고정 보조,닿는 손상과 흔들림을 줄이기 쉬움,25800,KRW,100個,,,https://www.san-nishimura.co.jp/product/item/?key_word=141-633A
141-633B,金属ワッシャW(300個入),금속 와셔W(300개),固定補助,当たりやガタつきを抑えやすい,고정 보조,닿는 손상과 흔들림을 줄이기 쉬움,72300,KRW,300個,,,https://www.san-nishimura.co.jp/product/item/?key_word=141-633B
141-633C,金属ワッシャW(1000個入),금속 와셔W(1000개),固定補助,当たりやガタつきを抑えやすい,고정 보조,닿는 손상과 흔들림을 줄이기 쉬움,223600,KRW,1000個,,,https://www.san-nishimura.co.jp/product/item/?key_word=141-633C
141-634-B,モダンCP丸芯1.0×70 ブルー,팁CP원형 코어1.0×70 블루,モダン交換,耳まわりの掛け心地と見た目を整えやすい,모던 교체,귀 주변 착용감과 외관을 정돈하기 쉬움,5100,KRW,,,141-634-B_1.jpg,https://www.san-nishimura.co.jp/product/item/?key_word=141-634-B
141-634-BK,モダンCP丸芯1.0×70 ブラック,팁CP원형 코어1.0×70 블랙,モダン交換,耳まわりの掛け心地と見た目を整えやすい,모던 교체,귀 주변 착용감과 외관을 정돈하기 쉬움,5100,KRW,,,141-634-BK_1.jpg,https://www.san-nishimura.co.jp/product/item/?key_word=141-634-BK
141-634-CBR,モダンCP丸芯1.0×70 クリアブラウン,팁CP원형 코어1.0×70 클리어 브라운,モダン交換,耳まわりの掛け心地と見た目を整えやすい,모던 교체,귀 주변 착용감과 외관을 정돈하기 쉬움,5100,KRW,,,141-634-CBR_1.jpg,https://www.san-nishimura.co.jp/product/item/?key_word=141-634-CBR
141-634-PL,モダンCP丸芯1.0×70 プラム,팁CP원형 코어1.0×70,モダン交換,耳まわりの掛け心地と見た目を整えやすい,모던 교체,귀 주변 착용감과 외관을 정돈하기 쉬움,5100,KRW,,,141-634-PL_1.jpg,https://www.san-nishimura.co.jp/product/item/?key_word=141-634-PL
141-634-WN,モダンCP丸芯1.0×70 ワイン,팁CP원형 코어1.0×70 와인,モダン交換,耳まわりの掛け心地と見た目を整えやすい,모던 교체,귀 주변 착용감과 외관을 정돈하기 쉬움,5100,KRW,,,141-634-WN_1.jpg,https://www.san-nishimura.co.jp/product/item/?key_word=141-634-WN
141-635-LP,シートモダン丸芯1.5×65 ライトピンク,시트팁원형 코어1.5×65 라이트 핑크,テンプルの貼るフィット調整,短時間で掛け心地を微調整しやすい,템플 부착식 피팅 조정,착용감을 빠르게 미세 조정하기 쉬움,6300,KRW,,,141-635-LP_1.jpg,https://www.san-nishimura.co.jp/product/item/?key_word=141-635-LP
141-635-P,シートモダン丸芯1.5×65 ピンク,시트팁원형 코어1.5×65 핑크,テンプルの貼るフィット調整,短時間で掛け心地を微調整しやすい,템플 부착식 피팅 조정,착용감을 빠르게 미세 조정하기 쉬움,6300,KRW,,,141-635-P_1.jpg,https://www.san-nishimura.co.jp/product/item/?key_word=141-635-P
141-635-W,シートモダン丸芯1.5×65 ホワイト,시트팁원형 코어1.5×65 화이트,テンプルの貼るフィット調整,短時間で掛け心地を微調整しやすい,템플 부착식 피팅 조정,착용감을 빠르게 미세 조정하기 쉬움,6300,KRW,,,141-635-W_1.jpg,https://www.san-nishimura.co.jp/product/item/?key_word=141-635-W
141-635-WN,シートモダン丸芯1.5×65 ワイン,시트팁원형 코어1.5×65 와인,テンプルの貼るフィット調整,短時間で掛け心地を微調整しやすい,템플 부착식 피팅 조정,착용감을 빠르게 미세 조정하기 쉬움,6300,KRW,,,141-635-WN_1.jpg,https://www.san-nishimura.co.jp/product/item/?key_word=141-635-WN
141-636-LP,シートモダン平芯2.5×65 ライトピンク,시트팁평면 2.5×65 라이트 핑크,テンプルの貼るフィット調整,短時間で掛け心地を微調整しやすい,템플 부착식 피팅 조정,착용감을 빠르게 미세 조정하기 쉬움,6300,KRW,,,141-636-LP_1.jpg,https://www.san-nishimura.co.jp/product/item/?key_word=141-636-LP
141-636-P,シートモダン平芯2.5×65 ピンク,시트팁평면 2.5×65 핑크,テンプルの貼るフィット調整,短時間で掛け心地を微調整しやすい,템플 부착식 피팅 조정,착용감을 빠르게 미세 조정하기 쉬움,6300,KRW,,,141-636-P_1.jpg,https://www.san-nishimura.co.jp/product/item/?key_word=141-636-P
141-636-W,シートモダン平芯2.5×65 ホワイト,시트팁평면 2.5×65 화이트,テンプルの貼るフィット調整,短時間で掛け心地を微調整しやすい,템플 부착식 피팅 조정,착용감을 빠르게 미세 조정하기 쉬움,6300,KRW,,,141-636-W_1.jpg,https://www.san-nishimura.co.jp/product/item/?key_word=141-636-W
141-636-WN,シートモダン平芯2.5×65 ワイン,시트팁평면 2.5×65 와인,テンプルの貼るフィット調整,短時間で掛け心地を微調整しやすい,템플 부착식 피팅 조정,착용감을 빠르게 미세 조정하기 쉬움,6300,KRW,,,141-636-WN_1.jpg,https://www.san-nishimura.co.jp/product/item/?key_word=141-636-WN
141-637,箱蝶シリコン 極小 13×7(穴径1.2mm),박스형 코받침실리콘 초소형 13×7(1.2mm),鼻パッド交換・調整,当たりと掛け心地を整えやすい,코패드 교체 및 조정,맞닿는 느낌과 착용감을 조정하기 쉬움,5100,KRW,3組,"カタログP.6,7,20,21",141-637_1.jpg,https://www.san-nishimura.co.jp/product/item/?key_word=141-637
141-637A,箱蝶シリコン 極小(100組入),박스형 코받침실리콘 초소형(100 입),鼻パッド交換・調整,当たりと掛け心地を整えやすい,코패드 교체 및 조정,맞닿는 느낌과 착용감을 조정하기 쉬움,126100,KRW,100組,,,https://www.san-nishimura.co.jp/product/item/?key_word=141-637A
141-637B,箱蝶シリコン 極小(300組入),박스형 코받침실리콘 초소형(300 입),鼻パッド交換・調整,当たりと掛け心地を整えやすい,코패드 교체 및 조정,맞닿는 느낌과 착용감을 조정하기 쉬움,365300,KRW,300組,,,https://www.san-nishimura.co.jp/product/item/?key_word=141-637B
141-637S,箱蝶シリコン 極小(50組入),박스형 코받침실리콘 초소형(50 입),鼻パッド交換・調整,当たりと掛け心地を整えやすい,코패드 교체 및 조정,맞닿는 느낌과 착용감을 조정하기 쉬움,64400,KRW,50組,,,https://www.san-nishimura.co.jp/product/item/?key_word=141-637S
141-638,箱蝶シリコン 極小 15×8(穴径1.2mm),박스형 코받침실리콘 초소형 15×8(1.2mm),鼻パッド交換・調整,当たりと掛け心地を整えやすい,코패드 교체 및 조정,맞닿는 느낌과 착용감을 조정하기 쉬움,5100,KRW,3組,"カタログP.6,7",141-638_1.jpg,https://www.san-nishimura.co.jp/product/item/?key_word=141-638
141-638A,箱蝶シリコン 極小(100組入),박스형 코받침실리콘 초소형(100 입),鼻パッド交換・調整,当たりと掛け心地を整えやすい,코패드 교체 및 조정,맞닿는 느낌과 착용감을 조정하기 쉬움,126100,KRW,100組,,,https://www.san-nishimura.co.jp/product/item/?key_word=141-638A
141-638B,箱蝶シリコン 極小(300組入),박스형 코받침실리콘 초소형(300 입),鼻パッド交換・調整,当たりと掛け心地を整えやすい,코패드 교체 및 조정,맞닿는 느낌과 착용감을 조정하기 쉬움,365300,KRW,300組,,,https://www.san-nishimura.co.jp/product/item/?key_word=141-638B
141-638S,箱蝶シリコン 極小(50組入),박스형 코받침실리콘 초소형(50 입),鼻パッド交換・調整,当たりと掛け心地を整えやすい,코패드 교체 및 조정,맞닿는 느낌과 착용감을 조정하기 쉬움,64400,KRW,50組,,,https://www.san-nishimura.co.jp/product/item/?key_word=141-638S
141-639,箱蝶シリコン 小 17×8(穴径1.2mm),박스형 코받침실리콘 소 17×8(1.2mm),鼻パッド交換・調整,当たりと掛け心地を整えやすい,코패드 교체 및 조정,맞닿는 느낌과 착용감을 조정하기 쉬움,5100,KRW,3組,"カタログP.6,7",141-639_1.jpg,https://www.san-nishimura.co.jp/product/item/?key_word=141-639
141-639A,箱蝶シリコン 小(100組入),박스형 코받침실리콘 소(100 입),鼻パッド交換・調整,当たりと掛け心地を整えやすい,코패드 교체 및 조정,맞닿는 느낌과 착용감을 조정하기 쉬움,126100,KRW,100組,,,https://www.san-nishimura.co.jp/product/item/?key_word=141-639A
141-639B,箱蝶シリコン 小(300組入),박스형 코받침실리콘 소(300 입),鼻パッド交換・調整,当たりと掛け心地を整えやすい,코패드 교체 및 조정,맞닿는 느낌과 착용감을 조정하기 쉬움,365300,KRW,300組,,,https://www.san-nishimura.co.jp/product/item/?key_word=141-639B
141-639S,箱蝶シリコン 小(50組入),박스형 코받침실리콘 소(50 입),鼻パッド交換・調整,当たりと掛け心地を整えやすい,코패드 교체 및 조정,맞닿는 느낌과 착용감을 조정하기 쉬움,64400,KRW,50組,,,https://www.san-nishimura.co.jp/product/item/?key_word=141-639S
141-640,箱蝶シリコン 大 19×9(穴径1.2mm),박스형 코받침실리콘 대 19×9(1.2mm),鼻パッド交換・調整,当たりと掛け心地を整えやすい,코패드 교체 및 조정,맞닿는 느낌과 착용감을 조정하기 쉬움,5100,KRW,3組,"カタログP.6,7",141-640_1.jpg,https://www.san-nishimura.co.jp/product/item/?key_word=141-640
141-640A,箱蝶シリコン 大(100組入),박스형 코받침실리콘 대(100 입),鼻パッド交換・調整,当たりと掛け心地を整えやすい,코패드 교체 및 조정,맞닿는 느낌과 착용감을 조정하기 쉬움,126100,KRW,100組,,,https://www.san-nishimura.co.jp/product/item/?key_word=141-640A
141-640B,箱蝶シリコン 大(300組入),박스형 코받침실리콘 대(300 입),鼻パッド交換・調整,当たりと掛け心地を整えやすい,코패드 교체 및 조정,맞닿는 느낌과 착용감을 조정하기 쉬움,365300,KRW,300組,,,https://www.san-nishimura.co.jp/product/item/?key_word=141-640B
141-640S,箱蝶シリコン 大(50組入),박스형 코받침실리콘 대(50 입),鼻パッド交換・調整,当たりと掛け心地を整えやすい,코패드 교체 및 조정,맞닿는 느낌과 착용감을 조정하기 쉬움,64400,KRW,50組,,,https://www.san-nishimura.co.jp/product/item/?key_word=141-640S
141-641-BK,モダンCP丸芯1.2×67 ブラック,팁CP원형 코어1.2×67 블랙,モダン交換,耳まわりの掛け心地と見た目を整えやすい,모던 교체,귀 주변 착용감과 외관을 정돈하기 쉬움,5100,KRW,,,141-641-BK_1.jpg,https://www.san-nishimura.co.jp/product/item/?key_word=141-641-BK
141-641-BP,モダンCP丸芯1.2×67 ベージュパール,팁CP원형 코어1.2×67 베이지,モダン交換,耳まわりの掛け心地と見た目を整えやすい,모던 교체,귀 주변 착용감과 외관을 정돈하기 쉬움,5100,KRW,,,141-641-BP_1.jpg,https://www.san-nishimura.co.jp/product/item/?key_word=141-641-BP
141-641-BR,モダンCP丸芯1.2×67 ブラウン,팁CP원형 코어1.2×67 브라운,モダン交換,耳まわりの掛け心地と見た目を整えやすい,모던 교체,귀 주변 착용감과 외관을 정돈하기 쉬움,5100,KRW,,,141-641-BR_1.jpg,https://www.san-nishimura.co.jp/product/item/?key_word=141-641-BR
141-641-CBR,モダンCP丸芯1.2×67 クリアブラウン,팁CP원형 코어1.2×67 클리어 브라운,モダン交換,耳まわりの掛け心地と見た目を整えやすい,모던 교체,귀 주변 착용감과 외관을 정돈하기 쉬움,5100,KRW,,,141-641-CBR_1.jpg,https://www.san-nishimura.co.jp/product/item/?key_word=141-641-CBR
141-641-DB,モダンCP丸芯1.2×67 ダークブルー,팁CP원형 코어1.2×67 다크 블루,モダン交換,耳まわりの掛け心地と見た目を整えやすい,모던 교체,귀 주변 착용감과 외관을 정돈하기 쉬움,5100,KRW,,,141-641-DB_1.jpg,https://www.san-nishimura.co.jp/product/item/?key_word=141-641-DB
141-641-DM,モダンCP丸芯1.2×67 デミアンバー,팁CP원형 코어1.2×67 데미 앰버,モダン交換,耳まわりの掛け心地と見た目を整えやすい,모던 교체,귀 주변 착용감과 외관을 정돈하기 쉬움,5100,KRW,,,141-641-DM_1.jpg,https://www.san-nishimura.co.jp/product/item/?key_word=141-641-DM
141-641-PL,モダンCP丸芯1.2×67 プラム,팁CP원형 코어1.2×67,モダン交換,耳まわりの掛け心地と見た目を整えやすい,모던 교체,귀 주변 착용감과 외관을 정돈하기 쉬움,5100,KRW,,,141-641-PL_1.jpg,https://www.san-nishimura.co.jp/product/item/?key_word=141-641-PL
141-641-PP,モダンCP丸芯1.2×67 ピンクパール,팁CP원형 코어1.2×67 핑크,モダン交換,耳まわりの掛け心地と見た目を整えやすい,모던 교체,귀 주변 착용감과 외관을 정돈하기 쉬움,5100,KRW,,,141-641-PP_1.jpg,https://www.san-nishimura.co.jp/product/item/?key_word=141-641-PP
141-641-PU,モダンCP丸芯1.2×67 パープル,팁CP원형 코어1.2×67 퍼플,モダン交換,耳まわりの掛け心地と見た目を整えやすい,모던 교체,귀 주변 착용감과 외관을 정돈하기 쉬움,5100,KRW,,,141-641-PU_1.jpg,https://www.san-nishimura.co.jp/product/item/?key_word=141-641-PU
141-641-VP,モダンCP丸芯1.2×67 バイオレットパール,팁CP원형 코어1.2×67,モダン交換,耳まわりの掛け心地と見た目を整えやすい,모던 교체,귀 주변 착용감과 외관을 정돈하기 쉬움,5100,KRW,,,141-641-VP_1.jpg,https://www.san-nishimura.co.jp/product/item/?key_word=141-641-VP
141-641-WN,モダンCP丸芯1.2×67 ワイン,팁CP원형 코어1.2×67 와인,モダン交換,耳まわりの掛け心地と見た目を整えやすい,모던 교체,귀 주변 착용감과 외관을 정돈하기 쉬움,5100,KRW,,,141-641-WN_1.jpg,https://www.san-nishimura.co.jp/product/item/?key_word=141-641-WN
141-642-BK,モダンCP丸芯1.5×67 ブラック,팁CP원형 코어1.5×67 블랙,モダン交換,耳まわりの掛け心地と見た目を整えやすい,모던 교체,귀 주변 착용감과 외관을 정돈하기 쉬움,5100,KRW,,,141-642-BK_1.jpg,https://www.san-nishimura.co.jp/product/item/?key_word=141-642-BK
141-642-BP,モダンCP丸芯1.5×67 ベージュパール,팁CP원형 코어1.5×67 베이지,モダン交換,耳まわりの掛け心地と見た目を整えやすい,모던 교체,귀 주변 착용감과 외관을 정돈하기 쉬움,5100,KRW,,,141-642-BP_1.jpg,https://www.san-nishimura.co.jp/product/item/?key_word=141-642-BP
141-642-BR,モダンCP丸芯1.5×67 ブラウン,팁CP원형 코어1.5×67 브라운,モダン交換,耳まわりの掛け心地と見た目を整えやすい,모던 교체,귀 주변 착용감과 외관을 정돈하기 쉬움,5100,KRW,,,141-642-BR_1.jpg,https://www.san-nishimura.co.jp/product/item/?key_word=141-642-BR
141-642-CBR,モダンCP丸芯1.5×67 クリアブラウン,팁CP원형 코어1.5×67 클리어 브라운,モダン交換,耳まわりの掛け心地と見た目を整えやすい,모던 교체,귀 주변 착용감과 외관을 정돈하기 쉬움,5100,KRW,,,141-642-CBR_1.jpg,https://www.san-nishimura.co.jp/product/item/?key_word=141-642-CBR
141-642-DB,モダンCP丸芯1.5×67 ダークブルー,팁CP원형 코어1.5×67 다크 블루,モダン交換,耳まわりの掛け心地と見た目を整えやすい,모던 교체,귀 주변 착용감과 외관을 정돈하기 쉬움,5100,KRW,,,141-642-DB_1.jpg,https://www.san-nishimura.co.jp/product/item/?key_word=141-642-DB
141-642-DM,モダンCP丸芯1.5×67 デミアンバー,팁CP원형 코어1.5×67 데미 앰버,モダン交換,耳まわりの掛け心地と見た目を整えやすい,모던 교체,귀 주변 착용감과 외관을 정돈하기 쉬움,5100,KRW,,,141-642-DM_1.jpg,https://www.san-nishimura.co.jp/product/item/?key_word=141-642-DM
141-642-PL,モダンCP丸芯1.5×67 プラム,팁CP원형 코어1.5×67,モダン交換,耳まわりの掛け心地と見た目を整えやすい,모던 교체,귀 주변 착용감과 외관을 정돈하기 쉬움,5100,KRW,,,141-642-PL_1.jpg,https://www.san-nishimura.co.jp/product/item/?key_word=141-642-PL
141-642-PP,モダンCP丸芯1.5×67 ピンクパール,팁CP원형 코어1.5×67 핑크,モダン交換,耳まわりの掛け心地と見た目を整えやすい,모던 교체,귀 주변 착용감과 외관을 정돈하기 쉬움,5100,KRW,,,141-642-PP_1.jpg,https://www.san-nishimura.co.jp/product/item/?key_word=141-642-PP
141-642-PU,モダンCP丸芯1.5×67 パープル,팁CP원형 코어1.5×67 퍼플,モダン交換,耳まわりの掛け心地と見た目を整えやすい,모던 교체,귀 주변 착용감과 외관을 정돈하기 쉬움,5100,KRW,,,141-642-PU_1.jpg,https://www.san-nishimura.co.jp/product/item/?key_word=141-642-PU
141-642-VP,モダンCP丸芯1.5×67 バイオレットパール,팁CP원형 코어1.5×67,モダン交換,耳まわりの掛け心地と見た目を整えやすい,모던 교체,귀 주변 착용감과 외관을 정돈하기 쉬움,5100,KRW,,,141-642-VP_1.jpg,https://www.san-nishimura.co.jp/product/item/?key_word=141-642-VP
141-642-WN,モダンCP丸芯1.5×67 ワイン,팁CP원형 코어1.5×67 와인,モダン交換,耳まわりの掛け心地と見た目を整えやすい,모던 교체,귀 주변 착용감과 외관을 정돈하기 쉬움,5100,KRW,,,141-642-WN_1.jpg,https://www.san-nishimura.co.jp/product/item/?key_word=141-642-WN
141-643-BK,モダンCP丸芯1.75×67 ブラック,팁CP원형 코어1.75×67 블랙,モダン交換,耳まわりの掛け心地と見た目を整えやすい,모던 교체,귀 주변 착용감과 외관을 정돈하기 쉬움,5100,KRW,,,141-643-BK_1.jpg,https://www.san-nishimura.co.jp/product/item/?key_word=141-643-BK
141-643-BP,モダンCP丸芯1.75×67 ベージュパール,팁CP원형 코어1.75×67 베이지,モダン交換,耳まわりの掛け心地と見た目を整えやすい,모던 교체,귀 주변 착용감과 외관을 정돈하기 쉬움,5100,KRW,,,141-643-BP_1.jpg,https://www.san-nishimura.co.jp/product/item/?key_word=141-643-BP
141-643-DB,モダンCP丸芯1.75×67 ダークブルー,팁CP원형 코어1.75×67 다크 블루,モダン交換,耳まわりの掛け心地と見た目を整えやすい,모던 교체,귀 주변 착용감과 외관을 정돈하기 쉬움,5100,KRW,,,141-643-DB_1.jpg,https://www.san-nishimura.co.jp/product/item/?key_word=141-643-DB
141-643-BR,モダンCP丸芯1.75×67 ブラウン,팁CP원형 코어1.75×67 브라운,モダン交換,耳まわりの掛け心地と見た目を整えやすい,모던 교체,귀 주변 착용감과 외관을 정돈하기 쉬움,5100,KRW,,,141-643-BR_1.jpg,https://www.san-nishimura.co.jp/product/item/?key_word=141-643-BR
141-643-CBR,モダンCP丸芯1.75×67 クリアブラウン,팁CP원형 코어1.75×67 클리어 브라운,モダン交換,耳まわりの掛け心地と見た目を整えやすい,모던 교체,귀 주변 착용감과 외관을 정돈하기 쉬움,5100,KRW,,,141-643-CBR_1.jpg,https://www.san-nishimura.co.jp/product/item/?key_word=141-643-CBR
141-643-DM,モダンCP丸芯1.75×67 デミアンバー,팁CP원형 코어1.75×67 데미 앰버,モダン交換,耳まわりの掛け心地と見た目を整えやすい,모던 교체,귀 주변 착용감과 외관을 정돈하기 쉬움,5100,KRW,,,141-643-DM_1.jpg,https://www.san-nishimura.co.jp/product/item/?key_word=141-643-DM
141-643-PL,モダンCP丸芯1.75×67 プラム,팁CP원형 코어1.75×67,モダン交換,耳まわりの掛け心地と見た目を整えやすい,모던 교체,귀 주변 착용감과 외관을 정돈하기 쉬움,5100,KRW,,,141-643-PL_1.jpg,https://www.san-nishimura.co.jp/product/item/?key_word=141-643-PL
141-643-PP,モダンCP丸芯1.75×67 ピンクパール,팁CP원형 코어1.75×67 핑크,モダン交換,耳まわりの掛け心地と見た目を整えやすい,모던 교체,귀 주변 착용감과 외관을 정돈하기 쉬움,5100,KRW,,,141-643-PP_1.jpg,https://www.san-nishimura.co.jp/product/item/?key_word=141-643-PP
141-643-VP,モダンCP丸芯1.75×67 バイオレットパール,팁CP원형 코어1.75×67,モダン交換,耳まわりの掛け心地と見た目を整えやすい,모던 교체,귀 주변 착용감과 외관을 정돈하기 쉬움,5100,KRW,,,141-643-VP_1.jpg,https://www.san-nishimura.co.jp/product/item/?key_word=141-643-VP
141-643-WN,モダンCP丸芯1.75×67 ワイン,팁CP원형 코어1.75×67 와인,モダン交換,耳まわりの掛け心地と見た目を整えやすい,모던 교체,귀 주변 착용감과 외관을 정돈하기 쉬움,5100,KRW,,,141-643-WN_1.jpg,https://www.san-nishimura.co.jp/product/item/?key_word=141-643-WN
141-644-BK,モダンCP平芯1.85×70 ブラック,팁CP평면 1.85×70 블랙,モダン交換,耳まわりの掛け心地と見た目を整えやすい,모던 교체,귀 주변 착용감과 외관을 정돈하기 쉬움,5100,KRW,,,141-644-BK_1.jpg,https://www.san-nishimura.co.jp/product/item/?key_word=141-644-BK
141-644-BP,モダンCP平芯1.85×70 ベージュパール,팁CP평면 1.85×70 베이지,モダン交換,耳まわりの掛け心地と見た目を整えやすい,모던 교체,귀 주변 착용감과 외관을 정돈하기 쉬움,5100,KRW,,,141-644-BP_1.jpg,https://www.san-nishimura.co.jp/product/item/?key_word=141-644-BP
141-644-BR,モダンCP平芯1.85×70 ブラウン,팁CP평면 1.85×70 브라운,モダン交換,耳まわりの掛け心地と見た目を整えやすい,모던 교체,귀 주변 착용감과 외관을 정돈하기 쉬움,5100,KRW,,,141-644-BR_1.jpg,https://www.san-nishimura.co.jp/product/item/?key_word=141-644-BR
141-644-CBR,モダンCP平芯1.85×70 クリアブラウン,팁CP평면 1.85×70 클리어 브라운,モダン交換,耳まわりの掛け心地と見た目を整えやすい,모던 교체,귀 주변 착용감과 외관을 정돈하기 쉬움,5100,KRW,,,141-644-CBR_1.jpg,https://www.san-nishimura.co.jp/product/item/?key_word=141-644-CBR
141-644-DB,モダンCP平芯1.85×70 ダークブルー,팁CP평면 1.85×70 다크 블루,モダン交換,耳まわりの掛け心地と見た目を整えやすい,모던 교체,귀 주변 착용감과 외관을 정돈하기 쉬움,5100,KRW,,,141-644-DB_1.jpg,https://www.san-nishimura.co.jp/product/item/?key_word=141-644-DB
141-644-DM,モダンCP平芯1.85×70 デミアンバー,팁CP평면 1.85×70 데미 앰버,モダン交換,耳まわりの掛け心地と見た目を整えやすい,모던 교체,귀 주변 착용감과 외관을 정돈하기 쉬움,5100,KRW,,,141-644-DM_1.jpg,https://www.san-nishimura.co.jp/product/item/?key_word=141-644-DM
141-644-PL,モダンCP平芯1.85×70 プラム,팁CP평면 1.85×70,モダン交換,耳まわりの掛け心地と見た目を整えやすい,모던 교체,귀 주변 착용감과 외관을 정돈하기 쉬움,5100,KRW,,,141-644-PL_1.jpg,https://www.san-nishimura.co.jp/product/item/?key_word=141-644-PL
141-644-PP,モダンCP平芯1.85×70 ピンクパール,팁CP평면 1.85×70 핑크,モダン交換,耳まわりの掛け心地と見た目を整えやすい,모던 교체,귀 주변 착용감과 외관을 정돈하기 쉬움,5100,KRW,,,141-644-PP_1.jpg,https://www.san-nishimura.co.jp/product/item/?key_word=141-644-PP
141-644-PU,モダンCP平芯1.85×70 パープル,팁CP평면 1.85×70 퍼플,モダン交換,耳まわりの掛け心地と見た目を整えやすい,모던 교체,귀 주변 착용감과 외관을 정돈하기 쉬움,5100,KRW,,,141-644-PU_1.jpg,https://www.san-nishimura.co.jp/product/item/?key_word=141-644-PU
141-644-VP,モダンCP平芯1.85×70 バイオレットパール,팁CP평면 1.85×70,モダン交換,耳まわりの掛け心地と見た目を整えやすい,모던 교체,귀 주변 착용감과 외관을 정돈하기 쉬움,5100,KRW,,,141-644-VP_1.jpg,https://www.san-nishimura.co.jp/product/item/?key_word=141-644-VP
141-644-WN,モダンCP平芯1.85×70 ワイン,팁CP평면 1.85×70 와인,モダン交換,耳まわりの掛け心地と見た目を整えやすい,모던 교체,귀 주변 착용감과 외관을 정돈하기 쉬움,5100,KRW,,,141-644-WN_1.jpg,https://www.san-nishimura.co.jp/product/item/?key_word=141-644-WN
141-645-BK,モダンCP平芯2.5×70 ブラック,팁CP평면 2.5×70 블랙,モダン交換,耳まわりの掛け心地と見た目を整えやすい,모던 교체,귀 주변 착용감과 외관을 정돈하기 쉬움,5100,KRW,,,141-645-BK_1.jpg,https://www.san-nishimura.co.jp/product/item/?key_word=141-645-BK
141-645-BR,モダンCP平芯2.5×70 ブラウン,팁CP평면 2.5×70 브라운,モダン交換,耳まわりの掛け心地と見た目を整えやすい,모던 교체,귀 주변 착용감과 외관을 정돈하기 쉬움,5100,KRW,,,141-645-BR_1.jpg,https://www.san-nishimura.co.jp/product/item/?key_word=141-645-BR
141-645-CBR,モダンCP平芯2.5×70 クリアブラウン,팁CP평면 2.5×70 클리어 브라운,モダン交換,耳まわりの掛け心地と見た目を整えやすい,모던 교체,귀 주변 착용감과 외관을 정돈하기 쉬움,5100,KRW,,,141-645-CBR_1.jpg,https://www.san-nishimura.co.jp/product/item/?key_word=141-645-CBR
141-645-DM,モダンCP平芯2.5×70 デミアンバー,팁CP평면 2.5×70 데미 앰버,モダン交換,耳まわりの掛け心地と見た目を整えやすい,모던 교체,귀 주변 착용감과 외관을 정돈하기 쉬움,5100,KRW,,,141-645-DM_1.jpg,https://www.san-nishimura.co.jp/product/item/?key_word=141-645-DM
141-646,花型ナットG 1.4×2.6×1.0,꽃형 너트G 1.4×2.6×1.0,ナット固定・交換,ガタつきを抑えて仕上がりを安定させやすい,너트 고정 및 교체,흔들림을 줄이고 마감을 안정시키기 쉬움,5100,KRW,14ヶ,カタログP.49,141-646_1.jpg,https://www.san-nishimura.co.jp/product/item/?key_word=141-646
141-647,花型ナットW 1.4×2.6×1.0,꽃형 너트W 1.4×2.6×1.0,ナット固定・交換,ガタつきを抑えて仕上がりを安定させやすい,너트 고정 및 교체,흔들림을 줄이고 마감을 안정시키기 쉬움,5100,KRW,20ヶ,カタログP.49,141-647_1.jpg,https://www.san-nishimura.co.jp/product/item/?key_word=141-647
141-648,金属ワッシャG 2.5×0.3×1.45,금속 와셔G 2.5×0.3×1.45,固定補助,当たりやガタつきを抑えやすい,고정 보조,닿는 손상과 흔들림을 줄이기 쉬움,5100,KRW,16ヶ,カタログP.51,141-648_1.jpg,https://www.san-nishimura.co.jp/product/item/?key_word=141-648
141-648A,金属ワッシャG(100個入),금속 와셔G(100개),固定補助,当たりやガタつきを抑えやすい,고정 보조,닿는 손상과 흔들림을 줄이기 쉬움,25800,KRW,100個,,,https://www.san-nishimura.co.jp/product/item/?key_word=141-648A
141-648B,金属ワッシャG(300個入),금속 와셔G(300개),固定補助,当たりやガタつきを抑えやすい,고정 보조,닿는 손상과 흔들림을 줄이기 쉬움,72300,KRW,300個,,,https://www.san-nishimura.co.jp/product/item/?key_word=141-648B
141-648C,金属ワッシャG(1000個入),금속 와셔G(1000개),固定補助,当たりやガタつきを抑えやすい,고정 보조,닿는 손상과 흔들림을 줄이기 쉬움,223600,KRW,1000個,,,https://www.san-nishimura.co.jp/product/item/?key_word=141-648C
141-649,金属ワッシャW 2.5×0.3×1.45,금속 와셔W 2.5×0.3×1.45,固定補助,当たりやガタつきを抑えやすい,고정 보조,닿는 손상과 흔들림을 줄이기 쉬움,5100,KRW,16ヶ,カタログP.51,141-649_1.jpg,https://www.san-nishimura.co.jp/product/item/?key_word=141-649
141-649A,金属ワッシャW(100個入),금속 와셔W(100개),固定補助,当たりやガタつきを抑えやすい,고정 보조,닿는 손상과 흔들림을 줄이기 쉬움,25800,KRW,100個,,,https://www.san-nishimura.co.jp/product/item/?key_word=141-649A
141-649B,金属ワッシャW(300個入),금속 와셔W(300개),固定補助,当たりやガタつきを抑えやすい,고정 보조,닿는 손상과 흔들림을 줄이기 쉬움,72300,KRW,300個,,,https://www.san-nishimura.co.jp/product/item/?key_word=141-649B
141-649C,金属ワッシャW(1000個入),금속 와셔W(1000개),固定補助,当たりやガタつきを抑えやすい,고정 보조,닿는 손상과 흔들림을 줄이기 쉬움,223600,KRW,1000個,,,https://www.san-nishimura.co.jp/product/item/?key_word=141-649C
141-650,力学パットサイエンスG 15×8,코받침 G 15×8,鼻パッド交換・調整,当たりと掛け心地を整えやすい,코패드 교체 및 조정,맞닿는 느낌과 착용감을 조정하기 쉬움,7700,KRW,1組,"カタログP.14,15",141-650_1.jpg,https://www.san-nishimura.co.jp/product/item/?key_word=141-650
141-651,力学パットサイエンスW 15×8,코받침 W 15×8,鼻パッド交換・調整,当たりと掛け心地を整えやすい,코패드 교체 및 조정,맞닿는 느낌과 착용감을 조정하기 쉬움,7700,KRW,1組,"カタログP.14,15",141-651_1.jpg,https://www.san-nishimura.co.jp/product/item/?key_word=141-651
141-653,箱蝶ソフトG 極小 14.5×7,박스형 코받침소프트G 초소형 14.5×7,鼻パッド交換・調整,当たりと掛け心地を整えやすい,코패드 교체 및 조정,맞닿는 느낌과 착용감을 조정하기 쉬움,5100,KRW,4組,"カタログP.12,13",141-653_1.jpg,https://www.san-nishimura.co.jp/product/item/?key_word=141-653
141-653A,箱蝶ソフトG 極小 (100組入),박스형 코받침소프트G 초소형 (100 입),鼻パッド交換・調整,当たりと掛け心地を整えやすい,코패드 교체 및 조정,맞닿는 느낌과 착용감을 조정하기 쉬움,116300,KRW,100組,,,https://www.san-nishimura.co.jp/product/item/?key_word=141-653A
141-653B,箱蝶ソフトG 極小 (300組入),박스형 코받침소프트G 초소형 (300 입),鼻パッド交換・調整,当たりと掛け心地を整えやすい,코패드 교체 및 조정,맞닿는 느낌과 착용감을 조정하기 쉬움,333500,KRW,300組,,,https://www.san-nishimura.co.jp/product/item/?key_word=141-653B
141-653S,箱蝶ソフトG 極小 (50組入),박스형 코받침소프트G 초소형 (50 입),鼻パッド交換・調整,当たりと掛け心地を整えやすい,코패드 교체 및 조정,맞닿는 느낌과 착용감을 조정하기 쉬움,59500,KRW,50組,,,https://www.san-nishimura.co.jp/product/item/?key_word=141-653S
141-654,箱蝶ソフトW 極小 14.5×7,박스형 코받침소프트W 초소형 14.5×7,鼻パッド交換・調整,当たりと掛け心地を整えやすい,코패드 교체 및 조정,맞닿는 느낌과 착용감을 조정하기 쉬움,5100,KRW,4組,"カタログP.12,13",141-654_1.jpg,https://www.san-nishimura.co.jp/product/item/?key_word=141-654
141-654A,箱蝶ソフトW 極小 (100組入),박스형 코받침소프트W 초소형 (100 입),鼻パッド交換・調整,当たりと掛け心地を整えやすい,코패드 교체 및 조정,맞닿는 느낌과 착용감을 조정하기 쉬움,116300,KRW,100組,,,https://www.san-nishimura.co.jp/product/item/?key_word=141-654A
141-654B,箱蝶ソフトW 極小 (300組入),박스형 코받침소프트W 초소형 (300 입),鼻パッド交換・調整,当たりと掛け心地を整えやすい,코패드 교체 및 조정,맞닿는 느낌과 착용감을 조정하기 쉬움,333500,KRW,300組,,,https://www.san-nishimura.co.jp/product/item/?key_word=141-654B
141-654S,箱蝶ソフトW 極小 (50組入),박스형 코받침소프트W 초소형 (50 입),鼻パッド交換・調整,当たりと掛け心地を整えやすい,코패드 교체 및 조정,맞닿는 느낌과 착용감을 조정하기 쉬움,59500,KRW,50組,,,https://www.san-nishimura.co.jp/product/item/?key_word=141-654S
141-655,箱蝶ソフトG 小 14.5×7,박스형 코받침소프트G 소 14.5×7,鼻パッド交換・調整,当たりと掛け心地を整えやすい,코패드 교체 및 조정,맞닿는 느낌과 착용감을 조정하기 쉬움,5100,KRW,4組,"カタログP.12,13",141-655_1.jpg,https://www.san-nishimura.co.jp/product/item/?key_word=141-655
141-655A,箱蝶ソフトG 小 (100組入),박스형 코받침소프트G 소 (100 입),鼻パッド交換・調整,当たりと掛け心地を整えやすい,코패드 교체 및 조정,맞닿는 느낌과 착용감을 조정하기 쉬움,116300,KRW,100組,,,https://www.san-nishimura.co.jp/product/item/?key_word=141-655A
141-655B,箱蝶ソフトG 小 (300組入),박스형 코받침소프트G 소 (300 입),鼻パッド交換・調整,当たりと掛け心地を整えやすい,코패드 교체 및 조정,맞닿는 느낌과 착용감을 조정하기 쉬움,333500,KRW,300組,,,https://www.san-nishimura.co.jp/product/item/?key_word=141-655B
141-655S,箱蝶ソフトG 小 (50組入),박스형 코받침소프트G 소 (50 입),鼻パッド交換・調整,当たりと掛け心地を整えやすい,코패드 교체 및 조정,맞닿는 느낌과 착용감을 조정하기 쉬움,59500,KRW,50組,,,https://www.san-nishimura.co.jp/product/item/?key_word=141-655S
141-656,箱蝶ソフトW 小 14.5×7,박스형 코받침소프트W 소 14.5×7,鼻パッド交換・調整,当たりと掛け心地を整えやすい,코패드 교체 및 조정,맞닿는 느낌과 착용감을 조정하기 쉬움,5100,KRW,4組,"カタログP.12,13",141-656_1.jpg,https://www.san-nishimura.co.jp/product/item/?key_word=141-656
141-656A,箱蝶ソフトW 小 (100組入),박스형 코받침소프트W 소 (100 입),鼻パッド交換・調整,当たりと掛け心地を整えやすい,코패드 교체 및 조정,맞닿는 느낌과 착용감을 조정하기 쉬움,116300,KRW,100組,,,https://www.san-nishimura.co.jp/product/item/?key_word=141-656A
141-656B,箱蝶ソフトW 小 (300組入),박스형 코받침소프트W 소 (300 입),鼻パッド交換・調整,当たりと掛け心地を整えやすい,코패드 교체 및 조정,맞닿는 느낌과 착용감을 조정하기 쉬움,333500,KRW,300組,,,https://www.san-nishimura.co.jp/product/item/?key_word=141-656B
141-656S,箱蝶ソフトW 小 (50組入),박스형 코받침소프트W 소 (50 입),鼻パッド交換・調整,当たりと掛け心地を整えやすい,코패드 교체 및 조정,맞닿는 느낌과 착용감을 조정하기 쉬움,59500,KRW,50組,,,https://www.san-nishimura.co.jp/product/item/?key_word=141-656S
141-657,箱蝶ソフトG 中 17×8,박스형 코받침소프트G 중 17×8,鼻パッド交換・調整,当たりと掛け心地を整えやすい,코패드 교체 및 조정,맞닿는 느낌과 착용감을 조정하기 쉬움,5100,KRW,4組,"カタログP.12,13",141-657_1.jpg,https://www.san-nishimura.co.jp/product/item/?key_word=141-657
141-657A,箱蝶ソフトG 中 (100組入),박스형 코받침소프트G 중 (100 입),鼻パッド交換・調整,当たりと掛け心地を整えやすい,코패드 교체 및 조정,맞닿는 느낌과 착용감을 조정하기 쉬움,116300,KRW,100組,,,https://www.san-nishimura.co.jp/product/item/?key_word=141-657A
141-657B,箱蝶ソフトG 中 (300組入),박스형 코받침소프트G 중 (300 입),鼻パッド交換・調整,当たりと掛け心地を整えやすい,코패드 교체 및 조정,맞닿는 느낌과 착용감을 조정하기 쉬움,333500,KRW,300組,,,https://www.san-nishimura.co.jp/product/item/?key_word=141-657B
141-657S,箱蝶ソフトG 中 (50組入),박스형 코받침소프트G 중 (50 입),鼻パッド交換・調整,当たりと掛け心地を整えやすい,코패드 교체 및 조정,맞닿는 느낌과 착용감을 조정하기 쉬움,59500,KRW,50組,,,https://www.san-nishimura.co.jp/product/item/?key_word=141-657S
141-658,箱蝶ソフトW 中 17×8,박스형 코받침소프트W 중 17×8,鼻パッド交換・調整,当たりと掛け心地を整えやすい,코패드 교체 및 조정,맞닿는 느낌과 착용감을 조정하기 쉬움,5100,KRW,4組,"カタログP.12,13",141-658_1.jpg,https://www.san-nishimura.co.jp/product/item/?key_word=141-658
141-658A,箱蝶ソフトW 中 (100組入),박스형 코받침소프트W 중 (100 입),鼻パッド交換・調整,当たりと掛け心地を整えやすい,코패드 교체 및 조정,맞닿는 느낌과 착용감을 조정하기 쉬움,116300,KRW,100組,,,https://www.san-nishimura.co.jp/product/item/?key_word=141-658A
141-658B,箱蝶ソフトW 中 (300組入),박스형 코받침소프트W 중 (300 입),鼻パッド交換・調整,当たりと掛け心地を整えやすい,코패드 교체 및 조정,맞닿는 느낌과 착용감을 조정하기 쉬움,333500,KRW,300組,,,https://www.san-nishimura.co.jp/product/item/?key_word=141-658B
141-658S,箱蝶ソフトW 中 (50組入),박스형 코받침소프트W 중 (50 입),鼻パッド交換・調整,当たりと掛け心地を整えやすい,코패드 교체 및 조정,맞닿는 느낌과 착용감을 조정하기 쉬움,59500,KRW,50組,,,https://www.san-nishimura.co.jp/product/item/?key_word=141-658S
141-659,箱蝶ソフトG 大 19×9,박스형 코받침소프트G 대 19×9,鼻パッド交換・調整,当たりと掛け心地を整えやすい,코패드 교체 및 조정,맞닿는 느낌과 착용감을 조정하기 쉬움,5100,KRW,4組,"カタログP.12,13",141-659_1.jpg,https://www.san-nishimura.co.jp/product/item/?key_word=141-659
141-659A,箱蝶ソフトG 大 (100組入),박스형 코받침소프트G 대 (100 입),鼻パッド交換・調整,当たりと掛け心地を整えやすい,코패드 교체 및 조정,맞닿는 느낌과 착용감을 조정하기 쉬움,116300,KRW,100組,,,https://www.san-nishimura.co.jp/product/item/?key_word=141-659A
141-659B,箱蝶ソフトG 大 (300組入),박스형 코받침소프트G 대 (300 입),鼻パッド交換・調整,当たりと掛け心地を整えやすい,코패드 교체 및 조정,맞닿는 느낌과 착용감을 조정하기 쉬움,333500,KRW,300組,,,https://www.san-nishimura.co.jp/product/item/?key_word=141-659B
141-659S,箱蝶ソフトG 大 (50組入),박스형 코받침소프트G 대 (50 입),鼻パッド交換・調整,当たりと掛け心地を整えやすい,코패드 교체 및 조정,맞닿는 느낌과 착용감을 조정하기 쉬움,59500,KRW,50組,,,https://www.san-nishimura.co.jp/product/item/?key_word=141-659S
141-660,箱蝶ソフトW 大 19×9,박스형 코받침소프트W 대 19×9,鼻パッド交換・調整,当たりと掛け心地を整えやすい,코패드 교체 및 조정,맞닿는 느낌과 착용감을 조정하기 쉬움,5100,KRW,4組,"カタログP.12,13",141-660_1.jpg,https://www.san-nishimura.co.jp/product/item/?key_word=141-660
141-660A,箱蝶ソフトW 大 (100組入),박스형 코받침소프트W 대 (100 입),鼻パッド交換・調整,当たりと掛け心地を整えやすい,코패드 교체 및 조정,맞닿는 느낌과 착용감을 조정하기 쉬움,116300,KRW,100組,,,https://www.san-nishimura.co.jp/product/item/?key_word=141-660A
141-660B,箱蝶ソフトW 大 (300組入),박스형 코받침소프트W 대 (300 입),鼻パッド交換・調整,当たりと掛け心地を整えやすい,코패드 교체 및 조정,맞닿는 느낌과 착용감을 조정하기 쉬움,333500,KRW,300組,,,https://www.san-nishimura.co.jp/product/item/?key_word=141-660B
141-660S,箱蝶ソフトW 大 (50組入),박스형 코받침소프트W 대 (50 입),鼻パッド交換・調整,当たりと掛け心地を整えやすい,코패드 교체 및 조정,맞닿는 느낌과 착용감을 조정하기 쉬움,59500,KRW,50組,,,https://www.san-nishimura.co.jp/product/item/?key_word=141-660S
141-661,シリコンワンタッチツインパット15×9,실리콘원터치 코받침15×9,鼻パッド交換・調整,当たりと掛け心地を整えやすい,코패드 교체 및 조정,맞닿는 느낌과 착용감을 조정하기 쉬움,5100,KRW,2ヶ,"カタログP.8,9",141-661_1.jpg,https://www.san-nishimura.co.jp/product/item/%e3%83%84%e3%82%a4%e3%83%b3%e3%83%91%e3%83%83%e3%83%88_%e5%b7%ae%e3%81%97%e8%be%bc%e3%81%bf/
141-662,箱蝶シリコンG大 18×9,박스형 코받침실리콘G대 18×9,鼻パッド交換・調整,当たりと掛け心地を整えやすい,코패드 교체 및 조정,맞닿는 느낌과 착용감을 조정하기 쉬움,5100,KRW,2組,"カタログP.6,7,20,21",141-662_1.jpg,https://www.san-nishimura.co.jp/product/item/?key_word=141-662
141-662A,箱蝶シリコンG大 (100組入),박스형 코받침실리콘G대 (100 입),鼻パッド交換・調整,当たりと掛け心地を整えやすい,코패드 교체 및 조정,맞닿는 느낌과 착용감을 조정하기 쉬움,178500,KRW,100組,,,https://www.san-nishimura.co.jp/product/item/?key_word=141-662A
141-662B,箱蝶シリコンG大 (300組入),박스형 코받침실리콘G대 (300 입),鼻パッド交換・調整,当たりと掛け心地を整えやすい,코패드 교체 및 조정,맞닿는 느낌과 착용감을 조정하기 쉬움,517500,KRW,300組,,,https://www.san-nishimura.co.jp/product/item/?key_word=141-662B
141-662S,箱蝶シリコンG大 (50組入),박스형 코받침실리콘G대 (50 입),鼻パッド交換・調整,当たりと掛け心地を整えやすい,코패드 교체 및 조정,맞닿는 느낌과 착용감을 조정하기 쉬움,91300,KRW,50組,,,https://www.san-nishimura.co.jp/product/item/?key_word=141-662S
141-663,箱蝶シリコンW大 18×9,박스형 코받침실리콘W대 18×9,鼻パッド交換・調整,当たりと掛け心地を整えやすい,코패드 교체 및 조정,맞닿는 느낌과 착용감을 조정하기 쉬움,5100,KRW,2組,"カタログP.6,7,20,21",141-663_1.jpg,https://www.san-nishimura.co.jp/product/item/?key_word=141-663
141-663A,箱蝶シリコンW大 (100組入),박스형 코받침실리콘W대 (100 입),鼻パッド交換・調整,当たりと掛け心地を整えやすい,코패드 교체 및 조정,맞닿는 느낌과 착용감을 조정하기 쉬움,178500,KRW,100組,,,https://www.san-nishimura.co.jp/product/item/?key_word=141-663A
141-663B,箱蝶シリコンW大 (300組入),박스형 코받침실리콘W대 (300 입),鼻パッド交換・調整,当たりと掛け心地を整えやすい,코패드 교체 및 조정,맞닿는 느낌과 착용감을 조정하기 쉬움,517500,KRW,300組,,,https://www.san-nishimura.co.jp/product/item/?key_word=141-663B
141-663S,箱蝶シリコンW大 (50組入),박스형 코받침실리콘W대 (50 입),鼻パッド交換・調整,当たりと掛け心地を整えやすい,코패드 교체 및 조정,맞닿는 느낌과 착용감을 조정하기 쉬움,91300,KRW,50組,,,https://www.san-nishimura.co.jp/product/item/?key_word=141-663S
141-664-BK,モダンCP丸芯1.5×70 ブラック,팁CP원형 코어1.5×70 블랙,モダン交換,耳まわりの掛け心地と見た目を整えやすい,모던 교체,귀 주변 착용감과 외관을 정돈하기 쉬움,5100,KRW,,,,https://www.san-nishimura.co.jp/product/item/?key_word=141-664-BK
141-664-BR,モダンCP丸芯1.5×70 ブラウン,팁CP원형 코어1.5×70 브라운,モダン交換,耳まわりの掛け心地と見た目を整えやすい,모던 교체,귀 주변 착용감과 외관을 정돈하기 쉬움,5100,KRW,,,,https://www.san-nishimura.co.jp/product/item/?key_word=141-664-BR
141-665-BK,モダンCP丸芯1.75×70 ブラック,팁CP원형 코어1.75×70 블랙,モダン交換,耳まわりの掛け心地と見た目を整えやすい,모던 교체,귀 주변 착용감과 외관을 정돈하기 쉬움,5100,KRW,,,,https://www.san-nishimura.co.jp/product/item/?key_word=141-665-BK
141-665-BR,モダンCP丸芯1.75×70 ブラウン,팁CP원형 코어1.75×70 브라운,モダン交換,耳まわりの掛け心地と見た目を整えやすい,모던 교체,귀 주변 착용감과 외관을 정돈하기 쉬움,5100,KRW,,,,https://www.san-nishimura.co.jp/product/item/?key_word=141-665-BR
141-666-BK,モダンCP平芯1.85×70 ブラック,팁CP평면 1.85×70 블랙,モダン交換,耳まわりの掛け心地と見た目を整えやすい,모던 교체,귀 주변 착용감과 외관을 정돈하기 쉬움,5100,KRW,,,,https://www.san-nishimura.co.jp/product/item/?key_word=141-666-BK
141-666-BR,モダンCP平芯1.85×70 ブラウン,팁CP평면 1.85×70 브라운,モダン交換,耳まわりの掛け心地と見た目を整えやすい,모던 교체,귀 주변 착용감과 외관을 정돈하기 쉬움,5100,KRW,,,,https://www.san-nishimura.co.jp/product/item/?key_word=141-666-BR
141-667-BK,モダンCP平芯2.1×70 ブラック,팁CP평면 2.1×70 블랙,モダン交換,耳まわりの掛け心地と見た目を整えやすい,모던 교체,귀 주변 착용감과 외관을 정돈하기 쉬움,5100,KRW,,,,https://www.san-nishimura.co.jp/product/item/?key_word=141-667-BK
141-667-BR,モダンCP平芯2.1×70 ブラウン,팁CP평면 2.1×70 브라운,モダン交換,耳まわりの掛け心地と見た目を整えやすい,모던 교체,귀 주변 착용감과 외관을 정돈하기 쉬움,5100,KRW,,,,https://www.san-nishimura.co.jp/product/item/?key_word=141-667-BR
141-668,±木ネジW1.6×8.0×2.3,± 나사W1.6×8.0×2.3,ネジ交換・固定,ゆるみや紛失時に対応しやすい,나사 교체 및 고정,풀림이나 분실에 대응하기 쉬움,5100,KRW,20本,"カタログP.34,35",141-668_1.jpg,https://www.san-nishimura.co.jp/product/item/?key_word=141-668
141-669,カーブパット 13×7,코받침 13×7,鼻パッド交換・調整,当たりと掛け心地を整えやすい,코패드 교체 및 조정,맞닿는 느낌과 착용감을 조정하기 쉬움,5100,KRW,5組,"カタログP.10,11",141-669_1.jpg,https://www.san-nishimura.co.jp/product/item/?key_word=141-669
141-673,箱蝶シリコン極小G 13×7.5,박스형 코받침실리콘초소형G 13×7.5,鼻パッド交換・調整,当たりと掛け心地を整えやすい,코패드 교체 및 조정,맞닿는 느낌과 착용감을 조정하기 쉬움,5100,KRW,2組,"カタログP.6,7",141-673_1.jpg,https://www.san-nishimura.co.jp/product/item/?key_word=141-673
141-673A,箱蝶シリコン極小G (100組入),박스형 코받침실리콘초소형G (100 입),鼻パッド交換・調整,当たりと掛け心地を整えやすい,코패드 교체 및 조정,맞닿는 느낌과 착용감을 조정하기 쉬움,178500,KRW,100組,,,https://www.san-nishimura.co.jp/product/item/?key_word=141-673A
141-673B,箱蝶シリコン極小G (300組入),박스형 코받침실리콘초소형G (300 입),鼻パッド交換・調整,当たりと掛け心地を整えやすい,코패드 교체 및 조정,맞닿는 느낌과 착용감을 조정하기 쉬움,517500,KRW,300組,,,https://www.san-nishimura.co.jp/product/item/?key_word=141-673B
141-673S,箱蝶シリコン極小G (50組入),박스형 코받침실리콘초소형G (50 입),鼻パッド交換・調整,当たりと掛け心地を整えやすい,코패드 교체 및 조정,맞닿는 느낌과 착용감을 조정하기 쉬움,91300,KRW,50組,,,https://www.san-nishimura.co.jp/product/item/?key_word=141-673S
141-674,箱蝶シリコン極小W 13×7.5,박스형 코받침실리콘초소형W 13×7.5,鼻パッド交換・調整,当たりと掛け心地を整えやすい,코패드 교체 및 조정,맞닿는 느낌과 착용감을 조정하기 쉬움,5100,KRW,2組,"カタログP.6,7",141-674_1.jpg,https://www.san-nishimura.co.jp/product/item/?key_word=141-674
141-674A,箱蝶シリコン極小W (100組入),박스형 코받침실리콘초소형W (100 입),鼻パッド交換・調整,当たりと掛け心地を整えやすい,코패드 교체 및 조정,맞닿는 느낌과 착용감을 조정하기 쉬움,178500,KRW,100組,,,https://www.san-nishimura.co.jp/product/item/?key_word=141-674A
141-674B,箱蝶シリコン極小W (300組入),박스형 코받침실리콘초소형W (300 입),鼻パッド交換・調整,当たりと掛け心地を整えやすい,코패드 교체 및 조정,맞닿는 느낌과 착용감을 조정하기 쉬움,517500,KRW,300組,,,https://www.san-nishimura.co.jp/product/item/?key_word=141-674B
141-674S,箱蝶シリコン極小W (50組入),박스형 코받침실리콘초소형W (50 입),鼻パッド交換・調整,当たりと掛け心地を整えやすい,코패드 교체 및 조정,맞닿는 느낌과 착용감을 조정하기 쉬움,91300,KRW,50組,,,https://www.san-nishimura.co.jp/product/item/?key_word=141-674S
141-683-BK,モダンCP平芯4.5×70 ブラック,팁CP평면 4.5×70 블랙,モダン交換,耳まわりの掛け心地と見た目を整えやすい,모던 교체,귀 주변 착용감과 외관을 정돈하기 쉬움,5100,KRW,,,141-683-BK_1.jpg,https://www.san-nishimura.co.jp/product/item/?key_word=141-683-BK
141-684-BK,モダンCP平芯5.0×70 ブラック,팁CP평면 5.0×70 블랙,モダン交換,耳まわりの掛け心地と見た目を整えやすい,모던 교체,귀 주변 착용감과 외관을 정돈하기 쉬움,5100,KRW,,,141-684-BK_1.jpg,https://www.san-nishimura.co.jp/product/item/?key_word=141-684-BK
141-690,±OSダブルロックW1.0×3.8,±OS 잠금W1.0×3.8,ツーポイント固定・補修,寸法を合わせて外れを補修しやすい,무테 프레임 고정 및 보수,치수를 맞춰 이탈 부위를 보수하기 쉬움,5100,KRW,20本,"カタログP.44,45",141-690_1.jpg,https://www.san-nishimura.co.jp/product/item/?key_word=141-690
141-690A,±OSダブルロックW(100本入),±OS 잠금W(100개),ツーポイント固定・補修,寸法を合わせて外れを補修しやすい,무테 프레임 고정 및 보수,치수를 맞춰 이탈 부위를 보수하기 쉬움,19600,KRW,100本,,,https://www.san-nishimura.co.jp/product/item/?key_word=141-690A
141-690B,±OSダブルロックW(300本入),±OS 잠금W(300개),ツーポイント固定・補修,寸法を合わせて外れを補修しやすい,무테 프레임 고정 및 보수,치수를 맞춰 이탈 부위를 보수하기 쉬움,54400,KRW,300本,,,https://www.san-nishimura.co.jp/product/item/?key_word=141-690B
141-690C,±OSダブルロックW(1000本入),±OS 잠금W(1000개),ツーポイント固定・補修,寸法を合わせて外れを補修しやすい,무테 프레임 고정 및 보수,치수를 맞춰 이탈 부위를 보수하기 쉬움,169800,KRW,1000本,,,https://www.san-nishimura.co.jp/product/item/?key_word=141-690C
141-691,±OSダブルロックW1.2×3.8,±OS 잠금W1.2×3.8,ツーポイント固定・補修,寸法を合わせて外れを補修しやすい,무테 프레임 고정 및 보수,치수를 맞춰 이탈 부위를 보수하기 쉬움,5100,KRW,20本,"カタログP.44,45",141-691_1.jpg,https://www.san-nishimura.co.jp/product/item/?key_word=141-691
141-691A,±OSダブルロックW(100本入),±OS 잠금W(100개),ツーポイント固定・補修,寸法を合わせて外れを補修しやすい,무테 프레임 고정 및 보수,치수를 맞춰 이탈 부위를 보수하기 쉬움,19600,KRW,100本,,,https://www.san-nishimura.co.jp/product/item/?key_word=141-691A
141-691B,±OSダブルロックW(300本入),±OS 잠금W(300개),ツーポイント固定・補修,寸法を合わせて外れを補修しやすい,무테 프레임 고정 및 보수,치수를 맞춰 이탈 부위를 보수하기 쉬움,54400,KRW,300本,,,https://www.san-nishimura.co.jp/product/item/?key_word=141-691B
141-691C,±OSダブルロックW(1000本入),±OS 잠금W(1000개),ツーポイント固定・補修,寸法を合わせて外れを補修しやすい,무테 프레임 고정 및 보수,치수를 맞춰 이탈 부위를 보수하기 쉬움,169800,KRW,1000本,,,https://www.san-nishimura.co.jp/product/item/?key_word=141-691C
141-700-1,丁番組座金W凸 2.8×0.9×1.6,힌지 와셔W볼록 2.8×0.9×1.6,丁番・テンプル開閉部の補修,開閉の動きやガタつきを整えやすい,힌지 및 템플 개폐부 보수,개폐 움직임과 흔들림을 정돈하기 쉬움,5100,KRW,10ヶ,カタログP.52,141-700-1_1.jpg,https://www.san-nishimura.co.jp/product/item/?key_word=141-700-1
141-700-2,丁番組座金W凹 2.8×0.9×1.8,힌지 와셔W오목 2.8×0.9×1.8,丁番・テンプル開閉部の補修,開閉の動きやガタつきを整えやすい,힌지 및 템플 개폐부 보수,개폐 움직임과 흔들림을 정돈하기 쉬움,5100,KRW,10ヶ,カタログP.52,141-700-2_1.jpg,https://www.san-nishimura.co.jp/product/item/?key_word=141-700-2
141-702,丁番段付座金W 2.8×0.45×1.6 つば厚0.15,힌지 포함와셔W 2.8×0.45×1.6 플랜지 0.15,丁番・テンプル開閉部の補修,開閉の動きやガタつきを整えやすい,힌지 및 템플 개폐부 보수,개폐 움직임과 흔들림을 정돈하기 쉬움,5100,KRW,20ヶ,カタログP.53,141-702_1.jpg,https://www.san-nishimura.co.jp/product/item/?key_word=141-702
141-702A,丁番段付座金W(100個入),힌지 포함와셔W(100개),丁番・テンプル開閉部の補修,開閉の動きやガタつきを整えやすい,힌지 및 템플 개폐부 보수,개폐 움직임과 흔들림을 정돈하기 쉬움,19600,KRW,100個,,,https://www.san-nishimura.co.jp/product/item/?key_word=141-702A
141-702B,丁番段付座金W(300個入),힌지 포함와셔W(300개),丁番・テンプル開閉部の補修,開閉の動きやガタつきを整えやすい,힌지 및 템플 개폐부 보수,개폐 움직임과 흔들림을 정돈하기 쉬움,54400,KRW,300個,,,https://www.san-nishimura.co.jp/product/item/?key_word=141-702B
141-702C,丁番段付座金W(1000個入),힌지 포함와셔W(1000개),丁番・テンプル開閉部の補修,開閉の動きやガタつきを整えやすい,힌지 및 템플 개폐부 보수,개폐 움직임과 흔들림을 정돈하기 쉬움,169800,KRW,1000個,,,https://www.san-nishimura.co.jp/product/item/?key_word=141-702C
141-703,丁番段付座金W 2.8×0.45×1.78,힌지 포함와셔W 2.8×0.45×1.78,丁番・テンプル開閉部の補修,開閉の動きやガタつきを整えやすい,힌지 및 템플 개폐부 보수,개폐 움직임과 흔들림을 정돈하기 쉬움,5100,KRW,20ヶ,カタログP.53,141-703_1.jpg,https://www.san-nishimura.co.jp/product/item/?key_word=141-703
141-703A,丁番段付座金W(100個入),힌지 포함와셔W(100개),丁番・テンプル開閉部の補修,開閉の動きやガタつきを整えやすい,힌지 및 템플 개폐부 보수,개폐 움직임과 흔들림을 정돈하기 쉬움,19600,KRW,100個,,,https://www.san-nishimura.co.jp/product/item/?key_word=141-703A
141-703B,丁番段付座金W(300個入),힌지 포함와셔W(300개),丁番・テンプル開閉部の補修,開閉の動きやガタつきを整えやすい,힌지 및 템플 개폐부 보수,개폐 움직임과 흔들림을 정돈하기 쉬움,54400,KRW,300個,,,https://www.san-nishimura.co.jp/product/item/?key_word=141-703B
141-703C,丁番段付座金W(1000個入),힌지 포함와셔W(1000개),丁番・テンプル開閉部の補修,開閉の動きやガタつきを整えやすい,힌지 및 템플 개폐부 보수,개폐 움직임과 흔들림을 정돈하기 쉬움,169800,KRW,1000個,,,https://www.san-nishimura.co.jp/product/item/?key_word=141-703C
141-704,丁番段付座金W 2.8×0.45×1.78 つば厚0.15,힌지 포함와셔W 2.8×0.45×1.78 플랜지 0.15,丁番・テンプル開閉部の補修,開閉の動きやガタつきを整えやすい,힌지 및 템플 개폐부 보수,개폐 움직임과 흔들림을 정돈하기 쉬움,5100,KRW,20ヶ,カタログP.53,141-704_1.jpg,https://www.san-nishimura.co.jp/product/item/?key_word=141-704
141-704A,丁番段付座金W(100個入),힌지 포함와셔W(100개),丁番・テンプル開閉部の補修,開閉の動きやガタつきを整えやすい,힌지 및 템플 개폐부 보수,개폐 움직임과 흔들림을 정돈하기 쉬움,19600,KRW,100個,,,https://www.san-nishimura.co.jp/product/item/?key_word=141-704A
141-704B,丁番段付座金W(300個入),힌지 포함와셔W(300개),丁番・テンプル開閉部の補修,開閉の動きやガタつきを整えやすい,힌지 및 템플 개폐부 보수,개폐 움직임과 흔들림을 정돈하기 쉬움,54400,KRW,300個,,,https://www.san-nishimura.co.jp/product/item/?key_word=141-704B
141-704C,丁番段付座金W(1000個入),힌지 포함와셔W(1000개),丁番・テンプル開閉部の補修,開閉の動きやガタつきを整えやすい,힌지 및 템플 개폐부 보수,개폐 움직임과 흔들림을 정돈하기 쉬움,169800,KRW,1000個,,,https://www.san-nishimura.co.jp/product/item/?key_word=141-704C
141-705,粘着付ソフト溝セル(極細),포함소프트 셀(얇은),ナイロール・溝まわり調整,レンズ保持を安定させやすい,나일론 림·홈 주변 조정,렌즈 고정을 안정시키기 쉬움,5100,KRW,,"カタログP.59,265",141-705_1.jpg,https://www.san-nishimura.co.jp/product/item/%e7%b2%98%e7%9d%80%e4%bb%98%e3%82%bd%e3%83%95%e3%83%88%e6%ba%9d%e3%82%bb%e3%83%ab/
141-706,アングルアジャストパットW 14.5×7,코받침W 14.5×7,鼻パッド交換・調整,当たりと掛け心地を整えやすい,코패드 교체 및 조정,맞닿는 느낌과 착용감을 조정하기 쉬움,5100,KRW,4組,"カタログP.14,15",141-706_1.jpg,https://www.san-nishimura.co.jp/product/item/?key_word=141-706
141-707,チタンメタルパット 12.5×7,티타늄메탈코받침 12.5×7,鼻パッド交換・調整,当たりと掛け心地を整えやすい,코패드 교체 및 조정,맞닿는 느낌과 착용감을 조정하기 쉬움,6300,KRW,1組,"カタログP.16,17",141-707_1.jpg,https://www.san-nishimura.co.jp/product/item/?key_word=141-707
141-708,鼻盛パット 左右対称(中) 16×7.5,코받침 보강 패드코받침 (중) 16×7.5,鼻盛り・掛け位置調整,低い鼻当てでも掛け位置を整えやすい,코받침 보정 및 착용 위치 조정,낮은 코받침도 착용 위치를 맞추기 쉬움,5100,KRW,1組,"カタログP.28,29",141-708_1.jpg,https://www.san-nishimura.co.jp/product/item/?key_word=141-708
141-709,鼻盛パット 左右対称(小) 14×7,코받침 보강 패드코받침 (소) 14×7,鼻盛り・掛け位置調整,低い鼻当てでも掛け位置を整えやすい,코받침 보정 및 착용 위치 조정,낮은 코받침도 착용 위치를 맞추기 쉬움,5100,KRW,1組,"カタログP.28,29,30",141-709_1.jpg,https://www.san-nishimura.co.jp/product/item/?key_word=141-709
141-710,鼻盛パット 高さ重視用 13.5×9,코받침 보강 패드코받침 13.5×9,鼻盛り・掛け位置調整,低い鼻当てでも掛け位置を整えやすい,코받침 보정 및 착용 위치 조정,낮은 코받침도 착용 위치를 맞추기 쉬움,5100,KRW,1組,"カタログP.28,29,30",141-710_1.jpg,https://www.san-nishimura.co.jp/product/item/?key_word=141-710
141-711,鼻盛パット 太リム用 18.5×8.5,코받침 보강 패드코받침 굵은 18.5×8.5,鼻盛り・掛け位置調整,低い鼻当てでも掛け位置を整えやすい,코받침 보정 및 착용 위치 조정,낮은 코받침도 착용 위치를 맞추기 쉬움,5100,KRW,1組,"カタログP.28,29,30",141-711_1.jpg,https://www.san-nishimura.co.jp/product/item/?key_word=141-711
141-712,鼻盛パット 細長型 18.5×7,코받침 보강 패드코받침 얇은 18.5×7,鼻盛り・掛け位置調整,低い鼻当てでも掛け位置を整えやすい,코받침 보정 및 착용 위치 조정,낮은 코받침도 착용 위치를 맞추기 쉬움,5100,KRW,1組,"カタログP.28,29,30",141-712_1.jpg,https://www.san-nishimura.co.jp/product/item/?key_word=141-712
141-713,鼻盛パット 万能型 17×7,코받침 보강 패드코받침 17×7,鼻盛り・掛け位置調整,低い鼻当てでも掛け位置を整えやすい,코받침 보정 및 착용 위치 조정,낮은 코받침도 착용 위치를 맞추기 쉬움,5100,KRW,1組,"カタログP.28,29",141-713_1.jpg,https://www.san-nishimura.co.jp/product/item/?key_word=141-713
141-714,鼻盛パット 小型(薄) 13×6.5,코받침 보강 패드코받침 소형() 13×6.5,鼻盛り・掛け位置調整,低い鼻当てでも掛け位置を整えやすい,코받침 보정 및 착용 위치 조정,낮은 코받침도 착용 위치를 맞추기 쉬움,5100,KRW,1組,"カタログP.28,29",141-714_1.jpg,https://www.san-nishimura.co.jp/product/item/?key_word=141-714
141-715,鼻盛パット 小型(厚) 15×6,코받침 보강 패드코받침 소형() 15×6,鼻盛り・掛け位置調整,低い鼻当てでも掛け位置を整えやすい,코받침 보정 및 착용 위치 조정,낮은 코받침도 착용 위치를 맞추기 쉬움,5100,KRW,1組,"カタログP.28,29",141-715_1.jpg,https://www.san-nishimura.co.jp/product/item/?key_word=141-715
141-722,シリコンツインパット14×9,실리콘 코받침14×9,鼻パッド交換・調整,当たりと掛け心地を整えやすい,코패드 교체 및 조정,맞닿는 느낌과 착용감을 조정하기 쉬움,5100,KRW,2ヶ,"カタログP.6,7",141-722_1.jpg,https://www.san-nishimura.co.jp/product/item/?key_word=141-722
141-723,シリコンツインパット13×7,실리콘 코받침13×7,鼻パッド交換・調整,当たりと掛け心地を整えやすい,코패드 교체 및 조정,맞닿는 느낌과 착용감을 조정하기 쉬움,5100,KRW,2ヶ,"カタログP.6,7",141-723_1.jpg,https://www.san-nishimura.co.jp/product/item/?key_word=141-723
141-724,チタンメタルパット 13.5×8,티타늄메탈코받침 13.5×8,鼻パッド交換・調整,当たりと掛け心地を整えやすい,코패드 교체 및 조정,맞닿는 느낌과 착용감을 조정하기 쉬움,6300,KRW,1組,"カタログP.16,17",141-724_1.jpg,https://www.san-nishimura.co.jp/product/item/?key_word=141-724
141-725,箱蝶シリコン極小G 14.5×7,박스형 코받침실리콘초소형G 14.5×7,鼻パッド交換・調整,当たりと掛け心地を整えやすい,코패드 교체 및 조정,맞닿는 느낌과 착용감을 조정하기 쉬움,5100,KRW,2組,"カタログP.6,7",141-725_1.jpg,https://www.san-nishimura.co.jp/product/item/?key_word=141-725
141-725A,箱蝶シリコン極小G(100組入),박스형 코받침실리콘초소형G(100 입),鼻パッド交換・調整,当たりと掛け心地を整えやすい,코패드 교체 및 조정,맞닿는 느낌과 착용감을 조정하기 쉬움,178500,KRW,100組,,,https://www.san-nishimura.co.jp/product/item/?key_word=141-725A
141-725B,箱蝶シリコン極小G(300組入),박스형 코받침실리콘초소형G(300 입),鼻パッド交換・調整,当たりと掛け心地を整えやすい,코패드 교체 및 조정,맞닿는 느낌과 착용감을 조정하기 쉬움,517500,KRW,300組,,,https://www.san-nishimura.co.jp/product/item/?key_word=141-725B
141-725S,箱蝶シリコン極小G(50組入),박스형 코받침실리콘초소형G(50 입),鼻パッド交換・調整,当たりと掛け心地を整えやすい,코패드 교체 및 조정,맞닿는 느낌과 착용감을 조정하기 쉬움,91300,KRW,50組,,,https://www.san-nishimura.co.jp/product/item/?key_word=141-725S
141-726,箱蝶シリコン極小W 14.5×7,박스형 코받침실리콘초소형W 14.5×7,鼻パッド交換・調整,当たりと掛け心地を整えやすい,코패드 교체 및 조정,맞닿는 느낌과 착용감을 조정하기 쉬움,5100,KRW,2組,"カタログP.6,7",141-726_1.jpg,https://www.san-nishimura.co.jp/product/item/?key_word=141-726
141-726A,箱蝶シリコン極小W(100組入),박스형 코받침실리콘초소형W(100 입),鼻パッド交換・調整,当たりと掛け心地を整えやすい,코패드 교체 및 조정,맞닿는 느낌과 착용감을 조정하기 쉬움,178500,KRW,100組,,,https://www.san-nishimura.co.jp/product/item/?key_word=141-726A
141-726B,箱蝶シリコン極小W(300組入),박스형 코받침실리콘초소형W(300 입),鼻パッド交換・調整,当たりと掛け心地を整えやすい,코패드 교체 및 조정,맞닿는 느낌과 착용감을 조정하기 쉬움,517500,KRW,300組,,,https://www.san-nishimura.co.jp/product/item/?key_word=141-726B
141-726S,箱蝶シリコン極小W(50組入),박스형 코받침실리콘초소형W(50 입),鼻パッド交換・調整,当たりと掛け心地を整えやすい,코패드 교체 및 조정,맞닿는 느낌과 착용감을 조정하기 쉬움,91300,KRW,50組,,,https://www.san-nishimura.co.jp/product/item/?key_word=141-726S
141-727,ガードアームG,G,パッド足交換・補修,必要な形状だけを選んで補修しやすい,코패드 암 교체 및 수리,필요한 형태만 골라 보수하기 쉬움,7400,KRW,,"カタログP.22,23",141-727_1.jpg,https://www.san-nishimura.co.jp/product/item/%e3%82%ac%e3%83%bc%e3%83%89%e3%82%a2%e3%83%bc%e3%83%a0/
141-728,ガードアームW,W,パッド足交換・補修,必要な形状だけを選んで補修しやすい,코패드 암 교체 및 수리,필요한 형태만 골라 보수하기 쉬움,7400,KRW,,"カタログP.22,23",141-728_1.jpg,https://www.san-nishimura.co.jp/product/item/%e3%82%ac%e3%83%bc%e3%83%89%e3%82%a2%e3%83%bc%e3%83%a0/
141-729,箱蝶シリコン極小 14.5×7,박스형 코받침실리콘초소형 14.5×7,鼻パッド交換・調整,当たりと掛け心地を整えやすい,코패드 교체 및 조정,맞닿는 느낌과 착용감을 조정하기 쉬움,5100,KRW,3組,"カタログP.6,7",141-729_1.jpg,https://www.san-nishimura.co.jp/product/item/?key_word=141-729
141-729A,箱蝶シリコン極小(100組入),박스형 코받침실리콘초소형(100 입),鼻パッド交換・調整,当たりと掛け心地を整えやすい,코패드 교체 및 조정,맞닿는 느낌과 착용감을 조정하기 쉬움,126100,KRW,100組,,,https://www.san-nishimura.co.jp/product/item/?key_word=141-729A
141-729B,箱蝶シリコン極小(300組入),박스형 코받침실리콘초소형(300 입),鼻パッド交換・調整,当たりと掛け心地を整えやすい,코패드 교체 및 조정,맞닿는 느낌과 착용감을 조정하기 쉬움,365300,KRW,300組,,,https://www.san-nishimura.co.jp/product/item/?key_word=141-729B
141-729S,箱蝶シリコン極小(50組入),박스형 코받침실리콘초소형(50 입),鼻パッド交換・調整,当たりと掛け心地を整えやすい,코패드 교체 및 조정,맞닿는 느낌과 착용감을 조정하기 쉬움,64400,KRW,50組,,,https://www.san-nishimura.co.jp/product/item/?key_word=141-729S
141-731-CL,一山パッド ニギリツブ クリア,코받침 클리어,鼻パッド交換・調整,当たりと掛け心地を整えやすい,코패드 교체 및 조정,맞닿는 느낌과 착용감을 조정하기 쉬움,10800,KRW,1ヶ,"カタログP.18,19",141-731-CL_1.jpg,https://www.san-nishimura.co.jp/product/item/?key_word=141-731-CL
141-731-DM,一山パッド ニギリツブ デミ,코받침,鼻パッド交換・調整,当たりと掛け心地を整えやすい,코패드 교체 및 조정,맞닿는 느낌과 착용감을 조정하기 쉬움,10800,KRW,1ヶ,"カタログP.18,19",141-731-DM_1.jpg,https://www.san-nishimura.co.jp/product/item/?key_word=141-731-DM
141-731-GL,一山パッド ニギリツブ グレー,코받침 그레이,鼻パッド交換・調整,当たりと掛け心地を整えやすい,코패드 교체 및 조정,맞닿는 느낌과 착용감을 조정하기 쉬움,10800,KRW,1ヶ,"カタログP.18,19",141-731-GL_1.jpg,https://www.san-nishimura.co.jp/product/item/?key_word=141-731-GL
141-732,チタングス(L型)9.5×6.0,티타늄 (L)9.5×6.0,丁番・テンプル開閉部の補修,開閉の動きやガタつきを整えやすい,힌지 및 템플 개폐부 보수,개폐 움직임과 흔들림을 정돈하기 쉬움,7400,KRW,,カタログP.22,141-732_1.jpg,https://www.san-nishimura.co.jp/product/item/?key_word=141-732
141-733,チタングス(グースネック小)10.5×7.5,티타늄 (구스넥소)10.5×7.5,丁番・テンプル開閉部の補修,開閉の動きやガタつきを整えやすい,힌지 및 템플 개폐부 보수,개폐 움직임과 흔들림을 정돈하기 쉬움,7400,KRW,,カタログP.22,141-733_1.jpg,https://www.san-nishimura.co.jp/product/item/?key_word=141-733
141-734,チタングス(グースネック大)13.5×7.5,티타늄 (구스넥대)13.5×7.5,丁番・テンプル開閉部の補修,開閉の動きやガタつきを整えやすい,힌지 및 템플 개폐부 보수,개폐 움직임과 흔들림을 정돈하기 쉬움,7400,KRW,,カタログP.22,141-734_1.jpg,https://www.san-nishimura.co.jp/product/item/%e3%83%81%e3%82%bf%e3%83%b3%e3%82%b0%e3%82%b9/
141-735-CG,ナノセラミックパッド(シャンパンゴールド),나노 세라믹코받침(골드),鼻パッド交換・調整,当たりと掛け心地を整えやすい,코패드 교체 및 조정,맞닿는 느낌과 착용감을 조정하기 쉬움,7400,KRW,1組,"カタログP.16,17",141-735-CG_1.jpg,https://www.san-nishimura.co.jp/product/item/?key_word=141-735-CG
141-735-DG,ナノセラミックパッド(ダークグレー),나노 세라믹코받침(그레이),鼻パッド交換・調整,当たりと掛け心地を整えやすい,코패드 교체 및 조정,맞닿는 느낌과 착용감을 조정하기 쉬움,7400,KRW,1組,"カタログP.16,17",141-735-DG_1.jpg,https://www.san-nishimura.co.jp/product/item/?key_word=141-735-DG
141-735-G,ナノセラミックパッド(ゴールド),나노 세라믹코받침(골드),鼻パッド交換・調整,当たりと掛け心地を整えやすい,코패드 교체 및 조정,맞닿는 느낌과 착용감을 조정하기 쉬움,7400,KRW,1組,"カタログP.16,17",141-735-G_1.jpg,https://www.san-nishimura.co.jp/product/item/?key_word=141-735-G
141-735-PG,ナノセラミックパッド(ピンクゴールド),나노 세라믹코받침(핑크골드),鼻パッド交換・調整,当たりと掛け心地を整えやすい,코패드 교체 및 조정,맞닿는 느낌과 착용감을 조정하기 쉬움,7400,KRW,1組,"カタログP.16,17",141-735-PG_1.jpg,https://www.san-nishimura.co.jp/product/item/?key_word=141-735-PG
141-735-S,ナノセラミックパッド(シルバー),나노 세라믹코받침(실버),鼻パッド交換・調整,当たりと掛け心地を整えやすい,코패드 교체 및 조정,맞닿는 느낌과 착용감을 조정하기 쉬움,7400,KRW,1組,"カタログP.16,17",141-735-S_1.jpg,https://www.san-nishimura.co.jp/product/item/?key_word=141-735-S
141-735-W,ナノセラミックパッド(ホワイト),나노 세라믹코받침(화이트),鼻パッド交換・調整,当たりと掛け心地を整えやすい,코패드 교체 및 조정,맞닿는 느낌과 착용감을 조정하기 쉬움,7400,KRW,1組,"カタログP.16,17",141-735-W_1.jpg,https://www.san-nishimura.co.jp/product/item/?key_word=141-735-W
141-736,箱蝶シリコン極小G 14.5×7,박스형 코받침실리콘초소형G 14.5×7,鼻パッド交換・調整,当たりと掛け心地を整えやすい,코패드 교체 및 조정,맞닿는 느낌과 착용감을 조정하기 쉬움,5100,KRW,2組,"カタログP.6,7",141-736_1.jpg,https://www.san-nishimura.co.jp/product/item/?key_word=141-736
141-736A,箱蝶シリコン極小G 14.5×7(100組入),박스형 코받침실리콘초소형G 14.5×7(100 입),鼻パッド交換・調整,当たりと掛け心地を整えやすい,코패드 교체 및 조정,맞닿는 느낌과 착용감을 조정하기 쉬움,178500,KRW,100組,,,https://www.san-nishimura.co.jp/product/item/?key_word=141-736A
141-736B,箱蝶シリコン極小G 14.5×7(300組入),박스형 코받침실리콘초소형G 14.5×7(300 입),鼻パッド交換・調整,当たりと掛け心地を整えやすい,코패드 교체 및 조정,맞닿는 느낌과 착용감을 조정하기 쉬움,517500,KRW,300組,,,https://www.san-nishimura.co.jp/product/item/?key_word=141-736B
141-736S,箱蝶シリコン極小G 14.5×7(50組入),박스형 코받침실리콘초소형G 14.5×7(50 입),鼻パッド交換・調整,当たりと掛け心地を整えやすい,코패드 교체 및 조정,맞닿는 느낌과 착용감을 조정하기 쉬움,91300,KRW,50組,,,https://www.san-nishimura.co.jp/product/item/?key_word=141-736S
141-737,箱蝶シリコン極小W 14.5×7,박스형 코받침실리콘초소형W 14.5×7,鼻パッド交換・調整,当たりと掛け心地を整えやすい,코패드 교체 및 조정,맞닿는 느낌과 착용감을 조정하기 쉬움,5100,KRW,2組,"カタログP.6,7",141-737_1.jpg,https://www.san-nishimura.co.jp/product/item/?key_word=141-737
141-737A,箱蝶シリコン極小W 14.5×7(100組入),박스형 코받침실리콘초소형W 14.5×7(100 입),鼻パッド交換・調整,当たりと掛け心地を整えやすい,코패드 교체 및 조정,맞닿는 느낌과 착용감을 조정하기 쉬움,178500,KRW,100組,,,https://www.san-nishimura.co.jp/product/item/?key_word=141-737A
141-737B,箱蝶シリコン極小W 14.5×7(300組入),박스형 코받침실리콘초소형W 14.5×7(300 입),鼻パッド交換・調整,当たりと掛け心地を整えやすい,코패드 교체 및 조정,맞닿는 느낌과 착용감을 조정하기 쉬움,517500,KRW,300組,,,https://www.san-nishimura.co.jp/product/item/?key_word=141-737B
141-737S,箱蝶シリコン極小W 14.5×7(50組入),박스형 코받침실리콘초소형W 14.5×7(50 입),鼻パッド交換・調整,当たりと掛け心地を整えやすい,코패드 교체 및 조정,맞닿는 느낌과 착용감을 조정하기 쉬움,91300,KRW,50組,,,https://www.san-nishimura.co.jp/product/item/?key_word=141-737S
141-740,金属ワッシャW 3.5×0.5×1.5,금속 와셔W 3.5×0.5×1.5,固定補助,当たりやガタつきを抑えやすい,고정 보조,닿는 손상과 흔들림을 줄이기 쉬움,5100,KRW,16ヶ,カタログP.51,141-740_1.jpg,https://www.san-nishimura.co.jp/product/item/?key_word=141-740
141-740A,金属ワッシャW 3.5×0.5×1.5(100個入),금속 와셔W 3.5×0.5×1.5(100개),固定補助,当たりやガタつきを抑えやすい,고정 보조,닿는 손상과 흔들림을 줄이기 쉬움,25800,KRW,100個,,,https://www.san-nishimura.co.jp/product/item/?key_word=141-740A
141-740B,金属ワッシャW 3.5×0.5×1.5(300個入),금속 와셔W 3.5×0.5×1.5(300개),固定補助,当たりやガタつきを抑えやすい,고정 보조,닿는 손상과 흔들림을 줄이기 쉬움,72300,KRW,300個,,,https://www.san-nishimura.co.jp/product/item/?key_word=141-740B
141-740C,金属ワッシャW 3.5×0.5×1.5(1000個入),금속 와셔W 3.5×0.5×1.5(1000개),固定補助,当たりやガタつきを抑えやすい,고정 보조,닿는 손상과 흔들림을 줄이기 쉬움,223600,KRW,1000個,,,https://www.san-nishimura.co.jp/product/item/?key_word=141-740C
141-741,鼻盛パット マッシュ型 14~8×8.5,코받침 보강 패드코받침 14~8×8.5,鼻盛り・掛け位置調整,低い鼻当てでも掛け位置を整えやすい,코받침 보정 및 착용 위치 조정,낮은 코받침도 착용 위치를 맞추기 쉬움,6300,KRW,1組,"カタログP.28,29",141-741_1.jpg,https://www.san-nishimura.co.jp/product/item/?key_word=141-741
141-742,2本ダキ足シリコンG 14.5×7,2 실리콘G 14.5×7,パッド足交換・補修,必要な形状だけを選んで補修しやすい,코패드 암 교체 및 수리,필요한 형태만 골라 보수하기 쉬움,5100,KRW,2本,"カタログP.8,9,20,21",141-742_1.jpg,https://www.san-nishimura.co.jp/product/item/%e7%89%b9%e6%ae%8a%e3%83%91%e3%83%83%e3%83%88%e3%82%bb%e3%83%83%e3%83%88/
141-743,2本ダキ足シリコンW 14.5×7,2 실리콘W 14.5×7,パッド足交換・補修,必要な形状だけを選んで補修しやすい,코패드 암 교체 및 수리,필요한 형태만 골라 보수하기 쉬움,5100,KRW,2本,"カタログP.8,9,20,21",141-743_1.jpg,https://www.san-nishimura.co.jp/product/item/%e7%89%b9%e6%ae%8a%e3%83%91%e3%83%83%e3%83%88%e3%82%bb%e3%83%83%e3%83%88/
141-744,シリコンビルトイン極小(角) 12.5×7,실리콘빌트인초소형(각형) 12.5×7,鼻パッド交換・調整,当たりと掛け心地を整えやすい,코패드 교체 및 조정,맞닿는 느낌과 착용감을 조정하기 쉬움,6300,KRW,,"カタログP.8,9,20,21",141-744_1.jpg,https://www.san-nishimura.co.jp/product/item/%e7%89%b9%e6%ae%8a%e3%83%91%e3%83%83%e3%83%88%e3%82%bb%e3%83%83%e3%83%88/
141-745,シリコンビルトイン極小 13×8,실리콘빌트인초소형 13×8,鼻パッド交換・調整,当たりと掛け心地を整えやすい,코패드 교체 및 조정,맞닿는 느낌과 착용감을 조정하기 쉬움,6300,KRW,,"カタログP.8,9,20,21",141-745_1.jpg,https://www.san-nishimura.co.jp/product/item/%e7%89%b9%e6%ae%8a%e3%83%91%e3%83%83%e3%83%88%e3%82%bb%e3%83%83%e3%83%88/
141-747,箱蝶極小G(抗菌仕様)14.5×7,박스형 코받침초소형G()14.5×7,鼻パッド交換・調整,当たりと掛け心地を整えやすい,코패드 교체 및 조정,맞닿는 느낌과 착용감을 조정하기 쉬움,5100,KRW,3組,"カタログP.10,11",141-747_1.jpg,https://www.san-nishimura.co.jp/product/item/?key_word=141-747
141-747A,箱蝶極小G(抗菌仕様)14.5×7(100組入),박스형 코받침초소형G()14.5×7(100 입),鼻パッド交換・調整,当たりと掛け心地を整えやすい,코패드 교체 및 조정,맞닿는 느낌과 착용감을 조정하기 쉬움,126100,KRW,100組,,,https://www.san-nishimura.co.jp/product/item/?key_word=141-747A
141-747B,箱蝶極小G(抗菌仕様)14.5×7(300組入),박스형 코받침초소형G()14.5×7(300 입),鼻パッド交換・調整,当たりと掛け心地を整えやすい,코패드 교체 및 조정,맞닿는 느낌과 착용감을 조정하기 쉬움,365300,KRW,300組,,,https://www.san-nishimura.co.jp/product/item/?key_word=141-747B
141-747S,箱蝶極小G(抗菌仕様)14.5×7(50組入),박스형 코받침초소형G()14.5×7(50 입),鼻パッド交換・調整,当たりと掛け心地を整えやすい,코패드 교체 및 조정,맞닿는 느낌과 착용감을 조정하기 쉬움,64400,KRW,50組,,,https://www.san-nishimura.co.jp/product/item/?key_word=141-747S
141-748,箱蝶極小W(抗菌仕様)14.5×7,박스형 코받침초소형W()14.5×7,鼻パッド交換・調整,当たりと掛け心地を整えやすい,코패드 교체 및 조정,맞닿는 느낌과 착용감을 조정하기 쉬움,5100,KRW,3組,"カタログP.10,11",141-748_1.jpg,https://www.san-nishimura.co.jp/product/item/?key_word=141-748
141-748A,箱蝶極小W(抗菌仕様)14.5×7(100組入),박스형 코받침초소형W()14.5×7(100 입),鼻パッド交換・調整,当たりと掛け心地を整えやすい,코패드 교체 및 조정,맞닿는 느낌과 착용감을 조정하기 쉬움,126100,KRW,100組,,,https://www.san-nishimura.co.jp/product/item/?key_word=141-748A
141-748B,箱蝶極小W(抗菌仕様)14.5×7(300組入),박스형 코받침초소형W()14.5×7(300 입),鼻パッド交換・調整,当たりと掛け心地を整えやすい,코패드 교체 및 조정,맞닿는 느낌과 착용감을 조정하기 쉬움,365300,KRW,300組,,,https://www.san-nishimura.co.jp/product/item/?key_word=141-748B
141-748S,箱蝶極小W(抗菌仕様)14.5×7(50組入),박스형 코받침초소형W()14.5×7(50 입),鼻パッド交換・調整,当たりと掛け心地を整えやすい,코패드 교체 및 조정,맞닿는 느낌과 착용감을 조정하기 쉬움,64400,KRW,50組,,,https://www.san-nishimura.co.jp/product/item/?key_word=141-748S
141-749,箱蝶ソフト小G(抗菌仕様)14.5×7,박스형 코받침소프트소G()14.5×7,鼻パッド交換・調整,当たりと掛け心地を整えやすい,코패드 교체 및 조정,맞닿는 느낌과 착용감을 조정하기 쉬움,5100,KRW,3組,"カタログP.12,13",141-749_1.jpg,https://www.san-nishimura.co.jp/product/item/?key_word=141-749
141-749A,箱蝶ソフト小G(抗菌仕様)14.5×7(100組入),박스형 코받침소프트소G()14.5×7(100 입),鼻パッド交換・調整,当たりと掛け心地を整えやすい,코패드 교체 및 조정,맞닿는 느낌과 착용감을 조정하기 쉬움,126100,KRW,100組,,,https://www.san-nishimura.co.jp/product/item/?key_word=141-749A
141-749B,箱蝶ソフト小G(抗菌仕様)14.5×7(300組入),박스형 코받침소프트소G()14.5×7(300 입),鼻パッド交換・調整,当たりと掛け心地を整えやすい,코패드 교체 및 조정,맞닿는 느낌과 착용감을 조정하기 쉬움,365300,KRW,300組,,,https://www.san-nishimura.co.jp/product/item/?key_word=141-749B
141-749S,箱蝶ソフト小G(抗菌仕様)14.5×7(50組入),박스형 코받침소프트소G()14.5×7(50 입),鼻パッド交換・調整,当たりと掛け心地を整えやすい,코패드 교체 및 조정,맞닿는 느낌과 착용감을 조정하기 쉬움,64400,KRW,50組,,,https://www.san-nishimura.co.jp/product/item/?key_word=141-749S
141-750,箱蝶ソフト小W(抗菌仕様)14.5×7,박스형 코받침소프트소W()14.5×7,鼻パッド交換・調整,当たりと掛け心地を整えやすい,코패드 교체 및 조정,맞닿는 느낌과 착용감을 조정하기 쉬움,5100,KRW,3組,"カタログP.12,13",141-750_1.jpg,https://www.san-nishimura.co.jp/product/item/?key_word=141-750
141-750A,箱蝶ソフト小W(抗菌仕様)14.5×7(100組入),박스형 코받침소프트소W()14.5×7(100 입),鼻パッド交換・調整,当たりと掛け心地を整えやすい,코패드 교체 및 조정,맞닿는 느낌과 착용감을 조정하기 쉬움,126100,KRW,100組,,,https://www.san-nishimura.co.jp/product/item/?key_word=141-750A
141-750B,箱蝶ソフト小W(抗菌仕様)14.5×7(300組入),박스형 코받침소프트소W()14.5×7(300 입),鼻パッド交換・調整,当たりと掛け心地を整えやすい,코패드 교체 및 조정,맞닿는 느낌과 착용감을 조정하기 쉬움,365300,KRW,300組,,,https://www.san-nishimura.co.jp/product/item/?key_word=141-750B
141-750S,箱蝶ソフト小W(抗菌仕様)14.5×7(50組入),박스형 코받침소프트소W()14.5×7(50 입),鼻パッド交換・調整,当たりと掛け心地を整えやすい,코패드 교체 및 조정,맞닿는 느낌과 착용감을 조정하기 쉬움,64400,KRW,50組,,,https://www.san-nishimura.co.jp/product/item/?key_word=141-750S
141-751,箱蝶シリコン極小G(抗菌仕様)13×7.5,박스형 코받침실리콘초소형G()13×7.5,鼻パッド交換・調整,当たりと掛け心地を整えやすい,코패드 교체 및 조정,맞닿는 느낌과 착용감을 조정하기 쉬움,5100,KRW,1組,"カタログP.6,7",141-751_1.jpg,https://www.san-nishimura.co.jp/product/item/?key_word=141-751
141-751A,箱蝶シリコン極小G(抗菌仕様)13×7.5(100組入),박스형 코받침실리콘초소형G()13×7.5(100 입),鼻パッド交換・調整,当たりと掛け心地を整えやすい,코패드 교체 및 조정,맞닿는 느낌과 착용감을 조정하기 쉬움,337300,KRW,100組,,,https://www.san-nishimura.co.jp/product/item/?key_word=141-751A
141-751B,箱蝶シリコン極小G(抗菌仕様)13×7.5(300組入),박스형 코받침실리콘초소형G()13×7.5(300 입),鼻パッド交換・調整,当たりと掛け心地を整えやすい,코패드 교체 및 조정,맞닿는 느낌과 착용감을 조정하기 쉬움,977500,KRW,300組,,,https://www.san-nishimura.co.jp/product/item/?key_word=141-751B
141-751S,箱蝶シリコン極小G(抗菌仕様)13×7.5(50組入),박스형 코받침실리콘초소형G()13×7.5(50 입),鼻パッド交換・調整,当たりと掛け心地を整えやすい,코패드 교체 및 조정,맞닿는 느낌과 착용감을 조정하기 쉬움,172400,KRW,50組,,,https://www.san-nishimura.co.jp/product/item/?key_word=141-751S
141-752,箱蝶シリコン極小G(抗菌仕様)13×7.5,박스형 코받침실리콘초소형G()13×7.5,鼻パッド交換・調整,当たりと掛け心地を整えやすい,코패드 교체 및 조정,맞닿는 느낌과 착용감을 조정하기 쉬움,5100,KRW,1組,"カタログP.6,7",141-752_1.jpg,https://www.san-nishimura.co.jp/product/item/?key_word=141-752
141-752A,箱蝶シリコン極小G(抗菌仕様)13×7.5(100組入),박스형 코받침실리콘초소형G()13×7.5(100 입),鼻パッド交換・調整,当たりと掛け心地を整えやすい,코패드 교체 및 조정,맞닿는 느낌과 착용감을 조정하기 쉬움,337300,KRW,100組,,,https://www.san-nishimura.co.jp/product/item/?key_word=141-752A
141-752B,箱蝶シリコン極小G(抗菌仕様)13×7.5(300組入),박스형 코받침실리콘초소형G()13×7.5(300 입),鼻パッド交換・調整,当たりと掛け心地を整えやすい,코패드 교체 및 조정,맞닿는 느낌과 착용감을 조정하기 쉬움,977500,KRW,300組,,,https://www.san-nishimura.co.jp/product/item/?key_word=141-752B
141-752S,箱蝶シリコン極小G(抗菌仕様)13×7.5(50組入),박스형 코받침실리콘초소형G()13×7.5(50 입),鼻パッド交換・調整,当たりと掛け心地を整えやすい,코패드 교체 및 조정,맞닿는 느낌과 착용감을 조정하기 쉬움,172400,KRW,50組,,,https://www.san-nishimura.co.jp/product/item/?key_word=141-752S
141-753,箱蝶シリコン極小G(抗菌仕様)14.5×7,박스형 코받침실리콘초소형G()14.5×7,鼻パッド交換・調整,当たりと掛け心地を整えやすい,코패드 교체 및 조정,맞닿는 느낌과 착용감을 조정하기 쉬움,5100,KRW,1組,"カタログP.6,7",141-753_1.jpg,https://www.san-nishimura.co.jp/product/item/?key_word=141-753
141-753A,箱蝶シリコン極小G(抗菌仕様)14.5×7(100組入),박스형 코받침실리콘초소형G()14.5×7(100 입),鼻パッド交換・調整,当たりと掛け心地を整えやすい,코패드 교체 및 조정,맞닿는 느낌과 착용감을 조정하기 쉬움,337300,KRW,100組,,,https://www.san-nishimura.co.jp/product/item/?key_word=141-753A
141-753B,箱蝶シリコン極小G(抗菌仕様)14.5×7(300組入),박스형 코받침실리콘초소형G()14.5×7(300 입),鼻パッド交換・調整,当たりと掛け心地を整えやすい,코패드 교체 및 조정,맞닿는 느낌과 착용감을 조정하기 쉬움,977500,KRW,300組,,,https://www.san-nishimura.co.jp/product/item/?key_word=141-753B
141-753S,箱蝶シリコン極小G(抗菌仕様)14.5×7(50組入),박스형 코받침실리콘초소형G()14.5×7(50 입),鼻パッド交換・調整,当たりと掛け心地を整えやすい,코패드 교체 및 조정,맞닿는 느낌과 착용감을 조정하기 쉬움,172400,KRW,50組,,,https://www.san-nishimura.co.jp/product/item/?key_word=141-753S
141-754,箱蝶シリコン極小W(抗菌仕様)14.5×7,박스형 코받침실리콘초소형W()14.5×7,鼻パッド交換・調整,当たりと掛け心地を整えやすい,코패드 교체 및 조정,맞닿는 느낌과 착용감을 조정하기 쉬움,5100,KRW,1組,"カタログP.6,7",141-754_1.jpg,https://www.san-nishimura.co.jp/product/item/?key_word=141-754
141-754A,箱蝶シリコン極小W(抗菌仕様)14.5×7(100組入),박스형 코받침실리콘초소형W()14.5×7(100 입),鼻パッド交換・調整,当たりと掛け心地を整えやすい,코패드 교체 및 조정,맞닿는 느낌과 착용감을 조정하기 쉬움,337300,KRW,100組,,,https://www.san-nishimura.co.jp/product/item/?key_word=141-754A
141-754B,箱蝶シリコン極小W(抗菌仕様)14.5×7(300組入),박스형 코받침실리콘초소형W()14.5×7(300 입),鼻パッド交換・調整,当たりと掛け心地を整えやすい,코패드 교체 및 조정,맞닿는 느낌과 착용감을 조정하기 쉬움,977500,KRW,300組,,,https://www.san-nishimura.co.jp/product/item/?key_word=141-754B
141-754S,箱蝶シリコン極小W(抗菌仕様)14.5×7(50組入),박스형 코받침실리콘초소형W()14.5×7(50 입),鼻パッド交換・調整,当たりと掛け心地を整えやすい,코패드 교체 및 조정,맞닿는 느낌과 착용감을 조정하기 쉬움,172400,KRW,50組,,,https://www.san-nishimura.co.jp/product/item/?key_word=141-754S
141-755-BK,モダンCP平芯2.1×70ブラック(抗菌仕様),팁CP평면 2.1×70블랙(),モダン交換,耳まわりの掛け心地と見た目を整えやすい,모던 교체,귀 주변 착용감과 외관을 정돈하기 쉬움,5100,KRW,,,141-755-BK_1.jpg,https://www.san-nishimura.co.jp/product/item/?key_word=141-755-BK
141-755-BR,モダンCP平芯2.1×70ブラウン(抗菌仕様),팁CP평면 2.1×70브라운(),モダン交換,耳まわりの掛け心地と見た目を整えやすい,모던 교체,귀 주변 착용감과 외관을 정돈하기 쉬움,5100,KRW,,,141-755-BR_1.jpg,https://www.san-nishimura.co.jp/product/item/?key_word=141-755-BR
141-756-BK,モダンCP丸芯1.5×65ブラック(抗菌仕様),팁CP원형 코어1.5×65블랙(),モダン交換,耳まわりの掛け心地と見た目を整えやすい,모던 교체,귀 주변 착용감과 외관을 정돈하기 쉬움,5100,KRW,,,141-756-BK_1.jpg,https://www.san-nishimura.co.jp/product/item/?key_word=141-756-BK
141-756-BR,モダンCP丸芯1.5×65ブラウン(抗菌仕様),팁CP원형 코어1.5×65브라운(),モダン交換,耳まわりの掛け心地と見た目を整えやすい,모던 교체,귀 주변 착용감과 외관을 정돈하기 쉬움,5100,KRW,,,141-756-BR_1.jpg,https://www.san-nishimura.co.jp/product/item/?key_word=141-756-BR
141-757,鼻盛パット J型小 14~8 8.5,코받침 보강 패드코받침 J 소 14~8 8.5,鼻盛り・掛け位置調整,低い鼻当てでも掛け位置を整えやすい,코받침 보정 및 착용 위치 조정,낮은 코받침도 착용 위치를 맞추기 쉬움,6300,KRW,1組,"カタログP.28,29",141-757_1.jpg,https://www.san-nishimura.co.jp/product/item/?key_word=141-757
141-758,鼻盛パット J型中 15~8.5 9,코받침 보강 패드코받침 J 중 15~8.5 9,鼻盛り・掛け位置調整,低い鼻当てでも掛け位置を整えやすい,코받침 보정 및 착용 위치 조정,낮은 코받침도 착용 위치를 맞추기 쉬움,6300,KRW,1組,"カタログP.28,29",141-758_1.jpg,https://www.san-nishimura.co.jp/product/item/?key_word=141-758
141-764,シリコンプロテクトリングφ27mm,실리콘 φ27mm,ナイロール・溝まわり調整,レンズ保持を安定させやすい,나일론 림·홈 주변 조정,렌즈 고정을 안정시키기 쉬움,5100,KRW,,"カタログP.59,264",141-764_1.jpg,https://www.san-nishimura.co.jp/product/item/%e3%82%b7%e3%83%aa%e3%82%b3%e3%83%b3%e3%83%97%e3%83%ad%e3%83%86%e3%82%af%e3%83%88%e3%83%aa%e3%83%b3%e3%82%b0/
141-765,シリコンプロテクトリングφ32mm,실리콘 φ32mm,ナイロール・溝まわり調整,レンズ保持を安定させやすい,나일론 림·홈 주변 조정,렌즈 고정을 안정시키기 쉬움,5100,KRW,,"カタログP.59,264",141-765_1.jpg,https://www.san-nishimura.co.jp/product/item/%e3%82%b7%e3%83%aa%e3%82%b3%e3%83%b3%e3%83%97%e3%83%ad%e3%83%86%e3%82%af%e3%83%88%e3%83%aa%e3%83%b3%e3%82%b0/
141-766,ナイロールシート(30枚入),롤시트(30 입),ナイロールレンズ着脱,傷や糸残りを抑えて着脱しやすい,나일론 림 렌즈 탈착,탈착 시 흠집과 잔여물을 줄이기 쉬움,5100,KRW,30枚,"カタログP.61,161",141-766_1.jpg,https://www.san-nishimura.co.jp/product/item/%e3%83%8a%e3%82%a4%e3%83%ad%e3%83%bc%e3%83%ab%e3%82%b7%e3%83%bc%e3%83%88/
141-767,丁番段付座金グラファイトW2.8×0.5×1.6,힌지 포함와셔 W2.8×0.5×1.6,丁番・テンプル開閉部の補修,開閉の動きやガタつきを整えやすい,힌지 및 템플 개폐부 보수,개폐 움직임과 흔들림을 정돈하기 쉬움,5100,KRW,16ヶ,カタログP.52,141-767_1.jpg,https://www.san-nishimura.co.jp/product/item/?key_word=141-767
141-767A,丁番段付座金グラファイトW2.8×0.5×1.6(100個入),힌지 포함와셔 W2.8×0.5×1.6(100개),丁番・テンプル開閉部の補修,開閉の動きやガタつきを整えやすい,힌지 및 템플 개폐부 보수,개폐 움직임과 흔들림을 정돈하기 쉬움,25800,KRW,100個,,,https://www.san-nishimura.co.jp/product/item/?key_word=141-767A
141-767B,丁番段付座金グラファイトW2.8×0.5×1.6(300個入),힌지 포함와셔 W2.8×0.5×1.6(300개),丁番・テンプル開閉部の補修,開閉の動きやガタつきを整えやすい,힌지 및 템플 개폐부 보수,개폐 움직임과 흔들림을 정돈하기 쉬움,72300,KRW,300個,,,https://www.san-nishimura.co.jp/product/item/?key_word=141-767B
141-768,丁番段付座金グラファイトWつば厚2.8×0.45×1.6,힌지 포함와셔 W플랜지 2.8×0.45×1.6,丁番・テンプル開閉部の補修,開閉の動きやガタつきを整えやすい,힌지 및 템플 개폐부 보수,개폐 움직임과 흔들림을 정돈하기 쉬움,5100,KRW,16ヶ,カタログP.52,141-768_1.jpg,https://www.san-nishimura.co.jp/product/item/?key_word=141-768
141-768A,丁番段付座金グラファイトWつば厚2.8×0.45×1.6(100個入),힌지 포함와셔 W플랜지 2.8×0.45×1.6(100개),丁番・テンプル開閉部の補修,開閉の動きやガタつきを整えやすい,힌지 및 템플 개폐부 보수,개폐 움직임과 흔들림을 정돈하기 쉬움,25800,KRW,100個,,,https://www.san-nishimura.co.jp/product/item/?key_word=141-768A
141-768B,丁番段付座金グラファイトWつば厚2.8×0.45×1.6(300個入),힌지 포함와셔 W플랜지 2.8×0.45×1.6(300개),丁番・テンプル開閉部の補修,開閉の動きやガタつきを整えやすい,힌지 및 템플 개폐부 보수,개폐 움직임과 흔들림을 정돈하기 쉬움,72300,KRW,300個,,,https://www.san-nishimura.co.jp/product/item/?key_word=141-768B
141-769,丁番段付座金グラファイトW2.8×0.45×1.78,힌지 포함와셔 W2.8×0.45×1.78,丁番・テンプル開閉部の補修,開閉の動きやガタつきを整えやすい,힌지 및 템플 개폐부 보수,개폐 움직임과 흔들림을 정돈하기 쉬움,5100,KRW,16ヶ,カタログP.52,141-769_1.jpg,https://www.san-nishimura.co.jp/product/item/?key_word=141-769
141-769A,丁番段付座金グラファイトW2.8×0.45×1.78(100個入),힌지 포함와셔 W2.8×0.45×1.78(100개),丁番・テンプル開閉部の補修,開閉の動きやガタつきを整えやすい,힌지 및 템플 개폐부 보수,개폐 움직임과 흔들림을 정돈하기 쉬움,25800,KRW,100個,,,https://www.san-nishimura.co.jp/product/item/?key_word=141-769A
141-769B,丁番段付座金グラファイトW2.8×0.45×1.78(300個入),힌지 포함와셔 W2.8×0.45×1.78(300개),丁番・テンプル開閉部の補修,開閉の動きやガタつきを整えやすい,힌지 및 템플 개폐부 보수,개폐 움직임과 흔들림을 정돈하기 쉬움,72300,KRW,300個,,,https://www.san-nishimura.co.jp/product/item/?key_word=141-769B
141-770,丁番段付座金グラファイトWつば厚2.8×0.45×1.78,힌지 포함와셔 W플랜지 2.8×0.45×1.78,丁番・テンプル開閉部の補修,開閉の動きやガタつきを整えやすい,힌지 및 템플 개폐부 보수,개폐 움직임과 흔들림을 정돈하기 쉬움,5100,KRW,16ヶ,カタログP.52,141-770_1.jpg,https://www.san-nishimura.co.jp/product/item/?key_word=141-770
141-770A,丁番段付座金グラファイトWつば厚2.8×0.45×1.78(100個入),힌지 포함와셔 W플랜지 2.8×0.45×1.78(100개),丁番・テンプル開閉部の補修,開閉の動きやガタつきを整えやすい,힌지 및 템플 개폐부 보수,개폐 움직임과 흔들림을 정돈하기 쉬움,25800,KRW,100個,,,https://www.san-nishimura.co.jp/product/item/?key_word=141-770A
141-770B,丁番段付座金グラファイトWつば厚2.8×0.45×1.78(300個入),힌지 포함와셔 W플랜지 2.8×0.45×1.78(300개),丁番・テンプル開閉部の補修,開閉の動きやガタつきを整えやすい,힌지 및 템플 개폐부 보수,개폐 움직임과 흔들림을 정돈하기 쉬움,72300,KRW,300個,,,https://www.san-nishimura.co.jp/product/item/?key_word=141-770B
141-771,丁番段付座金グラファイトW3.0×0.45×1.78,힌지 포함와셔 W3.0×0.45×1.78,丁番・テンプル開閉部の補修,開閉の動きやガタつきを整えやすい,힌지 및 템플 개폐부 보수,개폐 움직임과 흔들림을 정돈하기 쉬움,5100,KRW,16ヶ,カタログP.52,141-771_1.jpg,https://www.san-nishimura.co.jp/product/item/?key_word=141-771
141-771A,丁番段付座金グラファイトW3.0×0.45×1.78(100個入),힌지 포함와셔 W3.0×0.45×1.78(100개),丁番・テンプル開閉部の補修,開閉の動きやガタつきを整えやすい,힌지 및 템플 개폐부 보수,개폐 움직임과 흔들림을 정돈하기 쉬움,25800,KRW,100個,,,https://www.san-nishimura.co.jp/product/item/?key_word=141-771A
141-771B,丁番段付座金グラファイトW3.0×0.45×1.78(300個入),힌지 포함와셔 W3.0×0.45×1.78(300개),丁番・テンプル開閉部の補修,開閉の動きやガタつきを整えやすい,힌지 및 템플 개폐부 보수,개폐 움직임과 흔들림을 정돈하기 쉬움,72300,KRW,300個,,,https://www.san-nishimura.co.jp/product/item/?key_word=141-771B
141-772,丁番段付座金グラファイトW3.0×0.5×1.78,힌지 포함와셔 W3.0×0.5×1.78,丁番・テンプル開閉部の補修,開閉の動きやガタつきを整えやすい,힌지 및 템플 개폐부 보수,개폐 움직임과 흔들림을 정돈하기 쉬움,5100,KRW,16ヶ,カタログP.52,141-772_1.jpg,https://www.san-nishimura.co.jp/product/item/?key_word=141-772
141-772A,丁番段付座金グラファイトW3.0×0.5×1.78(100個入),힌지 포함와셔 W3.0×0.5×1.78(100개),丁番・テンプル開閉部の補修,開閉の動きやガタつきを整えやすい,힌지 및 템플 개폐부 보수,개폐 움직임과 흔들림을 정돈하기 쉬움,25800,KRW,100個,,,https://www.san-nishimura.co.jp/product/item/?key_word=141-772A
141-772B,丁番段付座金グラファイトW3.0×0.5×1.78(300個入),힌지 포함와셔 W3.0×0.5×1.78(300개),丁番・テンプル開閉部の補修,開閉の動きやガタつきを整えやすい,힌지 및 템플 개폐부 보수,개폐 움직임과 흔들림을 정돈하기 쉬움,72300,KRW,300個,,,https://www.san-nishimura.co.jp/product/item/?key_word=141-772B
141-773-CL,一山パッド オニニギリ クリア,코받침 클리어,鼻パッド交換・調整,当たりと掛け心地を整えやすい,코패드 교체 및 조정,맞닿는 느낌과 착용감을 조정하기 쉬움,10800,KRW,1ヶ,"カタログP.18,19",141-773-CL_1.jpg,https://www.san-nishimura.co.jp/product/item/?key_word=141-773-CL
141-773-DM,一山パッド オニニギリ デミアンバー,코받침 데미 앰버,鼻パッド交換・調整,当たりと掛け心地を整えやすい,코패드 교체 및 조정,맞닿는 느낌과 착용감을 조정하기 쉬움,10800,KRW,1ヶ,"カタログP.18,19",141-773-DM_1.jpg,https://www.san-nishimura.co.jp/product/item/?key_word=141-773-DM
141-774,丁番段付座金グラファイトWつば薄2.8×0.45×1.6,힌지 포함와셔 W플랜지 2.8×0.45×1.6,丁番・テンプル開閉部の補修,開閉の動きやガタつきを整えやすい,힌지 및 템플 개폐부 보수,개폐 움직임과 흔들림을 정돈하기 쉬움,5100,KRW,14ヶ,カタログP.52,141-774_1.jpg,https://www.san-nishimura.co.jp/product/item/?key_word=141-774
141-774A,丁番段付座金グラファイトWつば薄2.8×0.45×1.6(100個入),힌지 포함와셔 W플랜지 2.8×0.45×1.6(100개),丁番・テンプル開閉部の補修,開閉の動きやガタつきを整えやすい,힌지 및 템플 개폐부 보수,개폐 움직임과 흔들림을 정돈하기 쉬움,32100,KRW,100個,,,https://www.san-nishimura.co.jp/product/item/?key_word=141-774A
141-774B,丁番段付座金グラファイトWつば薄2.8×0.45×1.6(300個入),힌지 포함와셔 W플랜지 2.8×0.45×1.6(300개),丁番・テンプル開閉部の補修,開閉の動きやガタつきを整えやすい,힌지 및 템플 개폐부 보수,개폐 움직임과 흔들림을 정돈하기 쉬움,83300,KRW,300個,,,https://www.san-nishimura.co.jp/product/item/?key_word=141-774B
141-775,丁番段付座金グラファイトWつば薄2.8×0.45×1.78,힌지 포함와셔 W플랜지 2.8×0.45×1.78,丁番・テンプル開閉部の補修,開閉の動きやガタつきを整えやすい,힌지 및 템플 개폐부 보수,개폐 움직임과 흔들림을 정돈하기 쉬움,5100,KRW,14ヶ,カタログP.52,,https://www.san-nishimura.co.jp/product/item/?key_word=141-775
141-775A,丁番段付座金グラファイトWつば薄2.8×0.45×1.78(100個入),힌지 포함와셔 W플랜지 2.8×0.45×1.78(100개),丁番・テンプル開閉部の補修,開閉の動きやガタつきを整えやすい,힌지 및 템플 개폐부 보수,개폐 움직임과 흔들림을 정돈하기 쉬움,32100,KRW,100個,,,https://www.san-nishimura.co.jp/product/item/?key_word=141-775A
141-775B,丁番段付座金グラファイトWつば薄2.8×0.45×1.78(300個入),힌지 포함와셔 W플랜지 2.8×0.45×1.78(300개),丁番・テンプル開閉部の補修,開閉の動きやガタつきを整えやすい,힌지 및 템플 개폐부 보수,개폐 움직임과 흔들림을 정돈하기 쉬움,83300,KRW,300個,,,https://www.san-nishimura.co.jp/product/item/?key_word=141-775B
141-776,箱蝶シリコン小G 17×8,박스형 코받침실리콘소G 17×8,鼻パッド交換・調整,当たりと掛け心地を整えやすい,코패드 교체 및 조정,맞닿는 느낌과 착용감을 조정하기 쉬움,5100,KRW,2組,"カタログP.6,7",141-776_1.jpg,https://www.san-nishimura.co.jp/product/item/?key_word=141-776
141-776A,箱蝶シリコンパットG小(100組入),박스형 코받침실리콘코받침G소(100 입),鼻パッド交換・調整,当たりと掛け心地を整えやすい,코패드 교체 및 조정,맞닿는 느낌과 착용감을 조정하기 쉬움,178500,KRW,100組,,,https://www.san-nishimura.co.jp/product/item/?key_word=141-776A
141-776B,箱蝶シリコンパットG小(300組入),박스형 코받침실리콘코받침G소(300 입),鼻パッド交換・調整,当たりと掛け心地を整えやすい,코패드 교체 및 조정,맞닿는 느낌과 착용감을 조정하기 쉬움,517500,KRW,300組,,,https://www.san-nishimura.co.jp/product/item/?key_word=141-776B
141-776S,箱蝶シリコンパットG小(50組入),박스형 코받침실리콘코받침G소(50 입),鼻パッド交換・調整,当たりと掛け心地を整えやすい,코패드 교체 및 조정,맞닿는 느낌과 착용감을 조정하기 쉬움,91300,KRW,50組,,,https://www.san-nishimura.co.jp/product/item/?key_word=141-776S
141-777,箱蝶シリコン小W 17×8,박스형 코받침실리콘소W 17×8,鼻パッド交換・調整,当たりと掛け心地を整えやすい,코패드 교체 및 조정,맞닿는 느낌과 착용감을 조정하기 쉬움,5100,KRW,2組,"カタログP.6,7",141-777_1.jpg,https://www.san-nishimura.co.jp/product/item/?key_word=141-777
141-777A,箱蝶シリコンパットW小(100組入),박스형 코받침실리콘코받침W소(100 입),鼻パッド交換・調整,当たりと掛け心地を整えやすい,코패드 교체 및 조정,맞닿는 느낌과 착용감을 조정하기 쉬움,178500,KRW,100組,,,https://www.san-nishimura.co.jp/product/item/?key_word=141-777A
141-777B,箱蝶シリコンパットW小(300組入),박스형 코받침실리콘코받침W소(300 입),鼻パッド交換・調整,当たりと掛け心地を整えやすい,코패드 교체 및 조정,맞닿는 느낌과 착용감을 조정하기 쉬움,517500,KRW,300組,,,https://www.san-nishimura.co.jp/product/item/?key_word=141-777B
141-777S,箱蝶シリコン小W 17×8(50組入),박스형 코받침실리콘소W 17×8(50 입),鼻パッド交換・調整,当たりと掛け心地を整えやすい,코패드 교체 및 조정,맞닿는 느낌과 착용감을 조정하기 쉬움,91300,KRW,50組,,,https://www.san-nishimura.co.jp/product/item/?key_word=141-777S
141-780,Wブッシュ0.8×1.4,W 0.8×1.4,丁番・テンプル開閉部の補修,開閉の動きやガタつきを整えやすい,힌지 및 템플 개폐부 보수,개폐 움직임과 흔들림을 정돈하기 쉬움,5100,KRW,8本,カタログP.48,141-780_1.jpg,https://www.san-nishimura.co.jp/product/item/?key_word=141-780
141-778-CG-A,チタンプレミアムパッド(シャンパンゴールド×ブラック),티타늄 프리미엄코받침(골드×블랙),鼻パッド交換・調整,当たりと掛け心地を整えやすい,코패드 교체 및 조정,맞닿는 느낌과 착용감을 조정하기 쉬움,7400,KRW,1組,"カタログP.16,17,85",141-778-CG-A_1.jpg,https://www.san-nishimura.co.jp/product/item/?key_word=141-778-CG-A
141-778-CG-B,チタンプレミアムパッド(シャンパンゴールド×ブラウン),티타늄 프리미엄코받침(골드×브라운),鼻パッド交換・調整,当たりと掛け心地を整えやすい,코패드 교체 및 조정,맞닿는 느낌과 착용감을 조정하기 쉬움,7400,KRW,1組,"カタログP.16,17,85",141-778-CG-B_1.jpg,https://www.san-nishimura.co.jp/product/item/?key_word=141-778-CG-B
141-778-S-A,チタンプレミアムパッド(シルバー×ブラック),티타늄 프리미엄코받침(실버×블랙),鼻パッド交換・調整,当たりと掛け心地を整えやすい,코패드 교체 및 조정,맞닿는 느낌과 착용감을 조정하기 쉬움,7400,KRW,1組,"カタログP.16,17,85",141-778-S-A_1.jpg,https://www.san-nishimura.co.jp/product/item/?key_word=141-778-S-A
141-778-S-B,チタンプレミアムパッド(シルバー×ブラウン),티타늄 프리미엄코받침(실버×브라운),鼻パッド交換・調整,当たりと掛け心地を整えやすい,코패드 교체 및 조정,맞닿는 느낌과 착용감을 조정하기 쉬움,7400,KRW,1組,"カタログP.16,17,85",141-778-S-B_1.jpg,https://www.san-nishimura.co.jp/product/item/?key_word=141-778-S-B
141-779-CG-A,チタンプレミアムパッド(シャンパンゴールド×ブラック),티타늄 프리미엄코받침(골드×블랙),鼻パッド交換・調整,当たりと掛け心地を整えやすい,코패드 교체 및 조정,맞닿는 느낌과 착용감을 조정하기 쉬움,7400,KRW,1組,"カタログP.16,17,85",141-779-CG-A_1.jpg,https://www.san-nishimura.co.jp/product/item/?key_word=141-779-CG-A
141-779-CG-B,チタンプレミアムパッド(シャンパンゴールド×ブラウン),티타늄 프리미엄코받침(골드×브라운),鼻パッド交換・調整,当たりと掛け心地を整えやすい,코패드 교체 및 조정,맞닿는 느낌과 착용감을 조정하기 쉬움,7400,KRW,1組,"カタログP.16,17,85",141-779-CG-B_1.jpg,https://www.san-nishimura.co.jp/product/item/?key_word=141-779-CG-B
141-779-BK-A,チタンプレミアムパッド(ブラック×ブラック),티타늄 프리미엄코받침(블랙×블랙),鼻パッド交換・調整,当たりと掛け心地を整えやすい,코패드 교체 및 조정,맞닿는 느낌과 착용감을 조정하기 쉬움,7400,KRW,1組,"カタログP.16,17,85",141-779-BK-A_1.jpg,https://www.san-nishimura.co.jp/product/item/?key_word=141-779-BK-A
141-779-BK-B,チタンプレミアムパッド(ブラック×ブラウン),티타늄 프리미엄코받침(블랙×브라운),鼻パッド交換・調整,当たりと掛け心地を整えやすい,코패드 교체 및 조정,맞닿는 느낌과 착용감을 조정하기 쉬움,7400,KRW,1組,"カタログP.16,17,85",141-779-BK-B_1.jpg,https://www.san-nishimura.co.jp/product/item/?key_word=141-779-BK-B
141-779-RW-A,チタンプレミアムパッド(ベースメタル×ブラック),티타늄 프리미엄코받침(메탈×블랙),鼻パッド交換・調整,当たりと掛け心地を整えやすい,코패드 교체 및 조정,맞닿는 느낌과 착용감을 조정하기 쉬움,7400,KRW,1組,"カタログP.16,17,85",141-779-RW-A_1.jpg,https://www.san-nishimura.co.jp/product/item/?key_word=141-779-RW-A
141-779-RW-B,チタンプレミアムパッド(ベースメタル×ブラウン),티타늄 프리미엄코받침(메탈×브라운),鼻パッド交換・調整,当たりと掛け心地を整えやすい,코패드 교체 및 조정,맞닿는 느낌과 착용감을 조정하기 쉬움,7400,KRW,1組,"カタログP.16,17,85",141-779-RW-B_1.jpg,https://www.san-nishimura.co.jp/product/item/?key_word=141-779-RW-B
141-781-BK,セーフティモダン平芯2~2.3×70 ブラック,팁평면 2~2.3×70 블랙,モダン交換,耳まわりの掛け心地と見た目を整えやすい,모던 교체,귀 주변 착용감과 외관을 정돈하기 쉬움,5100,KRW,,,141-781-BK_1.jpg,https://www.san-nishimura.co.jp/product/item/?key_word=141-781-BK
141-781-BR,セーフティモダン平芯2~2.3×70 ブラウン,팁평면 2~2.3×70 브라운,モダン交換,耳まわりの掛け心地と見た目を整えやすい,모던 교체,귀 주변 착용감과 외관을 정돈하기 쉬움,5100,KRW,,,141-781-BR_1.jpg,https://www.san-nishimura.co.jp/product/item/?key_word=141-781-BR
141-782,ハイロンSパッド14.4×7.5,HylonS코받침14.4×7.5,鼻パッド交換・調整,当たりと掛け心地を整えやすい,코패드 교체 및 조정,맞닿는 느낌과 착용감을 조정하기 쉬움,5100,KRW,1組,"カタログP.12,13,81",141-782_1.jpg,https://www.san-nishimura.co.jp/product/item/?key_word=141-782
141-783,ハイロンRパッド15×8,HylonR코받침15×8,鼻パッド交換・調整,当たりと掛け心地を整えやすい,코패드 교체 및 조정,맞닿는 느낌과 착용감을 조정하기 쉬움,5100,KRW,1組,"カタログP.12,13,81",141-783_1.jpg,https://www.san-nishimura.co.jp/product/item/?key_word=141-783
141-784,ハイロンEXパッド13×7.5,HylonEX코받침13×7.5,鼻パッド交換・調整,当たりと掛け心地を整えやすい,코패드 교체 및 조정,맞닿는 느낌과 착용감을 조정하기 쉬움,7400,KRW,1組,"カタログP.12,13,81",141-784_1.jpg,https://www.san-nishimura.co.jp/product/item/?key_word=141-784
141-785,ハイロンEXパッド14.4×7.5,HylonEX코받침14.4×7.5,鼻パッド交換・調整,当たりと掛け心地を整えやすい,코패드 교체 및 조정,맞닿는 느낌과 착용감을 조정하기 쉬움,7400,KRW,1組,"カタログP.12,13,81",141-785_1.jpg,https://www.san-nishimura.co.jp/product/item/?key_word=141-785
141-786,ボリュームアップパッド15×8 厚み3.6mm,코받침15×8 3.6mm,鼻パッド交換・調整,当たりと掛け心地を整えやすい,코패드 교체 및 조정,맞닿는 느낌과 착용감을 조정하기 쉬움,5100,KRW,2組,"カタログP.14,15",141-786_1.jpg,https://www.san-nishimura.co.jp/product/item/%e3%83%9c%e3%83%aa%e3%83%a5%e3%83%bc%e3%83%a0%e3%82%a2%e3%83%83%e3%83%97%e3%83%91%e3%83%83%e3%83%89/
141-787,クビフリー14.4×7.5,14.4×7.5,貼るフィット調整,加工なしでズレや当たりを調整しやすい,부착식 피팅 조정,가공 없이 흘러내림과 닿는 느낌을 조정하기 쉬움,5100,KRW,,"カタログP.14,15,83",141-787_1.jpg,https://www.san-nishimura.co.jp/product/item/?key_word=141-787
141-788,箱蝶シリコン極小11×5,박스형 코받침실리콘초소형11×5,鼻パッド交換・調整,当たりと掛け心地を整えやすい,코패드 교체 및 조정,맞닿는 느낌과 착용감을 조정하기 쉬움,5100,KRW,3組,"カタログP.6,7",141-788_1.jpg,https://www.san-nishimura.co.jp/product/item/?key_word=141-788
141-789,チタンワンタッチ 13.7×6.3,티타늄원터치 13.7×6.3,鼻パッド交換・調整,当たりと掛け心地を整えやすい,코패드 교체 및 조정,맞닿는 느낌과 착용감을 조정하기 쉬움,6300,KRW,1組,"カタログP.18,19",141-789_1.jpg,https://www.san-nishimura.co.jp/product/item/%e3%83%81%e3%82%bf%e3%83%b3%e3%83%91%e3%83%83%e3%83%88%e5%b7%ae%e3%81%97%e8%be%bc%e3%81%bf%e5%bc%8f/
141-790,2本ダキ足G 15.7×8,2 G 15.7×8,パッド足交換・補修,必要な形状だけを選んで補修しやすい,코패드 암 교체 및 수리,필요한 형태만 골라 보수하기 쉬움,5100,KRW,2本,"カタログP.18,19",141-790_1.jpg,https://www.san-nishimura.co.jp/product/item/%e3%83%8f%e3%83%bc%e3%83%89%e3%83%91%e3%83%83%e3%83%88_2%e6%9c%ac%e3%83%80%e3%82%ad%e8%b6%b3/
141-791,2本ダキ足W 15.7×8,2 W 15.7×8,パッド足交換・補修,必要な形状だけを選んで補修しやすい,코패드 암 교체 및 수리,필요한 형태만 골라 보수하기 쉬움,5100,KRW,2本,"カタログP.18,19",141-791_1.jpg,https://www.san-nishimura.co.jp/product/item/%e3%83%8f%e3%83%bc%e3%83%89%e3%83%91%e3%83%83%e3%83%88_2%e6%9c%ac%e3%83%80%e3%82%ad%e8%b6%b3/
141-792,クロスインサート式パッドG 14×6.5,크로스 인서트식코받침G 14×6.5,鼻パッド交換・調整,当たりと掛け心地を整えやすい,코패드 교체 및 조정,맞닿는 느낌과 착용감을 조정하기 쉬움,5100,KRW,2組,カタログP.18,141-792_1.jpg,https://www.san-nishimura.co.jp/product/item/?key_word=141-792
141-793,クロスインサート式パッドW 14×6.5,크로스 인서트식코받침W 14×6.5,鼻パッド交換・調整,当たりと掛け心地を整えやすい,코패드 교체 및 조정,맞닿는 느낌과 착용감을 조정하기 쉬움,5100,KRW,2組,カタログP.18,141-793_1.jpg,https://www.san-nishimura.co.jp/product/item/?key_word=141-793
141-794,六角ネジGステンレス 1.4×12,각형나사G스테인리스 1.4×12,ネジ交換・固定,ゆるみや紛失時に対応しやすい,나사 교체 및 고정,풀림이나 분실에 대응하기 쉬움,5100,KRW,10本,カタログP.48,141-794_1.jpg,https://www.san-nishimura.co.jp/product/item/?key_word=141-794
141-794A,六角ネジGステンレス(100本入),각형나사G스테인리스(100개),ネジ交換・固定,ゆるみや紛失時に対応しやすい,나사 교체 및 고정,풀림이나 분실에 대응하기 쉬움,49000,KRW,100本,,,https://www.san-nishimura.co.jp/product/item/?key_word=141-794A
141-794B,六角ネジGステンレス(300本入),각형나사G스테인리스(300개),ネジ交換・固定,ゆるみや紛失時に対応しやすい,나사 교체 및 고정,풀림이나 분실에 대응하기 쉬움,136000,KRW,300本,,,https://www.san-nishimura.co.jp/product/item/?key_word=141-794B
141-795,六角ネジWステンレス 1.4×12,각형나사W스테인리스 1.4×12,ネジ交換・固定,ゆるみや紛失時に対応しやすい,나사 교체 및 고정,풀림이나 분실에 대응하기 쉬움,5100,KRW,10本,カタログP.48,141-795_1.jpg,https://www.san-nishimura.co.jp/product/item/?key_word=141-795
141-795A,六角ネジWステンレス(100本入),각형나사W스테인리스(100개),ネジ交換・固定,ゆるみや紛失時に対応しやすい,나사 교체 및 고정,풀림이나 분실에 대응하기 쉬움,49000,KRW,100本,,,https://www.san-nishimura.co.jp/product/item/?key_word=141-795A
141-795B,六角ネジWステンレス(300本入),각형나사W스테인리스(300개),ネジ交換・固定,ゆるみや紛失時に対応しやすい,나사 교체 및 고정,풀림이나 분실에 대응하기 쉬움,136000,KRW,300本,,,https://www.san-nishimura.co.jp/product/item/?key_word=141-795B
141-796,六角底付ナットG 1.4×2.25×2.0,육각 바닥 너트G 1.4×2.25×2.0,ナット固定・交換,ガタつきを抑えて仕上がりを安定させやすい,너트 고정 및 교체,흔들림을 줄이고 마감을 안정시키기 쉬움,5100,KRW,22ヶ,カタログP.49,141-796_1.jpg,https://www.san-nishimura.co.jp/product/item/?key_word=141-796
141-796A,六角底付ナットG(100個入),육각 바닥 너트G(100개),ナット固定・交換,ガタつきを抑えて仕上がりを安定させやすい,너트 고정 및 교체,흔들림을 줄이고 마감을 안정시키기 쉬움,24300,KRW,100個,,,https://www.san-nishimura.co.jp/product/item/?key_word=141-796A
141-796B,六角底付ナットG(300個入),육각 바닥 너트G(300개),ナット固定・交換,ガタつきを抑えて仕上がりを安定させやすい,너트 고정 및 교체,흔들림을 줄이고 마감을 안정시키기 쉬움,67200,KRW,300個,,,https://www.san-nishimura.co.jp/product/item/?key_word=141-796B
141-796C,六角底付ナットG(1000個入),육각 바닥 너트G(1000개),ナット固定・交換,ガタつきを抑えて仕上がりを安定させやすい,너트 고정 및 교체,흔들림을 줄이고 마감을 안정시키기 쉬움,139400,KRW,1000個,,,https://www.san-nishimura.co.jp/product/item/?key_word=141-796C
141-797,六角底付ナットW 1.4×2.25×2.0,육각 바닥 너트W 1.4×2.25×2.0,ナット固定・交換,ガタつきを抑えて仕上がりを安定させやすい,너트 고정 및 교체,흔들림을 줄이고 마감을 안정시키기 쉬움,5100,KRW,22ヶ,カタログP.49,141-797_1.jpg,https://www.san-nishimura.co.jp/product/item/?key_word=141-797
141-797A,六角底付ナットW(100個入),육각 바닥 너트W(100개),ナット固定・交換,ガタつきを抑えて仕上がりを安定させやすい,너트 고정 및 교체,흔들림을 줄이고 마감을 안정시키기 쉬움,24300,KRW,100個,,,https://www.san-nishimura.co.jp/product/item/?key_word=141-797A
141-797B,六角底付ナットW(300個入),육각 바닥 너트W(300개),ナット固定・交換,ガタつきを抑えて仕上がりを安定させやすい,너트 고정 및 교체,흔들림을 줄이고 마감을 안정시키기 쉬움,67200,KRW,300個,,,https://www.san-nishimura.co.jp/product/item/?key_word=141-797B
141-797C,六角底付ナットW(1000個入),육각 바닥 너트W(1000개),ナット固定・交換,ガタつきを抑えて仕上がりを安定させやすい,너트 고정 및 교체,흔들림을 줄이고 마감을 안정시키기 쉬움,139400,KRW,1000個,,,https://www.san-nishimura.co.jp/product/item/?key_word=141-797C
141-798,金属ワッシャG 2.5×0.2×1.45,금속 와셔G 2.5×0.2×1.45,固定補助,当たりやガタつきを抑えやすい,고정 보조,닿는 손상과 흔들림을 줄이기 쉬움,5100,KRW,22ヶ,カタログP.51,141-798_1.jpg,https://www.san-nishimura.co.jp/product/item/?key_word=141-798
141-798A,金属ワッシャG(100個入),금속 와셔G(100개),固定補助,当たりやガタつきを抑えやすい,고정 보조,닿는 손상과 흔들림을 줄이기 쉬움,24300,KRW,100個,,,https://www.san-nishimura.co.jp/product/item/?key_word=141-798A
141-798B,金属ワッシャG(300個入),금속 와셔G(300개),固定補助,当たりやガタつきを抑えやすい,고정 보조,닿는 손상과 흔들림을 줄이기 쉬움,67200,KRW,300個,,,https://www.san-nishimura.co.jp/product/item/?key_word=141-798B
141-798C,金属ワッシャG(1000個入),금속 와셔G(1000개),固定補助,当たりやガタつきを抑えやすい,고정 보조,닿는 손상과 흔들림을 줄이기 쉬움,139400,KRW,1000個,,,https://www.san-nishimura.co.jp/product/item/?key_word=141-798C
141-799,金属ワッシャW 2.5×0.2×1.45,금속 와셔W 2.5×0.2×1.45,固定補助,当たりやガタつきを抑えやすい,고정 보조,닿는 손상과 흔들림을 줄이기 쉬움,5100,KRW,22ヶ,カタログP.51,141-799_1.jpg,https://www.san-nishimura.co.jp/product/item/?key_word=141-799
141-799A,金属ワッシャW(100個入),금속 와셔W(100개),固定補助,当たりやガタつきを抑えやすい,고정 보조,닿는 손상과 흔들림을 줄이기 쉬움,24300,KRW,100個,,,https://www.san-nishimura.co.jp/product/item/?key_word=141-799A
141-799B,金属ワッシャW(300個入),금속 와셔W(300개),固定補助,当たりやガタつきを抑えやすい,고정 보조,닿는 손상과 흔들림을 줄이기 쉬움,67200,KRW,300個,,,https://www.san-nishimura.co.jp/product/item/?key_word=141-799B
141-799C,金属ワッシャW(1000個入),금속 와셔W(1000개),固定補助,当たりやガタつきを抑えやすい,고정 보조,닿는 손상과 흔들림을 줄이기 쉬움,139400,KRW,1000個,,,https://www.san-nishimura.co.jp/product/item/?key_word=141-799C
143,ヤットコ(小型),플라이어(소형),鼻パッド角度調整,取付金具を安定してつかみやすい,코패드 각도 조정,장착 금구를 안정적으로 잡기 쉬움,81600,KRW,,"カタログP.129,172",143_1.jpg,https://www.san-nishimura.co.jp/product/item/%e3%83%a4%e3%83%83%e3%83%88%e3%82%b3143/
143-P,ヤットコ(プレミアムライン),플라이어(프리미엄 라인),鼻パッド角度調整,取付金具を安定してつかみやすい,코패드 각도 조정,장착 금구를 안정적으로 잡기 쉬움,151300,KRW,,カタログP.129,143-P_1.jpg,https://www.san-nishimura.co.jp/product/item/%e3%83%97%e3%83%ac%e3%83%9f%e3%82%a2%e3%83%a0%e3%83%a4%e3%83%83%e3%83%88%e3%82%b3143/
144-E,中硬フェルトバフ 100mm,중 버프 100mm,研磨・艶出し,キズやくすみを整えやすい,연마 및 광택 마감,흠집과 칙칙함을 정돈하기 쉬움,63800,KRW,,カタログP.222,144-E_1.jpg,https://www.san-nishimura.co.jp/product/item/%e4%b8%ad%e7%a1%ac%e3%83%95%e3%82%a7%e3%83%ab%e3%83%88%e3%83%90%e3%83%95/
144-F,バフ布セル用125mm(2枚入り),버프 셀 125mm(2 입),研磨・艶出し,キズやくすみを整えやすい,연마 및 광택 마감,흠집과 칙칙함을 정돈하기 쉬움,43000,KRW,2枚,"カタログP.220,222",144-F_1.jpg,https://www.san-nishimura.co.jp/product/item/%e3%83%90%e3%83%95%e5%b8%83%e3%82%bb%e3%83%ab%e7%94%a8%e3%82%bd%e3%83%95%e3%83%88%e5%b0%8f/
144-G,綿糸バフ 70mm,버프 70mm,研磨・艶出し,キズやくすみを整えやすい,연마 및 광택 마감,흠집과 칙칙함을 정돈하기 쉬움,83300,KRW,2枚,"カタログP.220,222",144-G_1.jpg,https://www.san-nishimura.co.jp/product/item/%e9%8c%a6%e7%b3%b8%e3%83%90%e3%83%95/
144-I,バフ布メタル用100mm,버프 메탈 100mm,研磨・艶出し,キズやくすみを整えやすい,연마 및 광택 마감,흠집과 칙칙함을 정돈하기 쉬움,21500,KRW,2枚,"カタログP.220,222",144-I_1.jpg,https://www.san-nishimura.co.jp/product/item/%e3%83%90%e3%83%95%e5%b8%83%e3%83%a1%e3%82%bf%e3%83%ab%e7%94%a8-2/
144-P,"白棒セル.ベッコウ用P[144,95,173,235,758]兼用","셀. P[144,95,173,235,758]",研磨・艶出し,キズやくすみを整えやすい,연마 및 광택 마감,흠집과 칙칙함을 정돈하기 쉬움,34000,KRW,,"カタログP.209,218,219,220,221",144-P_1.jpg,https://www.san-nishimura.co.jp/product/item/%e7%99%bd%e6%a3%92/
144-Q,"青棒メタル用Q[No.14495,758]兼用","메탈 Q[No.14495,758]",研磨・艶出し,キズやくすみを整えやすい,연마 및 광택 마감,흠집과 칙칙함을 정돈하기 쉬움,31300,KRW,,"カタログP.209,218,219,220,222",144-Q_1.jpg,https://www.san-nishimura.co.jp/product/item/%e9%9d%92%e6%a3%92/
144-S,右側10mm穴ソケットタケノコ付,10mm 포함,機器部品交換・補修,機器を使い続けやすい,장비 부품 교체 및 보수,장비를 계속 사용하기 쉬움,101700,KRW,2枚,"カタログP.220,222",144-S_1.jpg,https://www.san-nishimura.co.jp/product/item/%e3%83%90%e3%83%95%e5%b8%83%e3%83%a1%e3%82%bf%e3%83%ab%e7%94%a8-2/
144-T,圧縮フェルトバフ100mm,버프100mm,研磨・艶出し,キズやくすみを整えやすい,연마 및 광택 마감,흠집과 칙칙함을 정돈하기 쉬움,81600,KRW,,"カタログP.220,222,223",144-T_1.jpg,https://www.san-nishimura.co.jp/product/item/%e5%9c%a7%e7%b8%ae%e3%83%95%e3%82%a7%e3%83%ab%e3%83%88%e3%83%90%e3%83%95/
149-B,ピンセット(ネジつかみ),핀셋(나사),小部品保持,細かな部品を落とさず扱いやすい,작은 부품 집기,작은 부품을 떨어뜨리지 않고 다루기 쉬움,39100,KRW,,"カタログP.167,172",149-B_1.jpg,https://www.san-nishimura.co.jp/product/item/%e3%83%94%e3%83%b3%e3%82%bb%e3%83%83%e3%83%88-149b/
155-B,ヤットコ,플라이어,フレーム調整・部品保持,狙った部分を安定してつかみやすい,프레임 조정 및 부품 고정,원하는 부분을 안정적으로 잡기 쉬움,90100,KRW,,カタログP.144,155-B_1.jpg,https://www.san-nishimura.co.jp/product/item/?key_word=155-B
156-B,ヤットコ(硬質用ニッパー),플라이어(니퍼),カット加工,狙った位置を切りやすい,절단 가공,원하는 위치를 자르기 쉬움,74800,KRW,,カタログP.147,,https://www.san-nishimura.co.jp/product/item/?key_word=156-B
159,インク溶解液(スプレー式),(),印点・マーキング,必要な印を見やすく入れやすい,인점 및 마킹,필요한 표시를 보기 좋게 넣기 쉬움,14700,KRW,,"カタログP.258,259,275",159_1.jpg,https://www.san-nishimura.co.jp/product/item/%e3%82%a4%e3%83%b3%e3%82%af%e6%ba%b6%e8%a7%a3%e6%b6%b2%e3%82%b9%e3%83%97%e3%83%ac%e3%83%bc%e5%bc%8f/
160,+ドライバー(1本入り),+드라이버(1개),ネジ調整,日常修理をスムーズにしやすい,나사 조정,일상 수리를 원활하게 하기 쉬움,3300,KRW,1本,カタログP.162,160_1.jpg,https://www.san-nishimura.co.jp/product/item/?key_word=160
168,ネジ抜き器,나사,固着ネジの除去,外れにくいネジにも対応しやすい,고착 나사 제거,빼기 어려운 나사에도 대응하기 쉬움,450500,KRW,10本,カタログP.212,168_1.jpg,https://www.san-nishimura.co.jp/product/item/%e3%83%8d%e3%82%b8%e6%8a%9c%e3%81%8d%e5%99%a8/
168-A,抜き棒,핀 제거봉,機器部品交換・補修,機器を使い続けやすい,장비 부품 교체 및 보수,장비를 계속 사용하기 쉬움,25400,KRW,,カタログP.212,168-A_1.jpg,https://www.san-nishimura.co.jp/product/item/%e3%83%8d%e3%82%b8%e6%8a%9c%e3%81%8d%e5%99%a8/
168-B,受け台1.7mm,받침대1.7mm,機器部品交換・補修,機器を使い続けやすい,장비 부품 교체 및 보수,장비를 계속 사용하기 쉬움,25400,KRW,,カタログP.212,168-B_1.jpg,https://www.san-nishimura.co.jp/product/item/%e3%83%8d%e3%82%b8%e6%8a%9c%e3%81%8d%e5%99%a8/
168-C,受け台2.4mm,받침대2.4mm,機器部品交換・補修,機器を使い続けやすい,장비 부품 교체 및 보수,장비를 계속 사용하기 쉬움,25400,KRW,,カタログP.212,168-C_1.jpg,https://www.san-nishimura.co.jp/product/item/%e3%83%8d%e3%82%b8%e6%8a%9c%e3%81%8d%e5%99%a8/
168-D,カシメ,코킹 공구,機器部品交換・補修,機器を使い続けやすい,장비 부품 교체 및 보수,장비를 계속 사용하기 쉬움,25400,KRW,,カタログP.212,168-D_1.jpg,https://www.san-nishimura.co.jp/product/item/%e3%83%8d%e3%82%b8%e6%8a%9c%e3%81%8d%e5%99%a8/
169,フレームヒーター,프레임히터,フレーム加熱・調整,素材を焦がしにくく調整しやすい,프레임 가열 및 조정,타는 위험을 줄이며 조정하기 쉬움,765000,KRW,,"カタログP.202,203",169_1.jpg,https://www.san-nishimura.co.jp/product/item/%e3%83%95%e3%83%ac%e3%83%bc%e3%83%a0%e3%83%92%e3%83%bc%e3%82%bf%e3%83%bc/
169-A,集熱カバー,집열 커버,機器部品交換・補修,機器を使い続けやすい,장비 부품 교체 및 보수,장비를 계속 사용하기 쉬움,15600,KRW,,カタログP.202,169-A_1.jpg,https://www.san-nishimura.co.jp/product/item/?key_word=169-A
169-MBK,フレームヒーター マットブラック,프레임히터 무광블랙,フレーム加熱・調整,素材を焦がしにくく調整しやすい,프레임 가열 및 조정,타는 위험을 줄이며 조정하기 쉬움,799000,KRW,,"カタログP.202,203",169-MBK_1.jpg,https://www.san-nishimura.co.jp/product/item/%e3%83%95%e3%83%ac%e3%83%bc%e3%83%a0%e3%83%92%e3%83%bc%e3%82%bf%e3%83%bc_%e3%83%9e%e3%83%83%e3%83%88%e3%83%96%e3%83%a9%e3%83%83%e3%82%af/
172-2-K,"フロート計K[No.172,172-2]兼用","K[No.172,172-2]",機器部品交換・補修,機器を使い続けやすい,장비 부품 교체 및 보수,장비를 계속 사용하기 쉬움,95800,KRW,,カタログP.234,172-2-K_1.jpg,https://www.san-nishimura.co.jp/product/item/?key_word=172-2-K
172-2-N,チップ20 0.60mm,팁20 0.60mm,機器部品交換・補修,機器を使い続けやすい,장비 부품 교체 및 보수,장비를 계속 사용하기 쉬움,11700,KRW,1本,カタログP.234,,https://www.san-nishimura.co.jp/product/item/?key_word=172-2-N
172-2-O,"チップ21 0.50mmO[No.172,172-2]兼用","팁21 0.50mmO[No.172,172-2]",機器部品交換・補修,機器を使い続けやすい,장비 부품 교체 및 보수,장비를 계속 사용하기 쉬움,11700,KRW,1本,カタログP.234,,https://www.san-nishimura.co.jp/product/item/?key_word=172-2-O
172-2-P,"チップ22 0.39mmP[No.172,172-2]兼用","팁22 0.39mmP[No.172,172-2]",機器部品交換・補修,機器を使い続けやすい,장비 부품 교체 및 보수,장비를 계속 사용하기 쉬움,11700,KRW,1本,カタログP.234,,https://www.san-nishimura.co.jp/product/item/?key_word=172-2-P
172-2-Q,"チップ23 0.32mmQ[No.172,172-2]兼用","팁23 0.32mmQ[No.172,172-2]",機器部品交換・補修,機器を使い続けやすい,장비 부품 교체 및 보수,장비를 계속 사용하기 쉬움,11700,KRW,1本,カタログP.234,,https://www.san-nishimura.co.jp/product/item/?key_word=172-2-Q
172-2-R,チップ24 0.29mm,팁24 0.29mm,機器部品交換・補修,機器を使い続けやすい,장비 부품 교체 및 보수,장비를 계속 사용하기 쉬움,11700,KRW,,カタログP.234,,https://www.san-nishimura.co.jp/product/item/?key_word=172-2-R
172-2-S,チップ25 0.24mm,팁25 0.24mm,機器部品交換・補修,機器を使い続けやすい,장비 부품 교체 및 보수,장비를 계속 사용하기 쉬움,11700,KRW,,カタログP.234,,https://www.san-nishimura.co.jp/product/item/?key_word=172-2-S
172-2-V,"バーナーV[No.172,172-2]兼用","V[No.172,172-2]",ロウ付け・加熱補修,必要箇所を固定・補修しやすい,납땜 및 가열 보수,필요한 부위를 고정·보수하기 쉬움,383200,KRW,,カタログP.234,172-2-V_1.jpg,https://www.san-nishimura.co.jp/product/item/?key_word=172-2-V
172-2-X,"バーナーチューブX[No.172,172-2]兼用","X[No.172,172-2]",ロウ付け・加熱補修,必要箇所を固定・補修しやすい,납땜 및 가열 보수,필요한 부위를 고정·보수하기 쉬움,15600,KRW,1本,カタログP.234,172-2-X_1.jpg,https://www.san-nishimura.co.jp/product/item/?key_word=172-2-X
172-2-Y,"エレメントY[No.172,172-2]兼用","Y[No.172,172-2]",機器部品交換・補修,機器を使い続けやすい,장비 부품 교체 및 보수,장비를 계속 사용하기 쉬움,107500,KRW,,カタログP.234,172-2-Y_1.jpg,https://www.san-nishimura.co.jp/product/item/?key_word=172-2-Y
172-2-Z,ブースター,부스터,機器部品交換・補修,機器を使い続けやすい,장비 부품 교체 및 보수,장비를 계속 사용하기 쉬움,527900,KRW,,カタログP.234,172-2-Z_1.jpg,https://www.san-nishimura.co.jp/product/item/?key_word=172-2-Z
173,レンズ艶出機,렌즈광택,レンズ・フレーム加工,加工精度や仕上がりをそろえやすい,렌즈 및 프레임 가공,가공 정밀도와 마감을 일정하게 하기 쉬움,1212100,KRW,,"カタログP.221,222",173_1.jpg,https://www.san-nishimura.co.jp/product/item/?key_word=173
173-A,"織フェルトバフA[No.173,235]兼用","버프A[No.173,235]",研磨・艶出し,キズやくすみを整えやすい,연마 및 광택 마감,흠집과 칙칙함을 정돈하기 쉬움,43000,KRW,2枚,"カタログP.221,222",173-A_1.jpg,https://www.san-nishimura.co.jp/product/item/%e7%b9%94%e3%83%95%e3%82%a7%e3%83%ab%e3%83%88%e3%83%90%e3%83%95/
173-B1500,"サンドペーパーB#1500[173,235]兼用","사포B#1500[173,235]",削り・仕上げ加工,細かな形状調整と面取りをしやすい,절삭 및 마감 가공,세밀한 형상 조정과 면취가 쉬움,15600,KRW,,,173-B1500_1.jpg,https://www.san-nishimura.co.jp/product/item/?key_word=173-B1500
173-B800,"サンドペーパーB#800[173,235]兼用","사포B#800[173,235]",削り・仕上げ加工,細かな形状調整と面取りをしやすい,절삭 및 마감 가공,세밀한 형상 조정과 면취가 쉬움,15600,KRW,,,173-B800_1.jpg,https://www.san-nishimura.co.jp/product/item/?key_word=173-B800
174,ヤットコ,플라이어,ツーポネジ長さ調整,必要な長さに切りそろえやすい,무테 나사 길이 조정,필요한 길이로 자르기 쉬움,119000,KRW,,"カタログP.141,171",,https://www.san-nishimura.co.jp/product/item/?key_word=174
175,ヤットコ,플라이어,鼻パッド角度調整,取付金具を安定してつかみやすい,코패드 각도 조정,장착 금구를 안정적으로 잡기 쉬움,103700,KRW,,カタログP.132,175_1.jpg,https://www.san-nishimura.co.jp/product/item/%e3%83%a4%e3%83%83%e3%83%88%e3%82%b3175/
176,緑頭ドライバーナット廻し(六角),드라이버너트 드라이버(각형),ネジ調整,日常修理をスムーズにしやすい,나사 조정,일상 수리를 원활하게 하기 쉬움,18500,KRW,,"カタログP.151,170,171",176_1.jpg,https://www.san-nishimura.co.jp/product/item/?key_word=176
176G,緑頭ドライバーナット廻し(六角)グリップ付,드라이버너트 드라이버(각형)그립포함,ネジ調整,日常修理をスムーズにしやすい,나사 조정,일상 수리를 원활하게 하기 쉬움,21400,KRW,,カタログP.151,176G_1.jpg,https://www.san-nishimura.co.jp/product/item/?key_word=176G
181,"ユ-ホビ-(ハンドドリル)[No.181,194-G]兼用","- -(드릴)[No.181,194-G]",穴あけ・穴調整,穴径や位置を整えやすい,구멍 가공 및 조정,구멍 크기와 위치를 맞추기 쉬움,772200,KRW,1個,"カタログP.205,211",181_1.jpg,https://www.san-nishimura.co.jp/product/item/%e3%83%a6%e3%83%bc%e3%83%9b%e3%83%93%e3%83%bc%e3%83%8f%e3%83%b3%e3%83%89%e3%83%89%e3%83%aa%e3%83%ab/
183,"断熱剤[183,172-2-W]兼用","[183,172-2-W]",ロウ付け・加熱補修,必要箇所を固定・補修しやすい,납땜 및 가열 보수,필요한 부위를 고정·보수하기 쉬움,37400,KRW,,"カタログP.158,235",183_1.jpg,https://www.san-nishimura.co.jp/product/item/?key_word=183
190,ヤットコ(丸細),플라이어(원형얇은),クリングス微調整,小さなパット足を正確につかみやすい,클링스 미세 조정,작은 패드 암을 정확히 잡기 쉬움,69700,KRW,,"カタログP.124,170,171,172",190_1.jpg,https://www.san-nishimura.co.jp/product/item/?key_word=190
191-B,ピンセット(ネジつかみ),핀셋(나사),小部品保持,細かな部品を落とさず扱いやすい,작은 부품 집기,작은 부품을 떨어뜨리지 않고 다루기 쉬움,39100,KRW,,"カタログP.167,170",191-B_1.jpg,https://www.san-nishimura.co.jp/product/item/%e3%83%94%e3%83%b3%e3%82%bb%e3%83%83%e3%83%88-191-b/
192-A,ストッパーピンセット(ネジつかみ),핀셋(나사),小部品保持,細かな部品を落とさず扱いやすい,작은 부품 집기,작은 부품을 떨어뜨리지 않고 다루기 쉬움,80200,KRW,,,192-A_1.jpg,https://www.san-nishimura.co.jp/product/item/?key_word=192-A
192-B,ストッパーピンセット(ネジつかみ),핀셋(나사),小部品保持,細かな部品を落とさず扱いやすい,작은 부품 집기,작은 부품을 떨어뜨리지 않고 다루기 쉬움,43000,KRW,,,192-B_1.jpg,https://www.san-nishimura.co.jp/product/item/?key_word=192-B
193,ヤットコ(大型),플라이어(대형),智固定・調整補助,フレームを安定させて角度調整しやすい,엔드피스 고정 및 조정 보조,프레임을 안정시켜 각도 조정이 쉬움,88400,KRW,,カタログP.130,193_1.jpg,https://www.san-nishimura.co.jp/product/item/%e3%83%a4%e3%83%83%e3%83%88%e3%82%b3-193/
193-1,No.193ヤットコ先プラスチック(1組中1ヶ分),No.193플라이어플라스틱 팁스틱(1 중1),ヤットコ先端交換・保護,調整時のキズを抑えやすい,플라이어 팁 교체 및 보호,조정 중 흠집을 줄이기 쉬움,6900,KRW,1組,,,https://www.san-nishimura.co.jp/product/item/?key_word=193-1
194-A,"穴明ドリル1.0mm[194-A,270-E2]兼用","드릴 비트1.0mm[194-A,270-E2]",穴あけ・穴調整,穴径や位置を整えやすい,구멍 가공 및 조정,구멍 크기와 위치를 맞추기 쉬움,11700,KRW,,カタログP.206,194-A_1.jpg,https://www.san-nishimura.co.jp/product/item/?key_word=194-A
194-AS6,"穴明ドリル 1.0mm お徳用6本セット[194-AS6,270-E2S6]兼用","드릴 비트 1.0mm 대용량6 세트[194-AS6,270-E2S6]",穴あけ・穴調整,穴径や位置を整えやすい,구멍 가공 및 조정,구멍 크기와 위치를 맞추기 쉬움,66900,KRW,6本,,,https://www.san-nishimura.co.jp/product/item/?key_word=194-AS6
194-B,"穴明ドリル1.2mm[194-B,270-E3]兼用","드릴 비트1.2mm[194-B,270-E3]",穴あけ・穴調整,穴径や位置を整えやすい,구멍 가공 및 조정,구멍 크기와 위치를 맞추기 쉬움,11700,KRW,,カタログP.206,194-B_1.jpg,https://www.san-nishimura.co.jp/product/item/?key_word=194-B
194-BS6,"穴明ドリル 1.2mm お徳用6本セット[194-BS6,270-E3S6]兼用","드릴 비트 1.2mm 대용량6 세트[194-BS6,270-E3S6]",穴あけ・穴調整,穴径や位置を整えやすい,구멍 가공 및 조정,구멍 크기와 위치를 맞추기 쉬움,66900,KRW,6本,,,https://www.san-nishimura.co.jp/product/item/?key_word=194-BS6
194-C,"穴明ドリル1.4mm[194-C,270-E4]兼用","드릴 비트1.4mm[194-C,270-E4]",穴あけ・穴調整,穴径や位置を整えやすい,구멍 가공 및 조정,구멍 크기와 위치를 맞추기 쉬움,11700,KRW,,カタログP.206,194-C_1.jpg,https://www.san-nishimura.co.jp/product/item/?key_word=194-C
194-CS6,"穴明ドリル 1.4mm お徳用6本セット[194-CS6,270-E4S6]兼用","드릴 비트 1.4mm 대용량6 세트[194-CS6,270-E4S6]",穴あけ・穴調整,穴径や位置を整えやすい,구멍 가공 및 조정,구멍 크기와 위치를 맞추기 쉬움,66900,KRW,6本,,,https://www.san-nishimura.co.jp/product/item/?key_word=194-CS6
194-D,メタル爪,메탈,機器部品交換・補修,機器を使い続けやすい,장비 부품 교체 및 보수,장비를 계속 사용하기 쉬움,70400,KRW,,カタログP.211,194-D_1.jpg,https://www.san-nishimura.co.jp/product/item/?key_word=194-D
194-E,セル爪,셀,機器部品交換・補修,機器を使い続けやすい,장비 부품 교체 및 보수,장비를 계속 사용하기 쉬움,70400,KRW,,カタログP.211,194-E_1.jpg,https://www.san-nishimura.co.jp/product/item/?key_word=194-E
194-F,"柄 F[No.194,69,168,172-2,230,270]兼用","F[No.194,69,168,172-2,230,270]",作業台・加工補助,小部品作業を安定させやすい,작업대 및 가공 보조,작은 부품 작업을 안정시키기 쉬움,39100,KRW,,"カタログP.23,24,210,212,228",194-F_1.jpg,https://www.san-nishimura.co.jp/product/item/%e3%83%94%e3%83%b3%e3%83%90%e3%82%a4%e3%82%b9%e3%83%80%e3%83%96%e3%83%ab%e3%82%a8%e3%83%b3%e3%83%89/
194-M1,ネジ先面取り 1.8mm,나사 1.8mm,ネジ交換・固定,ゆるみや紛失時に対応しやすい,나사 교체 및 고정,풀림이나 분실에 대응하기 쉬움,11700,KRW,,"カタログP.207,210",194-M1_1.jpg,https://www.san-nishimura.co.jp/product/item/?key_word=194-M1
194-M2,ネジ先面取り 2.1mm,나사 2.1mm,ネジ交換・固定,ゆるみや紛失時に対応しやすい,나사 교체 및 고정,풀림이나 분실에 대응하기 쉬움,11700,KRW,,カタログP.207,194-M2_1.jpg,https://www.san-nishimura.co.jp/product/item/?key_word=194-M2
194-M3,"ネジ先面取り2.3mm[194-M3,270-V4]兼用","나사 2.3mm[194-M3,270-V4]",ネジ交換・固定,ゆるみや紛失時に対応しやすい,나사 교체 및 고정,풀림이나 분실에 대응하기 쉬움,11700,KRW,,カタログP.207,194-M3_1.jpg,https://www.san-nishimura.co.jp/product/item/?key_word=194-M3
194-N,"レンズ穴面取り[194-N,270-V5]兼用","렌즈 [194-N,270-V5]",削り・仕上げ加工,細かな形状調整と面取りをしやすい,절삭 및 마감 가공,세밀한 형상 조정과 면취가 쉬움,15600,KRW,,カタログP.207,194-N_1.jpg,https://www.san-nishimura.co.jp/product/item/%e3%83%ac%e3%83%b3%e3%82%ba%e7%a9%b4%e9%9d%a2%e5%8f%96%e3%82%8a/
194-O,"穴明ドリル1.6mm[194-O,270-E5]兼用","드릴 비트1.6mm[194-O,270-E5]",穴あけ・穴調整,穴径や位置を整えやすい,구멍 가공 및 조정,구멍 크기와 위치를 맞추기 쉬움,11700,KRW,,カタログP.206,194-O_1.jpg,https://www.san-nishimura.co.jp/product/item/?key_word=194-O
194-OS6,"穴明ドリル 1.6mm お徳用6本セット[194-OS6,270-E5S6]兼用","드릴 비트 1.6mm 대용량6 세트[194-OS6,270-E5S6]",穴あけ・穴調整,穴径や位置を整えやすい,구멍 가공 및 조정,구멍 크기와 위치를 맞추기 쉬움,66900,KRW,6本,,,https://www.san-nishimura.co.jp/product/item/?key_word=194-OS6
194-P,"穴明ドリル1.8mm[194-P,270-E6]兼用","드릴 비트1.8mm[194-P,270-E6]",穴あけ・穴調整,穴径や位置を整えやすい,구멍 가공 및 조정,구멍 크기와 위치를 맞추기 쉬움,11700,KRW,,カタログP.206,194-P_1.jpg,https://www.san-nishimura.co.jp/product/item/?key_word=194-P
194-PS6,"穴明ドリル 1.8mm お徳用6本セット[194-PS6,270-E6S6]兼用","드릴 비트 1.8mm 대용량6 세트[194-PS6,270-E6S6]",穴あけ・穴調整,穴径や位置を整えやすい,구멍 가공 및 조정,구멍 크기와 위치를 맞추기 쉬움,66900,KRW,6本,,,https://www.san-nishimura.co.jp/product/item/?key_word=194-PS6
194-S,"穴明ドリル0.8mm[194-S,270-E1]兼用","드릴 비트0.8mm[194-S,270-E1]",穴あけ・穴調整,穴径や位置を整えやすい,구멍 가공 및 조정,구멍 크기와 위치를 맞추기 쉬움,11700,KRW,,"カタログP.23,206",194-S_1.jpg,https://www.san-nishimura.co.jp/product/item/?key_word=194-S
194-SS6,"穴明ドリル 0.8mm お徳用6本セット[194-SS6,270-E1S6]兼用","드릴 비트 0.8mm 대용량6 세트[194-SS6,270-E1S6]",穴あけ・穴調整,穴径や位置を整えやすい,구멍 가공 및 조정,구멍 크기와 위치를 맞추기 쉬움,66900,KRW,6本,,,https://www.san-nishimura.co.jp/product/item/?key_word=194-SS6
194-T,"穴明ドリル2.0mm[194-T,270-E7]兼用","드릴 비트2.0mm[194-T,270-E7]",穴あけ・穴調整,穴径や位置を整えやすい,구멍 가공 및 조정,구멍 크기와 위치를 맞추기 쉬움,11700,KRW,,カタログP.206,194-T_1.jpg,https://www.san-nishimura.co.jp/product/item/?key_word=194-T
194-TS6,"穴明ドリル 2.0mm お徳用6本セット[194-TS6,270-E7S6]兼用","드릴 비트 2.0mm 대용량6 세트[194-TS6,270-E7S6]",穴あけ・穴調整,穴径や位置を整えやすい,구멍 가공 및 조정,구멍 크기와 위치를 맞추기 쉬움,66900,KRW,6本,,,https://www.san-nishimura.co.jp/product/item/?key_word=194-TS6
194-U,"穴明ドリル2.2mm[194-U,270-E8]兼用","드릴 비트2.2mm[194-U,270-E8]",穴あけ・穴調整,穴径や位置を整えやすい,구멍 가공 및 조정,구멍 크기와 위치를 맞추기 쉬움,11700,KRW,,カタログP.206,194-U_1.jpg,https://www.san-nishimura.co.jp/product/item/?key_word=194-U
194-US6,"穴明ドリル 2.2mm お徳用6本セット[194-US6,270-E8S6]兼用","드릴 비트 2.2mm 대용량6 세트[194-US6,270-E8S6]",穴あけ・穴調整,穴径や位置を整えやすい,구멍 가공 및 조정,구멍 크기와 위치를 맞추기 쉬움,66900,KRW,6本,,,https://www.san-nishimura.co.jp/product/item/?key_word=194-US6
194-V,レンズ穴面取り(プラスチック専用)軸径2.3mm,렌즈 (플라스틱) 2.3mm,削り・仕上げ加工,細かな形状調整と面取りをしやすい,절삭 및 마감 가공,세밀한 형상 조정과 면취가 쉬움,33700,KRW,,カタログP.207,194-V_1.jpg,https://www.san-nishimura.co.jp/product/item/%e3%83%ac%e3%83%b3%e3%82%ba%e7%a9%b4%e9%9d%a2%e5%8f%96%e3%82%8a/
194-W10,カッター砥石 軸径2.3mm,연마석 2.3mm,削り・仕上げ加工,細かな形状調整と面取りをしやすい,절삭 및 마감 가공,세밀한 형상 조정과 면취가 쉬움,7800,KRW,,カタログP.208,194-W10_1.jpg,https://www.san-nishimura.co.jp/product/item/%e3%82%ab%e3%83%83%e3%82%bf%e3%83%bc%e7%a0%a5%e7%9f%b3/
194-W10S5,カッター砥石のみ お徳用5枚セット,연마석단품 대용량5 세트,削り・仕上げ加工,細かな形状調整と面取りをしやすい,절삭 및 마감 가공,세밀한 형상 조정과 면취가 쉬움,18600,KRW,5枚,,194-W10S5_1.jpg,https://www.san-nishimura.co.jp/product/item/?key_word=194-W10S5
194-W11,"フェルトW11[No.194,270]兼用","W11[No.194,270]",研磨・艶出し,キズやくすみを整えやすい,연마 및 광택 마감,흠집과 칙칙함을 정돈하기 쉬움,11200,KRW,,カタログP.209,194-W11_1.jpg,https://www.san-nishimura.co.jp/product/item/?key_word=194-W11
194-W11S5,"フェルトのみお徳用5枚セットW11S5[No.194,270]兼用","단품대용량5 세트W11S5[No.194,270]",研磨・艶出し,キズやくすみを整えやすい,연마 및 광택 마감,흠집과 칙칙함을 정돈하기 쉬움,33200,KRW,5枚,,194-W11S5_1.jpg,https://www.san-nishimura.co.jp/product/item/?key_word=194-W11S5
194-W13,"バフ布W13[No.194,270]兼用","버프 W13[No.194,270]",研磨・艶出し,キズやくすみを整えやすい,연마 및 광택 마감,흠집과 칙칙함을 정돈하기 쉬움,16700,KRW,,カタログP.209,194-W13_1.jpg,https://www.san-nishimura.co.jp/product/item/%e3%83%90%e3%83%95%e5%b8%83/
194-W14,"シリコン磨き砥石W14[No.194,270]兼用","실리콘 연마석W14[No.194,270]",削り・仕上げ加工,細かな形状調整と面取りをしやすい,절삭 및 마감 가공,세밀한 형상 조정과 면취가 쉬움,7800,KRW,,カタログP.208,194-W14_1.jpg,https://www.san-nishimura.co.jp/product/item/%e3%82%b7%e3%83%aa%e3%82%b3%e3%83%b3%e7%a3%a8%e3%81%8d%e7%a0%a5%e7%9f%b3/
194-W14S5,"シリコン磨き砥石のみお徳用5枚セットW14S5[No.194,270]兼用","실리콘 연마석단품대용량5 세트W14S5[No.194,270]",削り・仕上げ加工,細かな形状調整と面取りをしやすい,절삭 및 마감 가공,세밀한 형상 조정과 면취가 쉬움,18600,KRW,5枚,,194-W14S5_1.jpg,https://www.san-nishimura.co.jp/product/item/?key_word=194-W14S5
194-W15,"シリコン磨き砥石W15[No.194,270]兼用","실리콘 연마석W15[No.194,270]",削り・仕上げ加工,細かな形状調整と面取りをしやすい,절삭 및 마감 가공,세밀한 형상 조정과 면취가 쉬움,7800,KRW,,カタログP.208,194-W15_1.jpg,https://www.san-nishimura.co.jp/product/item/%e3%82%b7%e3%83%aa%e3%82%b3%e3%83%b3%e7%a3%a8%e3%81%8d%e7%a0%a5%e7%9f%b3/
194-W15S5,"シリコン磨き砥石のみお徳用5枚セットW15S5[No.194,270]兼用","실리콘 연마석단품대용량5 세트W15S5[No.194,270]",削り・仕上げ加工,細かな形状調整と面取りをしやすい,절삭 및 마감 가공,세밀한 형상 조정과 면취가 쉬움,18600,KRW,5枚,,194-W15S5_1.jpg,https://www.san-nishimura.co.jp/product/item/?key_word=194-W15S5
194-W16,フェルト 軸径2.3mm,2.3mm,研磨・艶出し,キズやくすみを整えやすい,연마 및 광택 마감,흠집과 칙칙함을 정돈하기 쉬움,16700,KRW,,カタログP.209,194-W16_1.jpg,https://www.san-nishimura.co.jp/product/item/%e3%83%95%e3%82%a7%e3%83%ab%e3%83%88/
194-W17,ネジ頭切り 軸径2.3mm,나사 2.3mm,ネジ頭へのマイナス溝加工,折れ込んだネジを回すための溝を作れる,나사 머리 일자 홈 가공,부러져 박힌 나사를 돌릴 홈을 만들 수 있음,10700,KRW,,カタログP.208,194-W17_1.jpg,https://www.san-nishimura.co.jp/product/item/?key_word=194-W17
194-W17S6,ネジ頭切り お徳用6本セット,나사 대용량6 세트,ネジ交換・固定,ゆるみや紛失時に対応しやすい,나사 교체 및 고정,풀림이나 분실에 대응하기 쉬움,50000,KRW,6本,,,https://www.san-nishimura.co.jp/product/item/?key_word=194-W17S6
194-W18,ワイヤーブラシ 軸径2.3mm,브러시 2.3mm,清掃・研磨仕上げ,作業後の見た目を整えやすい,청소 및 연마 마감,작업 후 외관을 정돈하기 쉬움,22100,KRW,,カタログP.209,194-W18_1.jpg,https://www.san-nishimura.co.jp/product/item/%e3%83%af%e3%82%a4%e3%83%a4%e3%83%bc%e3%83%96%e3%83%a9%e3%82%b7/
194-W5,ゴム磨き砥石 軸径2.3mm,고무 연마석 2.3mm,削り・仕上げ加工,細かな形状調整と面取りをしやすい,절삭 및 마감 가공,세밀한 형상 조정과 면취가 쉬움,8200,KRW,,カタログP.207,194-W5_1.jpg,https://www.san-nishimura.co.jp/product/item/%e3%82%b4%e3%83%a0%e7%a3%a8%e3%81%8d%e7%a0%a5%e7%9f%b3/
194-W9,"溝削り砥石W9[No.194,270]兼用","연마석W9[No.194,270]",削り・仕上げ加工,細かな形状調整と面取りをしやすい,절삭 및 마감 가공,세밀한 형상 조정과 면취가 쉬움,8300,KRW,,カタログP.208,194-W9_1.jpg,https://www.san-nishimura.co.jp/product/item/?key_word=194-W9
194-X1,穴明ドリル 0.5mm,드릴 비트 0.5mm,穴あけ・穴調整,穴径や位置を整えやすい,구멍 가공 및 조정,구멍 크기와 위치를 맞추기 쉬움,11700,KRW,,カタログP.206,194-X1_1.jpg,https://www.san-nishimura.co.jp/product/item/?key_word=194-X1
194-X1S6,穴明ドリル 0.5mm お徳用6本セット,드릴 비트 0.5mm 대용량6 세트,穴あけ・穴調整,穴径や位置を整えやすい,구멍 가공 및 조정,구멍 크기와 위치를 맞추기 쉬움,66900,KRW,6本,,,https://www.san-nishimura.co.jp/product/item/?key_word=194-X1S6
194-X2,穴明ドリル 0.6mm,드릴 비트 0.6mm,穴あけ・穴調整,穴径や位置を整えやすい,구멍 가공 및 조정,구멍 크기와 위치를 맞추기 쉬움,11700,KRW,,カタログP.206,,https://www.san-nishimura.co.jp/product/item/?key_word=194-X2
194-X2S6,穴明ドリル 0.6mm お徳用6本セット,드릴 비트 0.6mm 대용량6 세트,穴あけ・穴調整,穴径や位置を整えやすい,구멍 가공 및 조정,구멍 크기와 위치를 맞추기 쉬움,66900,KRW,6本,,,https://www.san-nishimura.co.jp/product/item/?key_word=194-X2S6
194-X3,穴明ドリル 1.5mm,드릴 비트 1.5mm,穴あけ・穴調整,穴径や位置を整えやすい,구멍 가공 및 조정,구멍 크기와 위치를 맞추기 쉬움,11700,KRW,,"カタログP.24,206,228",,https://www.san-nishimura.co.jp/product/item/?key_word=194-X3
194-X3S6,穴明ドリル 1.5mm お徳用6本セット,드릴 비트 1.5mm 대용량6 세트,穴あけ・穴調整,穴径や位置を整えやすい,구멍 가공 및 조정,구멍 크기와 위치를 맞추기 쉬움,66900,KRW,6本,,,https://www.san-nishimura.co.jp/product/item/?key_word=194-X3S6
194-Y,穴明レンズ保持,렌즈,穴あけ・穴調整,穴径や位置を整えやすい,구멍 가공 및 조정,구멍 크기와 위치를 맞추기 쉬움,115300,KRW,,カタログP.211,194-Y_1.jpg,https://www.san-nishimura.co.jp/product/item/?key_word=194-Y
198,レンズ保護テープ,렌즈보호테이프,作業時の保護,キズや汚れを防ぎやすい,작업 중 보호,흠집과 오염을 막기 쉬움,18700,KRW,,"カタログP.249,251",198_1.jpg,https://www.san-nishimura.co.jp/product/item/%e3%83%ac%e3%83%b3%e3%82%ba%e4%bf%9d%e8%ad%b7%e3%83%86%e3%83%bc%e3%83%97/
198-W,レンズ保護テープ 43mm×50m,렌즈보호테이프 43mm×50m,作業時の保護,キズや汚れを防ぎやすい,작업 중 보호,흠집과 오염을 막기 쉬움,21100,KRW,,カタログP.249,198-W_1.jpg,https://www.san-nishimura.co.jp/product/item/?key_word=198-W
200-1,ミニドライバー(2本入),미니드라이버(2개),ネジ調整,日常修理をスムーズにしやすい,나사 조정,일상 수리를 원활하게 하기 쉬움,1700,KRW,2本,カタログP.163,200-1_1.jpg,https://www.san-nishimura.co.jp/product/item/?key_word=200-1
200,ミニドライバーセット(2本×100個入),미니드라이버세트(2 ×100개),ネジ調整,日常修理をスムーズにしやすい,나사 조정,일상 수리를 원활하게 하기 쉬움,164200,KRW,100個,カタログP.163,200_1.jpg,https://www.san-nishimura.co.jp/product/item/%e3%83%9f%e3%83%8b%e3%83%89%e3%83%a9%e3%82%a4%e3%83%90%e3%83%bc%e3%82%bb%e3%83%83%e3%83%88%e2%8a%95%e2%8a%962%e6%9c%ac%e5%85%a5%e3%82%8a/
200-A,ミニドライバー(1本入・1.6mm),미니드라이버(1개 1.6mm),ネジ調整,日常修理をスムーズにしやすい,나사 조정,일상 수리를 원활하게 하기 쉬움,800,KRW,1本,カタログP.162,200-A_1.jpg,https://www.san-nishimura.co.jp/product/item/?key_word=200-A
200-AL,(-) ミニドライバーセット 200本入 ケース付き,(-) 미니드라이버세트 200개 케이스포함,ネジ調整,日常修理をスムーズにしやすい,나사 조정,일상 수리를 원활하게 하기 쉬움,156400,KRW,200本,カタログP.162,200-AL_1.jpg,https://www.san-nishimura.co.jp/product/item/?key_word=200-AL
200-B,+ミニドライバー(1本入・2.0mm),+미니드라이버(1개 2.0mm),ネジ調整,日常修理をスムーズにしやすい,나사 조정,일상 수리를 원활하게 하기 쉬움,900,KRW,1本,カタログP.162,200-B_1.jpg,https://www.san-nishimura.co.jp/product/item/?key_word=200-B
200-BL,(+) ミニドライバーセット 200本入 ケース付き,(+) 미니드라이버세트 200개 케이스포함,ネジ調整,日常修理をスムーズにしやすい,나사 조정,일상 수리를 원활하게 하기 쉬움,176000,KRW,200本,カタログP.162,200-BL_1.jpg,https://www.san-nishimura.co.jp/product/item/?key_word=200-BL
203,"ミクロト-チ[No.203,69-P,230-N]兼用","- [No.203,69-P,230-N]",ロウ付け・加熱補修,必要箇所を固定・補修しやすい,납땜 및 가열 보수,필요한 부위를 고정·보수하기 쉬움,113400,KRW,,"カタログP.23,119,158,232,233",203_1.jpg,https://www.san-nishimura.co.jp/product/item/%e3%83%9f%e3%82%af%e3%83%ad%e3%83%88%e3%83%bc%e3%83%81/
204-203,±ロングロックW丸頭1.2×4.0,±롱잠금W원형 1.2×4.0,ネジ交換・固定,ゆるみや紛失時に対応しやすい,나사 교체 및 고정,풀림이나 분실에 대응하기 쉬움,5100,KRW,,カタログP.46,204-203_1.jpg,https://www.san-nishimura.co.jp/product/item/?key_word=204-203
204-204,±ロングロックW平頭1.4×2.5,±롱잠금W평면 1.4×2.5,ネジ交換・固定,ゆるみや紛失時に対応しやすい,나사 교체 및 고정,풀림이나 분실에 대응하기 쉬움,5100,KRW,,カタログP.46,204-204_1.jpg,https://www.san-nishimura.co.jp/product/item/%e3%83%ad%e3%83%b3%e3%82%b0%e3%83%ad%e3%83%83%e3%82%af%e3%83%8d%e3%82%b8/
204-205,±ロングロックW丸頭1.4×2.5,±롱잠금W원형 1.4×2.5,ネジ交換・固定,ゆるみや紛失時に対応しやすい,나사 교체 및 고정,풀림이나 분실에 대응하기 쉬움,5100,KRW,14本,カタログP.46,204-205_1.jpg,https://www.san-nishimura.co.jp/product/item/%e3%83%ad%e3%83%b3%e3%82%b0%e3%83%ad%e3%83%83%e3%82%af%e3%83%8d%e3%82%b8/
204-207,±ロングロックW丸頭1.4×3.0,±롱잠금W원형 1.4×3.0,ネジ交換・固定,ゆるみや紛失時に対応しやすい,나사 교체 및 고정,풀림이나 분실에 대응하기 쉬움,5100,KRW,14本,カタログP.46,204-207_1.jpg,https://www.san-nishimura.co.jp/product/item/?key_word=204-207
204-209,±ロングロックW丸頭1.4×3.5,±롱잠금W원형 1.4×3.5,ネジ交換・固定,ゆるみや紛失時に対応しやすい,나사 교체 및 고정,풀림이나 분실에 대응하기 쉬움,5100,KRW,14本,カタログP.46,204-209_1.jpg,https://www.san-nishimura.co.jp/product/item/?key_word=204-209
204-212,±ロングロックW平頭1.4×4.5,±롱잠금W평면 1.4×4.5,ネジ交換・固定,ゆるみや紛失時に対応しやすい,나사 교체 및 고정,풀림이나 분실에 대응하기 쉬움,5100,KRW,,カタログP.46,204-212_1.jpg,https://www.san-nishimura.co.jp/product/item/?key_word=204-212
204-213,±ロングロックW平頭1.4×5.0,±롱잠금W평면 1.4×5.0,ネジ交換・固定,ゆるみや紛失時に対応しやすい,나사 교체 및 고정,풀림이나 분실에 대응하기 쉬움,5100,KRW,,カタログP.46,204-213_1.jpg,https://www.san-nishimura.co.jp/product/item/?key_word=204-213
204-214,±ロングロックW平頭1.4×5.5,±롱잠금W평면 1.4×5.5,ネジ交換・固定,ゆるみや紛失時に対応しやすい,나사 교체 및 고정,풀림이나 분실에 대응하기 쉬움,5100,KRW,,カタログP.46,204-214_1.jpg,https://www.san-nishimura.co.jp/product/item/?key_word=204-214
204-215,±ロングロックW平頭1.4×6.0,±롱잠금W평면 1.4×6.0,ネジ交換・固定,ゆるみや紛失時に対応しやすい,나사 교체 및 고정,풀림이나 분실에 대응하기 쉬움,5100,KRW,10本,カタログP.46,204-215_1.jpg,https://www.san-nishimura.co.jp/product/item/?key_word=204-215
204-216,±ロングロックW平頭1.7×3.5,±롱잠금W평면 1.7×3.5,ネジ交換・固定,ゆるみや紛失時に対応しやすい,나사 교체 및 고정,풀림이나 분실에 대응하기 쉬움,5100,KRW,10本,カタログP.46,204-216_1.jpg,https://www.san-nishimura.co.jp/product/item/?key_word=204-216
204-217,±ロングロックW平頭1.7×4.0,±롱잠금W평면 1.7×4.0,ネジ交換・固定,ゆるみや紛失時に対応しやすい,나사 교체 및 고정,풀림이나 분실에 대응하기 쉬움,5100,KRW,10本,カタログP.46,204-217_1.jpg,https://www.san-nishimura.co.jp/product/item/?key_word=204-217
204-218,±ロングロックW平頭1.7×4.5,±롱잠금W평면 1.7×4.5,ネジ交換・固定,ゆるみや紛失時に対応しやすい,나사 교체 및 고정,풀림이나 분실에 대응하기 쉬움,5100,KRW,,カタログP.46,204-218_1.jpg,https://www.san-nishimura.co.jp/product/item/?key_word=204-218
204-219,±ロングロックW平頭1.7×5.0,±롱잠금W평면 1.7×5.0,ネジ交換・固定,ゆるみや紛失時に対応しやすい,나사 교체 및 고정,풀림이나 분실에 대응하기 쉬움,5100,KRW,,カタログP.46,204-219_1.jpg,https://www.san-nishimura.co.jp/product/item/?key_word=204-219
204-220,±ロングロックW平頭1.7×6.0,±롱잠금W평면 1.7×6.0,ネジ交換・固定,ゆるみや紛失時に対応しやすい,나사 교체 및 고정,풀림이나 분실에 대응하기 쉬움,5100,KRW,,カタログP.46,204-220_1.jpg,https://www.san-nishimura.co.jp/product/item/?key_word=204-220
204-620,±ロングロックW平頭1.4×5.3×2.0,±롱잠금W평면 1.4×5.3×2.0,ネジ交換・固定,ゆるみや紛失時に対応しやすい,나사 교체 및 고정,풀림이나 분실에 대응하기 쉬움,5100,KRW,,カタログP.46,204-620_1.jpg,https://www.san-nishimura.co.jp/product/item/?key_word=204-620
204-621,±ロングロックW平頭1.7×6.3×2.4,±롱잠금W평면 1.7×6.3×2.4,ネジ交換・固定,ゆるみや紛失時に対応しやすい,나사 교체 및 고정,풀림이나 분실에 대응하기 쉬움,5100,KRW,50本,カタログP.46,204-621_1.jpg,https://www.san-nishimura.co.jp/product/item/?key_word=204-621
205-L,メガネグリップ ダークブラウンL,안경그립 브라운L,ズレ落ち防止,日常の掛け心地を安定させやすい,흘러내림 방지,일상 착용감을 안정시키기 쉬움,54400,KRW,,カタログP.78,205-L_1.jpg,https://www.san-nishimura.co.jp/product/item/?key_word=205-L
205-M,メガネグリップ ダークブラウンM,안경그립 브라운M,ズレ落ち防止,日常の掛け心地を安定させやすい,흘러내림 방지,일상 착용감을 안정시키기 쉬움,54400,KRW,,カタログP.78,205-M_1.jpg,https://www.san-nishimura.co.jp/product/item/?key_word=205-M
206,ビコーケーブルFセット,Bico케이블F세트,ケーブルテンプル化,耳まわりの保持を高めやすい,케이블 템플 전환,귀 주변 고정을 높이기 쉬움,53000,KRW,5ペア,カタログP.73,206_1.jpg,https://www.san-nishimura.co.jp/product/item/?key_word=206
206-B,ビコーケーブルFセット(4ペア入・ブルー),Bico케이블F세트(4쌍입 블루),ケーブルテンプル化,耳まわりの保持を高めやすい,케이블 템플 전환,귀 주변 고정을 높이기 쉬움,53000,KRW,4ペア,,206-B_1.jpg,https://www.san-nishimura.co.jp/product/item/?key_word=206-B
206-BE,ビコーケーブルFセット(4ペア入・ベージュ),Bico케이블F세트(4쌍입 베이지),ケーブルテンプル化,耳まわりの保持を高めやすい,케이블 템플 전환,귀 주변 고정을 높이기 쉬움,53000,KRW,4ペア,,,https://www.san-nishimura.co.jp/product/item/?key_word=206-BE
206-BK,ビコーケーブルFセット(4ペア入・ブラック),Bico케이블F세트(4쌍입 블랙),ケーブルテンプル化,耳まわりの保持を高めやすい,케이블 템플 전환,귀 주변 고정을 높이기 쉬움,53000,KRW,4ペア,,206-BK_1.jpg,https://www.san-nishimura.co.jp/product/item/?key_word=206-BK
206-BR,ビコーケーブルFセット(4ペア入・ブラウン),Bico케이블F세트(4쌍입 브라운),ケーブルテンプル化,耳まわりの保持を高めやすい,케이블 템플 전환,귀 주변 고정을 높이기 쉬움,53000,KRW,4ペア,,206-BR_1.jpg,https://www.san-nishimura.co.jp/product/item/?key_word=206-BR
206-GL,ビコーケーブルFセット(4ペア入・グレー),Bico케이블F세트(4쌍입 그레이),ケーブルテンプル化,耳まわりの保持を高めやすい,케이블 템플 전환,귀 주변 고정을 높이기 쉬움,53000,KRW,4ペア,,206-GL_1.jpg,https://www.san-nishimura.co.jp/product/item/?key_word=206-GL
206-GR,ビコーケーブルFセット(4ペア入・グリーン),Bico케이블F세트(4쌍입 그린),ケーブルテンプル化,耳まわりの保持を高めやすい,케이블 템플 전환,귀 주변 고정을 높이기 쉬움,53000,KRW,4ペア,,206-GR_1.jpg,https://www.san-nishimura.co.jp/product/item/?key_word=206-GR
206-NB,ビコーケーブルFセット(4ペア入・ネイビー),Bico케이블F세트(4쌍입 네이비),ケーブルテンプル化,耳まわりの保持を高めやすい,케이블 템플 전환,귀 주변 고정을 높이기 쉬움,53000,KRW,4ペア,,206-NB_1.jpg,https://www.san-nishimura.co.jp/product/item/?key_word=206-NB
206-R,ビコーケーブルFセット(4ペア入・エンジ),Bico케이블F세트(4쌍입),ケーブルテンプル化,耳まわりの保持を高めやすい,케이블 템플 전환,귀 주변 고정을 높이기 쉬움,53000,KRW,4ペア,,206-R_1.jpg,https://www.san-nishimura.co.jp/product/item/?key_word=206-R
206-RE,ビコーケーブルFセット(4ペア入・レッド),Bico케이블F세트(4쌍입 레드),ケーブルテンプル化,耳まわりの保持を高めやすい,케이블 템플 전환,귀 주변 고정을 높이기 쉬움,53000,KRW,4ペア,,206-RE_1.jpg,https://www.san-nishimura.co.jp/product/item/?key_word=206-RE
206-V,ビコーケーブルFセット(4ペア入・バイオレット),Bico케이블F세트(4쌍입),ケーブルテンプル化,耳まわりの保持を高めやすい,케이블 템플 전환,귀 주변 고정을 높이기 쉬움,53000,KRW,4ペア,,206-V_1.jpg,https://www.san-nishimura.co.jp/product/item/?key_word=206-V
208N,高級メガネオイル,안경오일,丁番・可動部の潤滑,開閉を滑らかにしやすい,힌지 및 가동부 윤활,개폐를 부드럽게 하기 쉬움,12900,KRW,,カタログP.260,208N_1.jpg,https://www.san-nishimura.co.jp/product/item/%e9%ab%98%e7%b4%9a%e3%83%a1%e3%82%ac%e3%83%8d%e3%82%aa%e3%82%a4%e3%83%ab/
209,メガネ・ネジゆるみ止め,안경 나사풀림 방지,接着・ゆるみ止め,補修後の固定を安定させやすい,접착 및 풀림 방지,보수 후 고정을 안정시키기 쉬움,16000,KRW,,カタログP.262,209_1.jpg,https://www.san-nishimura.co.jp/product/item/%e3%83%a1%e3%82%ac%e3%83%8d%e3%83%8d%e3%82%b8%e3%82%86%e3%82%8b%e3%81%bf%e6%ad%a2%e3%82%81/
211,木製ドライバー(1.5mm),드라이버(1.5mm),ネジ調整,日常修理をスムーズにしやすい,나사 조정,일상 수리를 원활하게 하기 쉬움,12700,KRW,,"カタログP.148,171",211_1.jpg,https://www.san-nishimura.co.jp/product/item/?key_word=211
212,木製ドライバー(2.0mm),드라이버(2.0mm),ネジ調整,日常修理をスムーズにしやすい,나사 조정,일상 수리를 원활하게 하기 쉬움,12700,KRW,,"カタログP.148,171",212_1.jpg,https://www.san-nishimura.co.jp/product/item/?key_word=212
213,木製ドライバー(2.5mm),드라이버(2.5mm),ネジ調整,日常修理をスムーズにしやすい,나사 조정,일상 수리를 원활하게 하기 쉬움,12700,KRW,,"カタログP.148,171",213_1.jpg,https://www.san-nishimura.co.jp/product/item/?key_word=213
214,+木製ドライバー 小2.0mm,+ 드라이버 소2.0mm,ネジ調整,日常修理をスムーズにしやすい,나사 조정,일상 수리를 원활하게 하기 쉬움,12700,KRW,,"カタログP.148,171",214_1.jpg,https://www.san-nishimura.co.jp/product/item/?key_word=214
215,+木製ドライバー 大2.5mm,+ 드라이버 대2.5mm,ネジ調整,日常修理をスムーズにしやすい,나사 조정,일상 수리를 원활하게 하기 쉬움,12700,KRW,,"カタログP.148,171",215_1.jpg,https://www.san-nishimura.co.jp/product/item/?key_word=215
217,ディスペンサー,디스펜서,作業補助・消耗品,店頭作業を進めやすい,작업 보조 및 소모품,매장 작업을 진행하기 쉬움,66500,KRW,,カタログP.259,217_1.jpg,https://www.san-nishimura.co.jp/product/item/%e3%83%87%e3%82%a3%e3%82%b9%e3%83%9a%e3%83%b3%e3%82%b5%e3%83%bc/
219-A,メガネブク 洗浄ケース付錠剤10錠入 12箱入,안경 세척 정제(세척 케이스 포함),清掃・仕上げ,お渡し前の見た目を整えやすい,청소 및 최종 마감,전달 전 외관을 정돈하기 쉬움,142800,KRW,,カタログP.91,219-A_1.jpg,https://www.san-nishimura.co.jp/product/item/?key_word=219-A
219-A-1,メガネブク 洗浄ケース付錠剤10錠入 単品,안경 세척 정제(세척 케이스 포함),清掃・仕上げ,お渡し前の見た目を整えやすい,청소 및 최종 마감,전달 전 외관을 정돈하기 쉬움,11900,KRW,,カタログP.91,,https://www.san-nishimura.co.jp/product/item/?key_word=219-A-1
219-B,メガネブク 錠剤のみ錠剤24錠入 24箱入,안경 세척제 단품 24 입 24 입,清掃・仕上げ,お渡し前の見た目を整えやすい,청소 및 최종 마감,전달 전 외관을 정돈하기 쉬움,157100,KRW,,カタログP.91,219-B_1.jpg,https://www.san-nishimura.co.jp/product/item/%e3%83%a1%e3%82%ac%e3%83%8d%e3%83%96%e3%82%af/
219-B-1,メガネブク 錠剤のみ錠剤24錠入 単品,안경 세척제 단품 24 입,清掃・仕上げ,お渡し前の見た目を整えやすい,청소 및 최종 마감,전달 전 외관을 정돈하기 쉬움,6500,KRW,,カタログP.91,,https://www.san-nishimura.co.jp/product/item/%e3%83%a1%e3%82%ac%e3%83%8d%e3%83%96%e3%82%af/
219-D,メガネブク 錠剤お徳用50錠入 12箱入,안경 세척제 대용량50 입 12 입,清掃・仕上げ,お渡し前の見た目を整えやすい,청소 및 최종 마감,전달 전 외관을 정돈하기 쉬움,142800,KRW,,カタログP.91,219-D_1.jpg,https://www.san-nishimura.co.jp/product/item/%e3%83%a1%e3%82%ac%e3%83%8d%e3%83%96%e3%82%af/
219-D-1,メガネブク 錠剤お徳用50錠入 単品,안경 세척제 대용량50 입,清掃・仕上げ,お渡し前の見た目を整えやすい,청소 및 최종 마감,전달 전 외관을 정돈하기 쉬움,11900,KRW,,カタログP.91,,https://www.san-nishimura.co.jp/product/item/%e3%83%a1%e3%82%ac%e3%83%8d%e3%83%96%e3%82%af/
224,±ネジセットG 樹脂加工(ゆるみ止),±나사세트G 가공(풀림 방지),ネジ交換・固定,ゆるみや紛失時に対応しやすい,나사 교체 및 고정,풀림이나 분실에 대응하기 쉬움,109500,KRW,,カタログP.36,224_1.jpg,https://www.san-nishimura.co.jp/product/item/?key_word=224
224-221,(-)ネジG 1.0×4.0,(-)나사G 1.0×4.0,ネジ交換・固定,ゆるみや紛失時に対応しやすい,나사 교체 및 고정,풀림이나 분실에 대응하기 쉬움,5100,KRW,20本,カタログP.43,224-221_1.jpg,https://www.san-nishimura.co.jp/product/item/?key_word=224-221
224-222,(-)ネジG 1.2×4.0,(-)나사G 1.2×4.0,ネジ交換・固定,ゆるみや紛失時に対応しやすい,나사 교체 및 고정,풀림이나 분실에 대응하기 쉬움,5100,KRW,20本,カタログP.43,224-222_1.jpg,https://www.san-nishimura.co.jp/product/item/?key_word=224-222
224-223,(-)ネジG 1.4×3.0,(-)나사G 1.4×3.0,ネジ交換・固定,ゆるみや紛失時に対応しやすい,나사 교체 및 고정,풀림이나 분실에 대응하기 쉬움,5100,KRW,20本,カタログP.43,224-223_1.jpg,https://www.san-nishimura.co.jp/product/item/?key_word=224-223
224-224,(-)ネジG 1.4×3.5,(-)나사G 1.4×3.5,ネジ交換・固定,ゆるみや紛失時に対応しやすい,나사 교체 및 고정,풀림이나 분실에 대응하기 쉬움,5100,KRW,20本,カタログP.43,224-224_1.jpg,https://www.san-nishimura.co.jp/product/item/?key_word=224-224
224-225,(-)ネジG 1.4×4.0,(-)나사G 1.4×4.0,ネジ交換・固定,ゆるみや紛失時に対応しやすい,나사 교체 및 고정,풀림이나 분실에 대응하기 쉬움,5100,KRW,20本,カタログP.43,224-225_1.jpg,https://www.san-nishimura.co.jp/product/item/?key_word=224-225
224-226,(-)ネジG 1.4×4.5,(-)나사G 1.4×4.5,ネジ交換・固定,ゆるみや紛失時に対応しやすい,나사 교체 및 고정,풀림이나 분실에 대응하기 쉬움,5100,KRW,20本,カタログP.43,224-226_1.jpg,https://www.san-nishimura.co.jp/product/item/?key_word=224-226
224-227,(-)ネジG 1.4×5.0,(-)나사G 1.4×5.0,ネジ交換・固定,ゆるみや紛失時に対応しやすい,나사 교체 및 고정,풀림이나 분실에 대응하기 쉬움,5100,KRW,20本,カタログP.43,224-227_1.jpg,https://www.san-nishimura.co.jp/product/item/?key_word=224-227
224-229,(-)ネジG 1.7×4.0,(-)나사G 1.7×4.0,ネジ交換・固定,ゆるみや紛失時に対応しやすい,나사 교체 및 고정,풀림이나 분실에 대응하기 쉬움,5100,KRW,20本,カタログP.43,224-229_1.jpg,https://www.san-nishimura.co.jp/product/item/?key_word=224-229
224-230,(-)ネジG 1.7×4.5,(-)나사G 1.7×4.5,ネジ交換・固定,ゆるみや紛失時に対応しやすい,나사 교체 및 고정,풀림이나 분실에 대응하기 쉬움,5100,KRW,20本,カタログP.43,224-230_1.jpg,https://www.san-nishimura.co.jp/product/item/?key_word=224-230
224-231,±ネジG 1.0×3.5,±나사G 1.0×3.5,ネジ交換・固定,ゆるみや紛失時に対応しやすい,나사 교체 및 고정,풀림이나 분실에 대응하기 쉬움,5100,KRW,18本,"カタログP.36,37",224-231_1.jpg,https://www.san-nishimura.co.jp/product/item/?key_word=224-231
224-232,±ネジG 1.2×4.0,±나사G 1.2×4.0,ネジ交換・固定,ゆるみや紛失時に対応しやすい,나사 교체 및 고정,풀림이나 분실에 대응하기 쉬움,5100,KRW,18本,"カタログP.36,37",224-232_1.jpg,https://www.san-nishimura.co.jp/product/item/?key_word=224-232
224-233,±ネジG 1.4×3.0,±나사G 1.4×3.0,ネジ交換・固定,ゆるみや紛失時に対応しやすい,나사 교체 및 고정,풀림이나 분실에 대응하기 쉬움,5100,KRW,18本,"カタログP.36,37",224-233_1.jpg,https://www.san-nishimura.co.jp/product/item/?key_word=224-233
224-234,±ネジG 1.4×3.5,±나사G 1.4×3.5,ネジ交換・固定,ゆるみや紛失時に対応しやすい,나사 교체 및 고정,풀림이나 분실에 대응하기 쉬움,5100,KRW,18本,"カタログP.36,37",224-234_1.jpg,https://www.san-nishimura.co.jp/product/item/?key_word=224-234
224-235,±ネジG 1.4×4.0,±나사G 1.4×4.0,ネジ交換・固定,ゆるみや紛失時に対応しやすい,나사 교체 및 고정,풀림이나 분실에 대응하기 쉬움,5100,KRW,18本,"カタログP.36,37",224-235_1.jpg,https://www.san-nishimura.co.jp/product/item/?key_word=224-235
224-236,±ネジG 1.4×4.5,±나사G 1.4×4.5,ネジ交換・固定,ゆるみや紛失時に対応しやすい,나사 교체 및 고정,풀림이나 분실에 대응하기 쉬움,5100,KRW,18本,"カタログP.36,37",224-236_1.jpg,https://www.san-nishimura.co.jp/product/item/?key_word=224-236
224-237,±ネジG 1.4×5.0,±나사G 1.4×5.0,ネジ交換・固定,ゆるみや紛失時に対応しやすい,나사 교체 및 고정,풀림이나 분실에 대응하기 쉬움,5100,KRW,18本,"カタログP.36,37",224-237_1.jpg,https://www.san-nishimura.co.jp/product/item/?key_word=224-237
224-238,±ネジG 1.7×3.0,±나사G 1.7×3.0,ネジ交換・固定,ゆるみや紛失時に対応しやすい,나사 교체 및 고정,풀림이나 분실에 대응하기 쉬움,5100,KRW,18本,"カタログP.36,37",224-238_1.jpg,https://www.san-nishimura.co.jp/product/item/?key_word=224-238
224-239,±ネジG 1.7×4.0,±나사G 1.7×4.0,ネジ交換・固定,ゆるみや紛失時に対応しやすい,나사 교체 및 고정,풀림이나 분실에 대응하기 쉬움,5100,KRW,18本,"カタログP.36,37",224-239_1.jpg,https://www.san-nishimura.co.jp/product/item/?key_word=224-239
224-240,±ネジG 1.7×5.0,±나사G 1.7×5.0,ネジ交換・固定,ゆるみや紛失時に対応しやすい,나사 교체 및 고정,풀림이나 분실에 대응하기 쉬움,5100,KRW,18本,"カタログP.36,37",224-240_1.jpg,https://www.san-nishimura.co.jp/product/item/?key_word=224-240
224-241,±ツーポイントネジG座付1.4×10.0,±무테 투포인트나사G 포함1.4×10.0,ツーポイント固定・補修,寸法を合わせて外れを補修しやすい,무테 프레임 고정 및 보수,치수를 맞춰 이탈 부위를 보수하기 쉬움,5100,KRW,18本,"カタログP.36,37,48",224-241_1.jpg,https://www.san-nishimura.co.jp/product/item/?key_word=224-241
224-241A,±ツーポイントネジG座付(100本入),±무테 투포인트나사G 포함(100개),ツーポイント固定・補修,寸法を合わせて外れを補修しやすい,무테 프레임 고정 및 보수,치수를 맞춰 이탈 부위를 보수하기 쉬움,24700,KRW,100本,,,https://www.san-nishimura.co.jp/product/item/?key_word=224-241A
224-241B,±ツーポイントネジG座付(300本入),±무테 투포인트나사G 포함(300개),ツーポイント固定・補修,寸法を合わせて外れを補修しやすい,무테 프레임 고정 및 보수,치수를 맞춰 이탈 부위를 보수하기 쉬움,67300,KRW,300本,,,https://www.san-nishimura.co.jp/product/item/?key_word=224-241B
224-242,±ネジG 1.4×2.0,±나사G 1.4×2.0,ネジ交換・固定,ゆるみや紛失時に対応しやすい,나사 교체 및 고정,풀림이나 분실에 대응하기 쉬움,5100,KRW,18本,"カタログP.36,37",224-242_1.jpg,https://www.san-nishimura.co.jp/product/item/?key_word=224-242
224-243,±ネジG 1.4×2.5,±나사G 1.4×2.5,ネジ交換・固定,ゆるみや紛失時に対応しやすい,나사 교체 및 고정,풀림이나 분실에 대응하기 쉬움,5100,KRW,18本,"カタログP.36,37",224-243_1.jpg,https://www.san-nishimura.co.jp/product/item/?key_word=224-243
224-244,±ネジG 1.4×2.7,±나사G 1.4×2.7,ネジ交換・固定,ゆるみや紛失時に対応しやすい,나사 교체 및 고정,풀림이나 분실에 대응하기 쉬움,5100,KRW,18本,"カタログP.36,37",224-244_1.jpg,https://www.san-nishimura.co.jp/product/item/?key_word=224-244
224-245,±ネジG 1.4×3.3,±나사G 1.4×3.3,ネジ交換・固定,ゆるみや紛失時に対応しやすい,나사 교체 및 고정,풀림이나 분실에 대응하기 쉬움,5100,KRW,18本,"カタログP.36,37",224-245_1.jpg,https://www.san-nishimura.co.jp/product/item/?key_word=224-245
224-246,±ネジG 1.4×3.7,±나사G 1.4×3.7,ネジ交換・固定,ゆるみや紛失時に対応しやすい,나사 교체 및 고정,풀림이나 분실에 대응하기 쉬움,5100,KRW,18本,"カタログP.36,37",224-246_1.jpg,https://www.san-nishimura.co.jp/product/item/?key_word=224-246
224-247,±フロント止ネジG 1.4×2.5,±프런트 나사G 1.4×2.5,ネジ交換・固定,ゆるみや紛失時に対応しやすい,나사 교체 및 고정,풀림이나 분실에 대응하기 쉬움,5100,KRW,18本,"カタログP.36,37",224-247_1.jpg,https://www.san-nishimura.co.jp/product/item/?key_word=224-247
224-248,±フロント止ネジG 1.4×3.0,±프런트 나사G 1.4×3.0,ネジ交換・固定,ゆるみや紛失時に対応しやすい,나사 교체 및 고정,풀림이나 분실에 대응하기 쉬움,5100,KRW,18本,"カタログP.36,37",224-248_1.jpg,https://www.san-nishimura.co.jp/product/item/?key_word=224-248
224-249,±フロント止ネジG 1.4×4.0,±프런트 나사G 1.4×4.0,ネジ交換・固定,ゆるみや紛失時に対応しやすい,나사 교체 및 고정,풀림이나 분실에 대응하기 쉬움,5100,KRW,18本,"カタログP.36,37",224-249_1.jpg,https://www.san-nishimura.co.jp/product/item/?key_word=224-249
224-250,±ネジG 1.7×6.0,±나사G 1.7×6.0,ネジ交換・固定,ゆるみや紛失時に対応しやすい,나사 교체 및 고정,풀림이나 분실에 대응하기 쉬움,5100,KRW,18本,"カタログP.36,37",224-250_1.jpg,https://www.san-nishimura.co.jp/product/item/?key_word=224-250
224-251,±ツーポイントネジG1.4×12.0,±무테 투포인트나사G1.4×12.0,ツーポイント固定・補修,寸法を合わせて外れを補修しやすい,무테 프레임 고정 및 보수,치수를 맞춰 이탈 부위를 보수하기 쉬움,5100,KRW,18本,"カタログP.36,37,48,51",224-251_1.jpg,https://www.san-nishimura.co.jp/product/item/?key_word=224-251
224-251A,±ツーポイントネジG1.4×12.0(100本入),±무테 투포인트나사G1.4×12.0(100개),ツーポイント固定・補修,寸法を合わせて外れを補修しやすい,무테 프레임 고정 및 보수,치수를 맞춰 이탈 부위를 보수하기 쉬움,24700,KRW,100本,,,https://www.san-nishimura.co.jp/product/item/?key_word=224-251A
224-251B,±ツーポイントネジG1.4×12.0(300本入),±무테 투포인트나사G1.4×12.0(300개),ツーポイント固定・補修,寸法を合わせて外れを補修しやすい,무테 프레임 고정 및 보수,치수를 맞춰 이탈 부위를 보수하기 쉬움,67300,KRW,300本,,,https://www.san-nishimura.co.jp/product/item/?key_word=224-251B
224-759,(-)ネジG 1.4×2.5,(-)나사G 1.4×2.5,ネジ交換・固定,ゆるみや紛失時に対応しやすい,나사 교체 및 고정,풀림이나 분실에 대응하기 쉬움,5100,KRW,20本,カタログP.43,224-759_1.jpg,https://www.san-nishimura.co.jp/product/item/?key_word=224-759
224-760,(-)ネジG 1.4×4.5,(-)나사G 1.4×4.5,ネジ交換・固定,ゆるみや紛失時に対応しやすい,나사 교체 및 고정,풀림이나 분실에 대응하기 쉬움,5100,KRW,20本,カタログP.43,224-760_1.jpg,https://www.san-nishimura.co.jp/product/item/?key_word=224-760
224-761,(-)ネジG 1.7×5.0,(-)나사G 1.7×5.0,ネジ交換・固定,ゆるみや紛失時に対応しやすい,나사 교체 및 고정,풀림이나 분실에 대응하기 쉬움,5100,KRW,20本,カタログP.43,224-761_1.jpg,https://www.san-nishimura.co.jp/product/item/?key_word=224-761
224-762,(-)ネジG 1.7×6.0,(-)나사G 1.7×6.0,ネジ交換・固定,ゆるみや紛失時に対応しやすい,나사 교체 및 고정,풀림이나 분실에 대응하기 쉬움,5100,KRW,20本,カタログP.43,224-762_1.jpg,https://www.san-nishimura.co.jp/product/item/?key_word=224-762
224-763,(-)ネジG 1.7×7.5,(-)나사G 1.7×7.5,ネジ交換・固定,ゆるみや紛失時に対応しやすい,나사 교체 및 고정,풀림이나 분실에 대응하기 쉬움,5100,KRW,20本,カタログP.43,224-763_1.jpg,https://www.san-nishimura.co.jp/product/item/?key_word=224-763
225,ヤットコ(超硬刃ニッパー),플라이어(니퍼),カット加工,狙った位置を切りやすい,절단 가공,원하는 위치를 자르기 쉬움,147900,KRW,,カタログP.147,225_1.jpg,https://www.san-nishimura.co.jp/product/item/%e8%b6%85%e7%a1%ac%e5%88%83%e3%83%8b%e3%83%83%e3%83%91%e3%83%bc/
226-B,タッチアップペイント ダークブラウン,브라운,色補修,色剥げやキズを目立ちにくくしやすい,색상 보수,도장 벗겨짐과 흠집을 덜 눈에 띄게 하기 쉬움,18600,KRW,,カタログP.216,226-B_1.jpg,https://www.san-nishimura.co.jp/product/item/?key_word=226-B
227,眼鏡チタン銀ロウセット,티타늄실버 세트,ロウ付け・加熱補修,必要箇所を固定・補修しやすい,납땜 및 가열 보수,필요한 부위를 고정·보수하기 쉬움,103700,KRW,,カタログP.235,227_1.jpg,https://www.san-nishimura.co.jp/product/item/?key_word=227
228,ライトドライバー(2.0mm),라이트드라이버(2.0mm),ネジ調整,日常修理をスムーズにしやすい,나사 조정,일상 수리를 원활하게 하기 쉬움,2200,KRW,,カタログP.162,228_1.jpg,https://www.san-nishimura.co.jp/product/item/%e3%83%a9%e3%82%a4%e3%83%88%e3%83%89%e3%83%a9%e3%82%a4%e3%83%90%e3%83%bc%e2%8a%96/
228-S,(-)ライトドライバーセット 50本入 ケース付き,(-)라이트드라이버세트 50개 케이스포함,ネジ調整,日常修理をスムーズにしやすい,나사 조정,일상 수리를 원활하게 하기 쉬움,102000,KRW,50本,カタログP.162,228-S_1.jpg,https://www.san-nishimura.co.jp/product/item/?key_word=228-S
229,+ライトドライバー(2.0mm),+라이트드라이버(2.0mm),ネジ調整,日常修理をスムーズにしやすい,나사 조정,일상 수리를 원활하게 하기 쉬움,2200,KRW,,カタログP.162,229_1.jpg,https://www.san-nishimura.co.jp/product/item/%e3%83%a9%e3%82%a4%e3%83%88%e3%83%89%e3%83%a9%e3%82%a4%e3%83%90%e3%83%bc%e2%8a%95/
229-S,(+)ライトドライバーセット 50本入 ケース付き,(+)라이트드라이버세트 50개 케이스포함,ネジ調整,日常修理をスムーズにしやすい,나사 조정,일상 수리를 원활하게 하기 쉬움,102000,KRW,50本,カタログP.162,229-S_1.jpg,https://www.san-nishimura.co.jp/product/item/?key_word=229-S
230,眼鏡チタンロウ付け器セット,티타늄납땜 세트,ロウ付け・加熱補修,必要箇所を固定・補修しやすい,납땜 및 가열 보수,필요한 부위를 고정·보수하기 쉬움,449700,KRW,,カタログP.233,230_1.jpg,https://www.san-nishimura.co.jp/product/item/?key_word=230
230-P,チタンフラックス,티타늄,ロウ付け・加熱補修,必要箇所を固定・補修しやすい,납땜 및 가열 보수,필요한 부위를 고정·보수하기 쉬움,81600,KRW,,"カタログP.233,235",230-P_1.jpg,https://www.san-nishimura.co.jp/product/item/?key_word=230-P
230-Q,"線銀ロウ(チタン銀ロウ)[230-Q,69-S]兼用","실버 (티타늄실버)[230-Q,69-S]",ロウ付け・加熱補修,必要箇所を固定・補修しやすい,납땜 및 가열 보수,필요한 부위를 고정·보수하기 쉬움,19600,KRW,,"カタログP.233,235",230-Q_1.jpg,https://www.san-nishimura.co.jp/product/item/?key_word=230-Q
231,ローグラスLセット,안경L세트,拡大確認,細部を見やすくする,확대 확인,세부를 보기 쉽게 함,159100,KRW,,カタログP.105,231_1.jpg,https://www.san-nishimura.co.jp/product/item/%e3%83%ad%e3%83%bc%e3%82%b0%e3%83%a9%e3%82%b9%e3%82%bb%e3%82%ab%e3%83%b3%e3%83%89%e3%83%90%e3%82%a4%e3%83%95%e3%82%a9%e3%83%bc%e3%82%ab%e3%83%ab/
231-1.00,ローグラスL S+1.00,안경L S+1.00,拡大確認,細部を見やすくする,확대 확인,세부를 보기 쉽게 함,17900,KRW,,,231-1.00_1.jpg,https://www.san-nishimura.co.jp/product/item/?key_word=231-1.00
231-1.50,ローグラスL S+1.50,안경L S+1.50,拡大確認,細部を見やすくする,확대 확인,세부를 보기 쉽게 함,17900,KRW,,,231-1.50_1.jpg,https://www.san-nishimura.co.jp/product/item/?key_word=231-1.50
231-2.00,ローグラスL S+2.00,안경L S+2.00,拡大確認,細部を見やすくする,확대 확인,세부를 보기 쉽게 함,17900,KRW,,,231-2.00_1.jpg,https://www.san-nishimura.co.jp/product/item/?key_word=231-2.00
231-2.50,ローグラスL S+2.50,안경L S+2.50,拡大確認,細部を見やすくする,확대 확인,세부를 보기 쉽게 함,17900,KRW,,,231-2.50_1.jpg,https://www.san-nishimura.co.jp/product/item/?key_word=231-2.50
231-3.00,ローグラスL S+3.00,안경L S+3.00,拡大確認,細部を見やすくする,확대 확인,세부를 보기 쉽게 함,17900,KRW,,,231-3.00_1.jpg,https://www.san-nishimura.co.jp/product/item/?key_word=231-3.00
231-3.50,ローグラスL S+3.50,안경L S+3.50,拡大確認,細部を見やすくする,확대 확인,세부를 보기 쉽게 함,17900,KRW,,,231-3.50_1.jpg,https://www.san-nishimura.co.jp/product/item/?key_word=231-3.50
234,"バースタンド[No.234,270-X4]兼用","스탠드[No.234,270-X4]",工具整理・収納,必要な工具を取り出しやすい,공구 정리 및 수납,필요한 공구를 꺼내기 쉬움,35200,KRW,,カタログP.210,234_1.jpg,https://www.san-nishimura.co.jp/product/item/%e5%ba%83%e8%a6%96%e9%87%8e%e3%83%ab%e3%83%bc%e3%83%9a/
235,レンズ艶出機(デラックス型),렌즈광택 (),レンズ・フレーム加工,加工精度や仕上がりをそろえやすい,렌즈 및 프레임 가공,가공 정밀도와 마감을 일정하게 하기 쉬움,1935500,KRW,1ヶ,"カタログP.221,222",235_1.jpg,https://www.san-nishimura.co.jp/product/item/?key_word=235
236-K,赤棒(荒用),(),研磨・艶出し,キズやくすみを整えやすい,연마 및 광택 마감,흠집과 칙칙함을 정돈하기 쉬움,18700,KRW,,"カタログP.222,223",236-K_1.jpg,https://www.san-nishimura.co.jp/product/item/%e8%b5%a4%e6%a3%92%e8%8d%92%e7%94%a8/
236-M,バフ布 荒用 100mm,버프 100mm,研磨・艶出し,キズやくすみを整えやすい,연마 및 광택 마감,흠집과 칙칙함을 정돈하기 쉬움,31300,KRW,,カタログP.222,236-M_1.jpg,https://www.san-nishimura.co.jp/product/item/%e3%83%90%e3%83%95%e5%b8%83%e8%8d%92%e7%94%a8%e3%83%8f%e3%83%bc%e3%83%89/
237,カットルーブ(切削剤),(),穴あけ・切削補助,摩擦熱を抑えて刃先を守りやすい,구멍 가공 및 절삭 보조,마찰열을 줄여 날끝을 보호하기 쉬움,59500,KRW,,カタログP.210,237_1.jpg,https://www.san-nishimura.co.jp/product/item/%e3%82%ab%e3%83%83%e3%83%88%e3%83%ab%e3%83%bc%e3%83%96%e5%88%87%e5%89%8a%e5%89%a4/
241,メタル光沢液,메탈,研磨・艶出し,キズやくすみを整えやすい,연마 및 광택 마감,흠집과 칙칙함을 정돈하기 쉬움,39100,KRW,,カタログP.217,241_1.jpg,https://www.san-nishimura.co.jp/product/item/%e3%83%a1%e3%82%bf%e3%83%ab%e5%85%89%e6%b2%a2%e6%b6%b2/
242,先曲ピンセット(ネジつかみ),핀셋(나사),小部品保持,細かな部品を落とさず扱いやすい,작은 부품 집기,작은 부품을 떨어뜨리지 않고 다루기 쉬움,48900,KRW,,カタログP.167,242_1.jpg,https://www.san-nishimura.co.jp/product/item/%e5%85%88%e6%9b%b2%e3%81%8c%e3%82%8a%e3%83%94%e3%83%b3%e3%82%bb%e3%83%83%e3%83%88/
246-D,チェンジドライバー先(+)2.4mm,교체드라이버 (+)2.4mm,ネジ調整,日常修理をスムーズにしやすい,나사 조정,일상 수리를 원활하게 하기 쉬움,7800,KRW,,カタログP.157,246-D_1.jpg,https://www.san-nishimura.co.jp/product/item/?key_word=246-D
246-G,チェンジドライバー先(-1.9mm),교체드라이버 (-1.9mm),ネジ調整,日常修理をスムーズにしやすい,나사 조정,일상 수리를 원활하게 하기 쉬움,7800,KRW,,カタログP.157,246-G_1.jpg,https://www.san-nishimura.co.jp/product/item/?key_word=246-G
246-H,チェンジドライバー先花型(2.0mm),교체드라이버 꽃형(2.0mm),ネジ調整,日常修理をスムーズにしやすい,나사 조정,일상 수리를 원활하게 하기 쉬움,7800,KRW,,カタログP.157,246-H_1.jpg,https://www.san-nishimura.co.jp/product/item/?key_word=246-H
246-I,チェンジドライバー先花型(2.6mm),교체드라이버 꽃형(2.6mm),ネジ調整,日常修理をスムーズにしやすい,나사 조정,일상 수리를 원활하게 하기 쉬움,7800,KRW,,カタログP.157,246-I_1.jpg,https://www.san-nishimura.co.jp/product/item/?key_word=246-I
247,+白頭ドライバー(2.0mm),+ 드라이버(2.0mm),ネジ調整,日常修理をスムーズにしやすい,나사 조정,일상 수리를 원활하게 하기 쉬움,16800,KRW,,"カタログP.150,151,170,171,172",247_1.jpg,https://www.san-nishimura.co.jp/product/item/?key_word=247
247G,+白頭ドライバー(2.0mm)グリップ付,+ 드라이버(2.0mm)그립포함,ネジ調整,日常修理をスムーズにしやすい,나사 조정,일상 수리를 원활하게 하기 쉬움,19700,KRW,,カタログP.151,247G_1.jpg,https://www.san-nishimura.co.jp/product/item/?key_word=247G
247M,(+)白頭ドライバ-MINI(小)2.0mm,(+) -MINI(소)2.0mm,ネジ調整,日常修理をスムーズにしやすい,나사 조정,일상 수리를 원활하게 하기 쉬움,16800,KRW,,カタログP.151,247M_1.jpg,https://www.san-nishimura.co.jp/product/item/%e8%89%b2%e9%a0%ad%e3%83%89%e3%83%a9%e3%82%a4%e3%83%90%e3%83%bcmini/
247MG,(+)白頭ドライバ-MINI(小)2.0mmグリップ付,(+) -MINI(소)2.0mm그립포함,ネジ調整,日常修理をスムーズにしやすい,나사 조정,일상 수리를 원활하게 하기 쉬움,19700,KRW,,カタログP.151,247MG_1.jpg,https://www.san-nishimura.co.jp/product/item/?key_word=247MG
248,+黒頭ドライバー(2.5mm),+ 드라이버(2.5mm),ネジ調整,日常修理をスムーズにしやすい,나사 조정,일상 수리를 원활하게 하기 쉬움,16800,KRW,,"カタログP.150,151,170,171",248_1.jpg,https://www.san-nishimura.co.jp/product/item/?key_word=248
248G,+黒頭ドライバー(2.5mm)グリップ付,+ 드라이버(2.5mm)그립포함,ネジ調整,日常修理をスムーズにしやすい,나사 조정,일상 수리를 원활하게 하기 쉬움,19700,KRW,,カタログP.151,248G_1.jpg,https://www.san-nishimura.co.jp/product/item/?key_word=248G
248M,(+)黒頭ドライバ-MINI(小)2.5mm,(+) -MINI(소)2.5mm,ネジ調整,日常修理をスムーズにしやすい,나사 조정,일상 수리를 원활하게 하기 쉬움,16800,KRW,,カタログP.151,248M_1.jpg,https://www.san-nishimura.co.jp/product/item/%e8%89%b2%e9%a0%ad%e3%83%89%e3%83%a9%e3%82%a4%e3%83%90%e3%83%bcmini/
248MG,(+)黒頭ドライバ-MINI(小)2.5mmグリップ付,(+) -MINI(소)2.5mm그립포함,ネジ調整,日常修理をスムーズにしやすい,나사 조정,일상 수리를 원활하게 하기 쉬움,19700,KRW,,カタログP.151,248MG_1.jpg,https://www.san-nishimura.co.jp/product/item/?key_word=248MG
249,+-ドライバーセット,+-드라이버세트,ネジ調整,日常修理をスムーズにしやすい,나사 조정,일상 수리를 원활하게 하기 쉬움,81600,KRW,,カタログP.150,249_1.jpg,https://www.san-nishimura.co.jp/product/item/?key_word=249
250,鼻盛りセット(貼るタイプ),코받침 보강 패드 세트(타입),鼻盛り・掛け位置調整,低い鼻当てでも掛け位置を整えやすい,코받침 보정 및 착용 위치 조정,낮은 코받침도 착용 위치를 맞추기 쉬움,365600,KRW,,"カタログP.27,230",,https://www.san-nishimura.co.jp/product/item/?key_word=250
250-A,固定台,고정대,貼付式鼻盛りパッドの固定,接着中の浮きやずれを抑えやすい,부착식 코받침 고정,접착 중 들뜸과 움직임을 줄이기 쉬움,244400,KRW,,"カタログP.27,230",250-A_1.jpg,https://www.san-nishimura.co.jp/product/item/%e5%9b%ba%e5%ae%9a%e5%8f%b0/
250-B,セル・アセチ接着液,셀,接着・ゆるみ止め,補修後の固定を安定させやすい,접착 및 풀림 방지,보수 후 고정을 안정시키기 쉬움,24700,KRW,,"カタログP.25,27,29,55,229",250-B_1.jpg,https://www.san-nishimura.co.jp/product/item/%e3%82%bb%e3%83%ab%e3%83%bb%e3%82%a2%e3%82%bb%e3%83%81%e6%8e%a5%e7%9d%80%e6%b6%b2/
250-D,鼻盛パット,코받침 보강 패드코받침,鼻盛り・掛け位置調整,低い鼻当てでも掛け位置を整えやすい,코받침 보정 및 착용 위치 조정,낮은 코받침도 착용 위치를 맞추기 쉬움,14700,KRW,6組,"カタログP.27,230",250-D_1.jpg,https://www.san-nishimura.co.jp/product/item/?key_word=250-D
250-E,鼻盛パット,코받침 보강 패드코받침,鼻盛り・掛け位置調整,低い鼻当てでも掛け位置を整えやすい,코받침 보정 및 착용 위치 조정,낮은 코받침도 착용 위치를 맞추기 쉬움,14700,KRW,6組,"カタログP.27,230",250-E_1.jpg,https://www.san-nishimura.co.jp/product/item/?key_word=250-E
250-F,鼻盛パット,코받침 보강 패드코받침,鼻盛り・掛け位置調整,低い鼻当てでも掛け位置を整えやすい,코받침 보정 및 착용 위치 조정,낮은 코받침도 착용 위치를 맞추기 쉬움,14700,KRW,6組,"カタログP.27,230",250-F_1.jpg,https://www.san-nishimura.co.jp/product/item/?key_word=250-F
250-G,鼻盛パット,코받침 보강 패드코받침,鼻盛り・掛け位置調整,低い鼻当てでも掛け位置を整えやすい,코받침 보정 및 착용 위치 조정,낮은 코받침도 착용 위치를 맞추기 쉬움,14700,KRW,6組,"カタログP.27,230",250-G_1.jpg,https://www.san-nishimura.co.jp/product/item/?key_word=250-G
250-I,鼻盛パット,코받침 보강 패드코받침,鼻盛り・掛け位置調整,低い鼻当てでも掛け位置を整えやすい,코받침 보정 및 착용 위치 조정,낮은 코받침도 착용 위치를 맞추기 쉬움,14700,KRW,6組,"カタログP.27,230",250-I_1.jpg,https://www.san-nishimura.co.jp/product/item/?key_word=250-I
250-J,鼻盛パット,코받침 보강 패드코받침,鼻盛り・掛け位置調整,低い鼻当てでも掛け位置を整えやすい,코받침 보정 및 착용 위치 조정,낮은 코받침도 착용 위치를 맞추기 쉬움,14700,KRW,6組,"カタログP.27,230",250-J_1.jpg,https://www.san-nishimura.co.jp/product/item/?key_word=250-J
250-K,白化防止プライマー,백화 방지 프라이머,接着・ゆるみ止め,補修後の固定を安定させやすい,접착 및 풀림 방지,보수 후 고정을 안정시키기 쉬움,26400,KRW,6組,"カタログP.27,29,77,230,231",250-K_1.jpg,https://www.san-nishimura.co.jp/product/item/%e7%99%bd%e5%8c%96%e9%98%b2%e6%ad%a2%e3%83%97%e3%83%a9%e3%82%a4%e3%83%9e%e3%83%bc/
250-L,瞬間接着剤,접착제,接着・ゆるみ止め,補修後の固定を安定させやすい,접착 및 풀림 방지,보수 후 고정을 안정시키기 쉬움,19600,KRW,,"カタログP.27,29,230,231,261",250-L_1.jpg,https://www.san-nishimura.co.jp/product/item/%e7%9e%ac%e9%96%93%e6%8e%a5%e7%9d%80%e5%89%a4/
252-A,染色ビーカー,염색 비커,色補修,色剥げやキズを目立ちにくくしやすい,색상 보수,도장 벗겨짐과 흠집을 덜 눈에 띄게 하기 쉬움,48900,KRW,,カタログP.216,252-A_1.jpg,https://www.san-nishimura.co.jp/product/item/?key_word=252-A
252-G,染色剤 グリーン,그린,色補修,色剥げやキズを目立ちにくくしやすい,색상 보수,도장 벗겨짐과 흠집을 덜 눈에 띄게 하기 쉬움,16600,KRW,,カタログP.216,252-G_1.jpg,https://www.san-nishimura.co.jp/product/item/?key_word=252-G
252-J,染色剤 イエロー,옐로,色補修,色剥げやキズを目立ちにくくしやすい,색상 보수,도장 벗겨짐과 흠집을 덜 눈에 띄게 하기 쉬움,16600,KRW,,カタログP.216,252-J_1.jpg,https://www.san-nishimura.co.jp/product/item/?key_word=252-J
254,メタルフレームみがき,메탈프레임,研磨・艶出し,キズやくすみを整えやすい,연마 및 광택 마감,흠집과 칙칙함을 정돈하기 쉬움,16600,KRW,,カタログP.217,254_1.jpg,https://www.san-nishimura.co.jp/product/item/%e3%83%a1%e3%82%bf%e3%83%ab%e3%83%95%e3%83%ac%e3%83%bc%e3%83%a0%e3%81%bf%e3%81%8c%e3%81%8d/
256-L,セルシールL 2.5mm 10組,셀 L 2.5mm 10,鼻パッド交換・調整,当たりと掛け心地を整えやすい,코패드 교체 및 조정,맞닿는 느낌과 착용감을 조정하기 쉬움,54400,KRW,10組,カタログP.78,256-L_1.jpg,https://www.san-nishimura.co.jp/product/item/?key_word=256-L
256-LL,セルシールLL 3.0mm 10組,셀 LL 3.0mm 10,鼻パッド交換・調整,当たりと掛け心地を整えやすい,코패드 교체 및 조정,맞닿는 느낌과 착용감을 조정하기 쉬움,54400,KRW,10組,カタログP.78,256-LL_1.jpg,https://www.san-nishimura.co.jp/product/item/?key_word=256-LL
256-M,セルシールM 1.8mm 10組,셀 M 1.8mm 10,鼻パッド交換・調整,当たりと掛け心地を整えやすい,코패드 교체 및 조정,맞닿는 느낌과 착용감을 조정하기 쉬움,54400,KRW,10組,カタログP.78,256-M_1.jpg,https://www.san-nishimura.co.jp/product/item/?key_word=256-M
256-S,セルシールS 1.3mm 10組,셀 S 1.3mm 10,鼻パッド交換・調整,当たりと掛け心地を整えやすい,코패드 교체 및 조정,맞닿는 느낌과 착용감을 조정하기 쉬움,54400,KRW,10組,カタログP.78,256-S_1.jpg,https://www.san-nishimura.co.jp/product/item/?key_word=256-S
257-1,セルモリー1 1.0mm 12組,셀 1 1.0mm 12,貼るフィット調整,加工なしでズレや当たりを調整しやすい,부착식 피팅 조정,가공 없이 흘러내림과 닿는 느낌을 조정하기 쉬움,34000,KRW,12組,カタログP.79,257-1_1.jpg,https://www.san-nishimura.co.jp/product/item/?key_word=257-1
257-2,セルモリー2 1.5mm 12組,셀 2 1.5mm 12,貼るフィット調整,加工なしでズレや当たりを調整しやすい,부착식 피팅 조정,가공 없이 흘러내림과 닿는 느낌을 조정하기 쉬움,34000,KRW,12組,カタログP.79,257-2_1.jpg,https://www.san-nishimura.co.jp/product/item/?key_word=257-2
257-3,セルモリー3 2.2mm 12組,셀 3 2.2mm 12,貼るフィット調整,加工なしでズレや当たりを調整しやすい,부착식 피팅 조정,가공 없이 흘러내림과 닿는 느낌을 조정하기 쉬움,34000,KRW,12組,カタログP.79,257-3_1.jpg,https://www.san-nishimura.co.jp/product/item/?key_word=257-3
258,シリコンコートセット,실리콘 세트,貼るフィット調整,加工なしでズレや当たりを調整しやすい,부착식 피팅 조정,가공 없이 흘러내림과 닿는 느낌을 조정하기 쉬움,59500,KRW,,カタログP.79,258_1.jpg,https://www.san-nishimura.co.jp/product/item/%e3%82%b7%e3%83%aa%e3%82%b3%e3%83%b3%e3%82%b3%e3%83%bc%e3%83%88%e3%82%bb%e3%83%83%e3%83%88/
258-1,シリコンコートプライマー,실리콘,コーティング作業,被膜を均一に仕上げやすい,코팅 작업,피막을 균일하게 마감하기 쉬움,25500,KRW,,カタログP.79,258-1_1.jpg,https://www.san-nishimura.co.jp/product/item/?key_word=258-1
258-2,シリコン接着剤(本材),실리콘접착제(),接着・ゆるみ止め,補修後の固定を安定させやすい,접착 및 풀림 방지,보수 후 고정을 안정시키기 쉬움,34000,KRW,,カタログP.79,258-2_1.jpg,https://www.san-nishimura.co.jp/product/item/?key_word=258-2
259-A,メガロックA ブラウン,Mega잠금A 브라운,ズレ落ち防止,日常の掛け心地を安定させやすい,흘러내림 방지,일상 착용감을 안정시키기 쉬움,54400,KRW,,カタログP.75,259-A_1.jpg,https://www.san-nishimura.co.jp/product/item/%e3%83%a1%e3%82%ac%e3%83%ad%e3%83%83%e3%82%aff/
259-B,メガロックB ベージュ,Mega잠금B 베이지,ズレ落ち防止,日常の掛け心地を安定させやすい,흘러내림 방지,일상 착용감을 안정시키기 쉬움,54400,KRW,2ペア,カタログP.75,259-B_1.jpg,https://www.san-nishimura.co.jp/product/item/%e3%83%a1%e3%82%ac%e3%83%ad%e3%83%83%e3%82%aff/
259-C,メガロックC ブラック,Mega잠금C 블랙,ズレ落ち防止,日常の掛け心地を安定させやすい,흘러내림 방지,일상 착용감을 안정시키기 쉬움,54400,KRW,2ペア,カタログP.75,259-C_1.jpg,https://www.san-nishimura.co.jp/product/item/%e3%83%a1%e3%82%ac%e3%83%ad%e3%83%83%e3%82%aff/
260-C,スペアニ-ドル0.6mm,리페어 - 0.6mm,機器部品交換・補修,機器を使い続けやすい,장비 부품 교체 및 보수,장비를 계속 사용하기 쉬움,8400,KRW,,カタログP.234,260-C_1.jpg,https://www.san-nishimura.co.jp/product/item/?key_word=260-C
270-2,眼鏡ミニベンチドリル用ベルト,미니 드릴,穴あけ・穴調整,穴径や位置を整えやすい,구멍 가공 및 조정,구멍 크기와 위치를 맞추기 쉬움,12700,KRW,,カタログP.211,270-2_1.jpg,https://www.san-nishimura.co.jp/product/item/?key_word=270-2
270-A,眼鏡ミニベンチドリル部品,미니 드릴부품,穴あけ・穴調整,穴径や位置を整えやすい,구멍 가공 및 조정,구멍 크기와 위치를 맞추기 쉬움,58700,KRW,,カタログP.211,270-A_1.jpg,https://www.san-nishimura.co.jp/product/item/?key_word=270-A
270-B,眼鏡ミニベンチドリル部品,미니 드릴부품,穴あけ・穴調整,穴径や位置を整えやすい,구멍 가공 및 조정,구멍 크기와 위치를 맞추기 쉬움,52800,KRW,,カタログP.211,270-B_1.jpg,https://www.san-nishimura.co.jp/product/item/?key_word=270-B
270-C,眼鏡ミニベンチドリル部品,미니 드릴부품,穴あけ・穴調整,穴径や位置を整えやすい,구멍 가공 및 조정,구멍 크기와 위치를 맞추기 쉬움,62600,KRW,,カタログP.211,270-C_1.jpg,https://www.san-nishimura.co.jp/product/item/?key_word=270-C
270-D1,"ネジ切りタップ1.3mmD1[270,168]兼用","나사 1.3mmD1[270,168]",ネジ交換・固定,ゆるみや紛失時に対応しやすい,나사 교체 및 고정,풀림이나 분실에 대응하기 쉬움,11700,KRW,6本,"カタログP.206,212",270-D1_1.jpg,https://www.san-nishimura.co.jp/product/item/?key_word=270-D1
270-D1S10,"ネジ切りタップ 1.3mm お徳用10本セットD1S10[270,168]兼用","나사 1.3mm 대용량10 세트D1S10[270,168]",ネジ交換・固定,ゆるみや紛失時に対応しやすい,나사 교체 및 고정,풀림이나 분실에 대응하기 쉬움,110500,KRW,10本,,,https://www.san-nishimura.co.jp/product/item/?key_word=270-D1S10
270-D2,"ネジ切りタップ1.5mmD2[270,168]兼用","나사 1.5mmD2[270,168]",ネジ交換・固定,ゆるみや紛失時に対応しやすい,나사 교체 및 고정,풀림이나 분실에 대응하기 쉬움,11700,KRW,6本,"カタログP.206,212",270-D2_1.jpg,https://www.san-nishimura.co.jp/product/item/?key_word=270-D2
270-D2S10,"ネジ切りタップ 1.5mm お徳用10本セットD2S10[270,168]兼用","나사 1.5mm 대용량10 세트D2S10[270,168]",ネジ交換・固定,ゆるみや紛失時に対応しやすい,나사 교체 및 고정,풀림이나 분실에 대응하기 쉬움,110500,KRW,10本,,,https://www.san-nishimura.co.jp/product/item/?key_word=270-D2S10
270-D3,"ネジ切りタップ1.8mmD3[270,168]兼用","나사 1.8mmD3[270,168]",ネジ交換・固定,ゆるみや紛失時に対応しやすい,나사 교체 및 고정,풀림이나 분실에 대응하기 쉬움,11700,KRW,,"カタログP.206,212",270-D3_1.jpg,https://www.san-nishimura.co.jp/product/item/?key_word=270-D3
270-D3S10,"ネジ切りタップ 1.8mm お徳用10本セットD3S10[270,168]兼用","나사 1.8mm 대용량10 세트D3S10[270,168]",ネジ交換・固定,ゆるみや紛失時に対応しやすい,나사 교체 및 고정,풀림이나 분실에 대응하기 쉬움,110500,KRW,10本,,,https://www.san-nishimura.co.jp/product/item/?key_word=270-D3S10
270-G1,超硬切込ドリル 1.0mm,슬롯 드릴 1.0mm,穴あけ・穴調整,穴径や位置を整えやすい,구멍 가공 및 조정,구멍 크기와 위치를 맞추기 쉬움,15600,KRW,,カタログP.206,270-G1_1.jpg,https://www.san-nishimura.co.jp/product/item/?key_word=270-G1
270-G2,超硬切込ドリル 1.2mm,슬롯 드릴 1.2mm,穴あけ・穴調整,穴径や位置を整えやすい,구멍 가공 및 조정,구멍 크기와 위치를 맞추기 쉬움,15600,KRW,1本,カタログP.206,270-G2_1.jpg,https://www.san-nishimura.co.jp/product/item/?key_word=270-G2
270-G3,超硬切込ドリル 1.4mm,슬롯 드릴 1.4mm,穴あけ・穴調整,穴径や位置を整えやすい,구멍 가공 및 조정,구멍 크기와 위치를 맞추기 쉬움,15600,KRW,,カタログP.206,270-G3_1.jpg,https://www.san-nishimura.co.jp/product/item/?key_word=270-G3
270-H1,ダイヤモンド切込ドリル 1.0mm,다이아몬드슬롯 드릴 1.0mm,穴あけ・穴調整,穴径や位置を整えやすい,구멍 가공 및 조정,구멍 크기와 위치를 맞추기 쉬움,16700,KRW,,カタログP.206,270-H1_1.jpg,https://www.san-nishimura.co.jp/product/item/?key_word=270-H1
270-H2,ダイヤモンド切込ドリル 1.2mm,다이아몬드슬롯 드릴 1.2mm,穴あけ・穴調整,穴径や位置を整えやすい,구멍 가공 및 조정,구멍 크기와 위치를 맞추기 쉬움,16700,KRW,1本,カタログP.206,270-H2_1.jpg,https://www.san-nishimura.co.jp/product/item/?key_word=270-H2
270-H3,ダイヤモンド切込ドリル 1.4mm,다이아몬드슬롯 드릴 1.4mm,穴あけ・穴調整,穴径や位置を整えやすい,구멍 가공 및 조정,구멍 크기와 위치를 맞추기 쉬움,16700,KRW,,カタログP.206,270-H3_1.jpg,https://www.san-nishimura.co.jp/product/item/?key_word=270-H3
270-I,切抜カッター(プラスチック専用) 軸径3mm,(플라스틱) 3mm,穴あけ・穴調整,穴径や位置を整えやすい,구멍 가공 및 조정,구멍 크기와 위치를 맞추기 쉬움,38100,KRW,,カタログP.207,270-I_1.jpg,https://www.san-nishimura.co.jp/product/item/%e5%88%87%e6%8a%9c%e3%82%ab%e3%83%83%e3%82%bf%e3%83%bc/
270-J,"ネジ切りタップ1.0mmJ[270,168,194]兼用","나사 1.0mmJ[270,168,194]",ネジ交換・固定,ゆるみや紛失時に対応しやすい,나사 교체 및 고정,풀림이나 분실에 대응하기 쉬움,11700,KRW,,"カタログP.206,212",270-J_1.jpg,https://www.san-nishimura.co.jp/product/item/?key_word=270-J
270-JS10,"ネジ切りタップ 1.0mm お徳用10本セットJS10[270,168,194]兼用","나사 1.0mm 대용량10 세트JS10[270,168,194]",ネジ交換・固定,ゆるみや紛失時に対応しやすい,나사 교체 및 고정,풀림이나 분실에 대응하기 쉬움,110500,KRW,10本,,,https://www.san-nishimura.co.jp/product/item/?key_word=270-JS10
270-K,"ネジ切りタップ1.4mmK[270,168,194]兼用","나사 1.4mmK[270,168,194]",ネジ交換・固定,ゆるみや紛失時に対応しやすい,나사 교체 및 고정,풀림이나 분실에 대응하기 쉬움,11700,KRW,6本,"カタログP.206,212",270-K_1.jpg,https://www.san-nishimura.co.jp/product/item/?key_word=270-K
270-K1,ネジ切りタップチタン専用 1.4mm,나사 티타늄 1.4mm,ネジ交換・固定,ゆるみや紛失時に対応しやすい,나사 교체 및 고정,풀림이나 분실에 대응하기 쉬움,25500,KRW,,カタログP.206,270-K1_1.jpg,https://www.san-nishimura.co.jp/product/item/?key_word=270-K1
270-KS10,"ネジ切りタップ 1.4mm お徳用10本セットKS10[270,168,194]兼用","나사 1.4mm 대용량10 세트KS10[270,168,194]",ネジ交換・固定,ゆるみや紛失時に対応しやすい,나사 교체 및 고정,풀림이나 분실에 대응하기 쉬움,110500,KRW,10本,,,https://www.san-nishimura.co.jp/product/item/?key_word=270-KS10
270-L,"ネジ切りタップ1.7mmL[270,168,194]兼用","나사 1.7mmL[270,168,194]",ネジ交換・固定,ゆるみや紛失時に対応しやすい,나사 교체 및 고정,풀림이나 분실에 대응하기 쉬움,11700,KRW,6本,"カタログP.206,212",270-L_1.jpg,https://www.san-nishimura.co.jp/product/item/?key_word=270-L
270-L1,ネジ切りタップチタン専用 1.7mm,나사 티타늄 1.7mm,ネジ交換・固定,ゆるみや紛失時に対応しやすい,나사 교체 및 고정,풀림이나 분실에 대응하기 쉬움,25500,KRW,,カタログP.206,270-L1_1.jpg,https://www.san-nishimura.co.jp/product/item/?key_word=270-L1
270-LS10,"ネジ切りタップ 1.7mm お徳用10本セットLS10[270,168,194]兼用","나사 1.7mm 대용량10 세트LS10[270,168,194]",ネジ交換・固定,ゆるみや紛失時に対応しやすい,나사 교체 및 고정,풀림이나 분실에 대응하기 쉬움,110500,KRW,10本,,,https://www.san-nishimura.co.jp/product/item/?key_word=270-LS10
270-P,切込ドリル 0.8mm,슬롯 드릴 0.8mm,穴あけ・穴調整,穴径や位置を整えやすい,구멍 가공 및 조정,구멍 크기와 위치를 맞추기 쉬움,7000,KRW,,カタログP.206,270-P_1.jpg,https://www.san-nishimura.co.jp/product/item/?key_word=270-P
270-PS6,切込ドリル 0.8mm お徳用6本セット,슬롯 드릴 0.8mm 대용량6 세트,穴あけ・穴調整,穴径や位置を整えやすい,구멍 가공 및 조정,구멍 크기와 위치를 맞추기 쉬움,39900,KRW,6本,,,https://www.san-nishimura.co.jp/product/item/?key_word=270-PS6
270-Q,"切込ドリル1.0mmQ[270,194]兼用","슬롯 드릴1.0mmQ[270,194]",穴あけ・穴調整,穴径や位置を整えやすい,구멍 가공 및 조정,구멍 크기와 위치를 맞추기 쉬움,7000,KRW,1本,カタログP.206,270-Q_1.jpg,https://www.san-nishimura.co.jp/product/item/?key_word=270-Q
270-QS6,"切込ドリル 1.0mm お徳用6本セットQS6[270,194]兼用","슬롯 드릴 1.0mm 대용량6 세트QS6[270,194]",穴あけ・穴調整,穴径や位置を整えやすい,구멍 가공 및 조정,구멍 크기와 위치를 맞추기 쉬움,39900,KRW,6本,,,https://www.san-nishimura.co.jp/product/item/?key_word=270-QS6
270-R,"切込ドリル1.2mmR[270,194]兼用","슬롯 드릴1.2mmR[270,194]",穴あけ・穴調整,穴径や位置を整えやすい,구멍 가공 및 조정,구멍 크기와 위치를 맞추기 쉬움,7000,KRW,1本,カタログP.206,270-R_1.jpg,https://www.san-nishimura.co.jp/product/item/?key_word=270-R
270-RS6,"切込ドリル 1.2mm お徳用6本セットRS6[270,194]兼用","슬롯 드릴 1.2mm 대용량6 세트RS6[270,194]",穴あけ・穴調整,穴径や位置を整えやすい,구멍 가공 및 조정,구멍 크기와 위치를 맞추기 쉬움,39900,KRW,6本,,,https://www.san-nishimura.co.jp/product/item/?key_word=270-RS6
270-S,切込ドリル 1.4mm,슬롯 드릴 1.4mm,穴あけ・穴調整,穴径や位置を整えやすい,구멍 가공 및 조정,구멍 크기와 위치를 맞추기 쉬움,7000,KRW,1本,カタログP.206,270-S_1.jpg,https://www.san-nishimura.co.jp/product/item/?key_word=270-S
270-SS6,切込ドリル 1.4mm お徳用6本セット,슬롯 드릴 1.4mm 대용량6 세트,穴あけ・穴調整,穴径や位置を整えやすい,구멍 가공 및 조정,구멍 크기와 위치를 맞추기 쉬움,39900,KRW,6本,,,https://www.san-nishimura.co.jp/product/item/?key_word=270-SS6
270-T,切込ドリル 1.6mm,슬롯 드릴 1.6mm,穴あけ・穴調整,穴径や位置を整えやすい,구멍 가공 및 조정,구멍 크기와 위치를 맞추기 쉬움,7000,KRW,1本,カタログP.206,270-T_1.jpg,https://www.san-nishimura.co.jp/product/item/?key_word=270-T
270-TS6,切込ドリル 1.6mm お徳用6本セット,슬롯 드릴 1.6mm 대용량6 세트,穴あけ・穴調整,穴径や位置を整えやすい,구멍 가공 및 조정,구멍 크기와 위치를 맞추기 쉬움,39900,KRW,6本,,,https://www.san-nishimura.co.jp/product/item/?key_word=270-TS6
270-U,切込ドリル 1.8mm,슬롯 드릴 1.8mm,穴あけ・穴調整,穴径や位置を整えやすい,구멍 가공 및 조정,구멍 크기와 위치를 맞추기 쉬움,7000,KRW,,カタログP.206,270-U_1.jpg,https://www.san-nishimura.co.jp/product/item/?key_word=270-U
270-US6,切込ドリル 1.8mm お徳用6本セット,슬롯 드릴 1.8mm 대용량6 세트,穴あけ・穴調整,穴径や位置を整えやすい,구멍 가공 및 조정,구멍 크기와 위치를 맞추기 쉬움,39900,KRW,6本,,,https://www.san-nishimura.co.jp/product/item/?key_word=270-US6
270-V2,穴明リーマ 軸径3mm,리머 3mm,穴あけ・穴調整,穴径や位置を整えやすい,구멍 가공 및 조정,구멍 크기와 위치를 맞추기 쉬움,46900,KRW,,"カタログP.207,210",270-V2_1.jpg,https://www.san-nishimura.co.jp/product/item/%e7%a9%b4%e3%81%82%e3%81%91%e3%83%aa%e3%83%bc%e3%83%9e/
270-V3,眼鏡ミニベンチドリル部品,미니 드릴부품,穴あけ・穴調整,穴径や位置を整えやすい,구멍 가공 및 조정,구멍 크기와 위치를 맞추기 쉬움,24400,KRW,,カタログP.211,270-V3_1.jpg,https://www.san-nishimura.co.jp/product/item/?key_word=270-V3
270-V6,レンズ穴広げ(プラスチック専用) 1.0mm 軸径2.3mm,렌즈 (플라스틱) 1.0mm 2.3mm,穴あけ・穴調整,穴径や位置を整えやすい,구멍 가공 및 조정,구멍 크기와 위치를 맞추기 쉬움,9400,KRW,,カタログP.206,270-V6_1.jpg,https://www.san-nishimura.co.jp/product/item/?key_word=270-V6
270-V7,レンズ穴広げ(プラスチック専用) 1.4mm 軸径2.3mm,렌즈 (플라스틱) 1.4mm 2.3mm,穴あけ・穴調整,穴径や位置を整えやすい,구멍 가공 및 조정,구멍 크기와 위치를 맞추기 쉬움,9400,KRW,,カタログP.206,270-V7_1.jpg,https://www.san-nishimura.co.jp/product/item/?key_word=270-V7
270-V8,レンズ穴広げ(プラスチック専用) 1.8mm 軸径2.3mm,렌즈 (플라스틱) 1.8mm 2.3mm,穴あけ・穴調整,穴径や位置を整えやすい,구멍 가공 및 조정,구멍 크기와 위치를 맞추기 쉬움,9400,KRW,,カタログP.206,270-V8_1.jpg,https://www.san-nishimura.co.jp/product/item/?key_word=270-V8
270-W1,"ゴム砥石W1[194,270]G[69,172-2,230]兼用","고무연마석W1[194,270]G[69,172-2,230]",削り・仕上げ加工,細かな形状調整と面取りをしやすい,절삭 및 마감 가공,세밀한 형상 조정과 면취가 쉬움,7800,KRW,,"カタログP.207,232,233",270-W1_1.jpg,https://www.san-nishimura.co.jp/product/item/?key_word=270-W1
270-W8,切込セラミック砥石 軸径3mm,연마석 3mm,削り・仕上げ加工,細かな形状調整と面取りをしやすい,절삭 및 마감 가공,세밀한 형상 조정과 면취가 쉬움,16700,KRW,,カタログP.207,270-W8_1.jpg,https://www.san-nishimura.co.jp/product/item/?key_word=270-W8
270-X2,眼鏡ミニベンチドリル部品,미니 드릴부품,穴あけ・穴調整,穴径や位置を整えやすい,구멍 가공 및 조정,구멍 크기와 위치를 맞추기 쉬움,410600,KRW,,カタログP.211,270-X2_1.jpg,https://www.san-nishimura.co.jp/product/item/?key_word=270-X2
270-X3,眼鏡ミニベンチドリル部品,미니 드릴부품,穴あけ・穴調整,穴径や位置を整えやすい,구멍 가공 및 조정,구멍 크기와 위치를 맞추기 쉬움,22500,KRW,,カタログP.211,270-X3_1.jpg,https://www.san-nishimura.co.jp/product/item/?key_word=270-X3
270-Y1,眼鏡ミニベンチドリル部品,미니 드릴부품,穴あけ・穴調整,穴径や位置を整えやすい,구멍 가공 및 조정,구멍 크기와 위치를 맞추기 쉬움,2000,KRW,,カタログP.211,270-Y1_1.jpg,https://www.san-nishimura.co.jp/product/item/?key_word=270-Y1
270-Y2,眼鏡ミニベンチドリル部品,미니 드릴부품,穴あけ・穴調整,穴径や位置を整えやすい,구멍 가공 및 조정,구멍 크기와 위치를 맞추기 쉬움,2000,KRW,,カタログP.211,270-Y2_1.jpg,https://www.san-nishimura.co.jp/product/item/?key_word=270-Y2
270-Y3,眼鏡ミニベンチドリル部品,미니 드릴부품,穴あけ・穴調整,穴径や位置を整えやすい,구멍 가공 및 조정,구멍 크기와 위치를 맞추기 쉬움,2000,KRW,,カタログP.211,270-Y3_1.jpg,https://www.san-nishimura.co.jp/product/item/?key_word=270-Y3
270-Z,"ネジ切りタップ1.2mmZ[270,168,194]兼用","나사 1.2mmZ[270,168,194]",ネジ交換・固定,ゆるみや紛失時に対応しやすい,나사 교체 및 고정,풀림이나 분실에 대응하기 쉬움,11700,KRW,6本,"カタログP.206,212",270-Z_1.jpg,https://www.san-nishimura.co.jp/product/item/?key_word=270-Z
270-ZS10,"ネジ切りタップ 1.2mm お徳用10本セットZS10[270,168,194]兼用","나사 1.2mm 대용량10 세트ZS10[270,168,194]",ネジ交換・固定,ゆるみや紛失時に対応しやすい,나사 교체 및 고정,풀림이나 분실에 대응하기 쉬움,110500,KRW,10本,,,https://www.san-nishimura.co.jp/product/item/?key_word=270-ZS10
271-A,"カードA[No.271,295]兼用","A[No.271,295]",機器部品交換・補修,機器を使い続けやすい,장비 부품 교체 및 보수,장비를 계속 사용하기 쉬움,7800,KRW,,カタログP.251,,https://www.san-nishimura.co.jp/product/item/?key_word=271-A
271,加工整理箱(5箱入),가공 (5 입),工具整理・収納,必要な工具を取り出しやすい,공구 정리 및 수납,필요한 공구를 꺼내기 쉬움,48900,KRW,,"カタログP.250,251",271_1.jpg,https://www.san-nishimura.co.jp/product/item/%e5%8a%a0%e5%b7%a5%e6%95%b4%e7%90%86%e7%ae%b1/
271-B,加工整理箱チャコールグレー(5箱入)クリアタイプ,가공 그레이(5 입)클리어타입,工具整理・収納,必要な工具を取り出しやすい,공구 정리 및 수납,필요한 공구를 꺼내기 쉬움,63500,KRW,,"カタログP.250,251",271-B_1.jpg,https://www.san-nishimura.co.jp/product/item/?key_word=271-B
271-D,No.271加工整理箱用ラック(5段),No.271가공 (5),工具整理・収納,必要な工具を取り出しやすい,공구 정리 및 수납,필요한 공구를 꺼내기 쉬움,117300,KRW,,カタログP.250,271-D_1.jpg,https://www.san-nishimura.co.jp/product/item/%e5%8a%a0%e5%b7%a5%e6%95%b4%e7%90%86%e7%ae%b1%e3%83%bb%e3%82%ab%e3%83%a9%e3%83%bc%e3%82%b1%e3%83%bc%e3%82%b9%e7%94%a8%e3%83%a9%e3%83%83%e3%82%af/
271-E,No.271加工整理箱用ラック(3段),No.271가공 (3),工具整理・収納,必要な工具を取り出しやすい,공구 정리 및 수납,필요한 공구를 꺼내기 쉬움,108800,KRW,,カタログP.250,271-E_1.jpg,https://www.san-nishimura.co.jp/product/item/%e5%8a%a0%e5%b7%a5%e6%95%b4%e7%90%86%e7%ae%b1%e3%83%bb%e3%82%ab%e3%83%a9%e3%83%bc%e3%82%b1%e3%83%bc%e3%82%b9%e7%94%a8%e3%83%a9%e3%83%83%e3%82%af/
272-B,ラミマーク・部品 95×60 100枚入り,부품 95×60 100 입,機器部品交換・補修,機器を使い続けやすい,장비 부품 교체 및 보수,장비를 계속 사용하기 쉬움,39100,KRW,100枚,カタログP.272,,https://www.san-nishimura.co.jp/product/item/?key_word=272-B
272-C,ラミマーク・部品 95×65 100枚入り,부품 95×65 100 입,機器部品交換・補修,機器を使い続けやすい,장비 부품 교체 및 보수,장비를 계속 사용하기 쉬움,39100,KRW,100枚,カタログP.272,,https://www.san-nishimura.co.jp/product/item/?key_word=272-C
277-B,ヤットコ,플라이어,ツーポネジ長さ調整,必要な長さに切りそろえやすい,무테 나사 길이 조정,필요한 길이로 자르기 쉬움,103700,KRW,,"カタログP.137,171",277-B_1.jpg,https://www.san-nishimura.co.jp/product/item/?key_word=277-B
278,灰頭ドライバーナット廻し(六角),드라이버너트 드라이버(각형),ネジ調整,日常修理をスムーズにしやすい,나사 조정,일상 수리를 원활하게 하기 쉬움,18500,KRW,,"カタログP.151,170,171",278_1.jpg,https://www.san-nishimura.co.jp/product/item/?key_word=278
278G,灰頭ドライバーナット廻し(六角)グリップ付,드라이버너트 드라이버(각형)그립포함,ネジ調整,日常修理をスムーズにしやすい,나사 조정,일상 수리를 원활하게 하기 쉬움,21400,KRW,,カタログP.151,278G_1.jpg,https://www.san-nishimura.co.jp/product/item/?key_word=278G
279-AF,ステッドラー(A黒) F中字,(A) F중,印点・マーキング,必要な印を見やすく入れやすい,인점 및 마킹,필요한 표시를 보기 좋게 넣기 쉬움,5700,KRW,,カタログP.258,279-AF_1.jpg,https://www.san-nishimura.co.jp/product/item/%e3%82%b9%e3%83%86%e3%83%83%e3%83%89%e3%83%a9%e3%83%bc/
279-AS,ステッドラー(A黒) S細字,(A) S얇은,印点・マーキング,必要な印を見やすく入れやすい,인점 및 마킹,필요한 표시를 보기 좋게 넣기 쉬움,5700,KRW,,カタログP.258,279-AS_1.jpg,https://www.san-nishimura.co.jp/product/item/?key_word=279-AS
279-BF,ステッドラー(B赤) F中字,(B) F중,印点・マーキング,必要な印を見やすく入れやすい,인점 및 마킹,필요한 표시를 보기 좋게 넣기 쉬움,5700,KRW,,カタログP.258,279-BF_1.jpg,https://www.san-nishimura.co.jp/product/item/?key_word=279-BF
279-BS,ステッドラー(B赤) S細字,(B) S얇은,印点・マーキング,必要な印を見やすく入れやすい,인점 및 마킹,필요한 표시를 보기 좋게 넣기 쉬움,5700,KRW,,カタログP.258,279-BS_1.jpg,https://www.san-nishimura.co.jp/product/item/%e3%82%b9%e3%83%86%e3%83%83%e3%83%89%e3%83%a9%e3%83%bc/
281,+キャッチドライバー(2.0mm),+ 드라이버(2.0mm),ネジ調整,日常修理をスムーズにしやすい,나사 조정,일상 수리를 원활하게 하기 쉬움,54700,KRW,1本,カタログP.152,281_1.jpg,https://www.san-nishimura.co.jp/product/item/%e3%82%ad%e3%83%a3%e3%83%83%e3%83%81%e3%83%89%e3%83%a9%e3%82%a4%e3%83%90%e3%83%bc/
284,作業台,작업대,作業台・加工補助,小部品作業を安定させやすい,작업대 및 가공 보조,작은 부품 작업을 안정시키기 쉬움,151300,KRW,,カタログP.214,284_1.jpg,https://www.san-nishimura.co.jp/product/item/%e4%bd%9c%e6%a5%ad%e5%8f%b0/
287EX,ハイロンEXパッド 小,HylonEX코받침 소,鼻パッド交換・調整,当たりと掛け心地を整えやすい,코패드 교체 및 조정,맞닿는 느낌과 착용감을 조정하기 쉬움,61200,KRW,9ペア,カタログP.81,287EX_1.jpg,https://www.san-nishimura.co.jp/product/item/%e3%83%8f%e3%82%a4%e3%83%ad%e3%83%b3ex%e3%83%91%e3%83%83%e3%83%89/
287EX-A,ハイロンEXパッド小 お徳用(50ペア),HylonEX코받침소 대용량(50쌍),鼻パッド交換・調整,当たりと掛け心地を整えやすい,코패드 교체 및 조정,맞닿는 느낌과 착용감을 조정하기 쉬움,173400,KRW,50ペア,カタログP.81,,https://www.san-nishimura.co.jp/product/item/?key_word=287EX-A
287EX-M,ハイロンEXパッド 極小,HylonEX코받침 초소형,鼻パッド交換・調整,当たりと掛け心地を整えやすい,코패드 교체 및 조정,맞닿는 느낌과 착용감을 조정하기 쉬움,61200,KRW,9ペア,カタログP.81,287EX-M_1.jpg,https://www.san-nishimura.co.jp/product/item/?key_word=287EX-M
287EX-M-A,ハイロンEXパッド極小 お徳用(50ペア),HylonEX코받침초소형 대용량(50쌍),鼻パッド交換・調整,当たりと掛け心地を整えやすい,코패드 교체 및 조정,맞닿는 느낌과 착용감을 조정하기 쉬움,173400,KRW,50ペア,カタログP.81,,https://www.san-nishimura.co.jp/product/item/?key_word=287EX-M-A
287R,ハイロンRパッド(男性用),HylonR코받침(),鼻パッド交換・調整,当たりと掛け心地を整えやすい,코패드 교체 및 조정,맞닿는 느낌과 착용감을 조정하기 쉬움,37400,KRW,9ペア,カタログP.81,287R_1.jpg,https://www.san-nishimura.co.jp/product/item/%e3%83%8f%e3%82%a4%e3%83%ad%e3%83%b3r%e3%83%91%e3%83%83%e3%83%89/
287R-A,ハイロンRパッド(男性用) お徳用(50ペア),HylonR코받침() 대용량(50쌍),鼻パッド交換・調整,当たりと掛け心地を整えやすい,코패드 교체 및 조정,맞닿는 느낌과 착용감을 조정하기 쉬움,139400,KRW,50ペア,カタログP.81,,https://www.san-nishimura.co.jp/product/item/?key_word=287R-A
287S,ハイロンSパッド(女性用),HylonS코받침(),鼻パッド交換・調整,当たりと掛け心地を整えやすい,코패드 교체 및 조정,맞닿는 느낌과 착용감을 조정하기 쉬움,37400,KRW,9ペア,カタログP.81,287S_1.jpg,https://www.san-nishimura.co.jp/product/item/%e3%83%8f%e3%82%a4%e3%83%ad%e3%83%b3s%e3%83%91%e3%83%83%e3%83%89/
287S-A,ハイロンSパッド(女性用) お徳用(50ペア),HylonS코받침() 대용량(50쌍),鼻パッド交換・調整,当たりと掛け心地を整えやすい,코패드 교체 및 조정,맞닿는 느낌과 착용감을 조정하기 쉬움,139400,KRW,50ペア,カタログP.81,,https://www.san-nishimura.co.jp/product/item/?key_word=287S-A
291-B,"リフトオフコレクションテープB[291292,390,737]兼用","테이프B[291292,390,737]",作業時の保護,キズや汚れを防ぎやすい,작업 중 보호,흠집과 오염을 막기 쉬움,31300,KRW,2ヶ,カタログP.274,291-B_1.jpg,https://www.san-nishimura.co.jp/product/item/?key_word=291-B
291-C,"デージーホイールC[291,292,737]兼用","C[291,292,737]",展示・販売促進,商品やサービスを見せやすい,진열 및 판매 촉진,상품과 서비스를 보여주기 쉬움,93800,KRW,2ヶ,カタログP.274,291-C_1.jpg,https://www.san-nishimura.co.jp/product/item/?key_word=291-C
291-D,"デージーホイール(税込タイプ)D[291,292,737]兼用","(타입)D[291,292,737]",展示・販売促進,商品やサービスを見せやすい,진열 및 판매 촉진,상품과 서비스를 보여주기 쉬움,328400,KRW,2ヶ,カタログP.274,291-D_1.jpg,https://www.san-nishimura.co.jp/product/item/?key_word=291-D
298,ハンドドリルスタンド,드릴스탠드,穴あけ作業の固定補助,位置ぶれを抑えて加工しやすい,구멍 가공 고정 보조,가공 중 흔들림을 줄이기 쉬움,664700,KRW,,カタログP.211,298_1.jpg,https://www.san-nishimura.co.jp/product/item/%e3%83%8f%e3%83%b3%e3%83%89%e3%83%89%e3%83%aa%e3%83%ab%e3%82%b9%e3%82%bf%e3%83%b3%e3%83%89/
302-1,No.302ヤットコ先プラスチック(半円),No.302플라이어플라스틱 팁스틱(),ヤットコ先端交換・保護,調整時のキズを抑えやすい,플라이어 팁 교체 및 보호,조정 중 흠집을 줄이기 쉬움,6900,KRW,,,,https://www.san-nishimura.co.jp/product/item/?key_word=302-1
302-2,No.302ヤットコ先プラスチック(細長),No.302플라이어플라스틱 팁스틱(얇은),ヤットコ先端交換・保護,調整時のキズを抑えやすい,플라이어 팁 교체 및 보호,조정 중 흠집을 줄이기 쉬움,6900,KRW,,,,https://www.san-nishimura.co.jp/product/item/?key_word=302-2
303-1,No.303ヤットコ先プラスチック,No.303플라이어플라스틱 팁스틱,ヤットコ先端交換・保護,調整時のキズを抑えやすい,플라이어 팁 교체 및 보호,조정 중 흠집을 줄이기 쉬움,6900,KRW,,,,https://www.san-nishimura.co.jp/product/item/?key_word=303-1
304,ヤットコ(ニッパー小型),플라이어(니퍼소형),カット加工,狙った位置を切りやすい,절단 가공,원하는 위치를 자르기 쉬움,51000,KRW,,カタログP.147,304_1.jpg,https://www.san-nishimura.co.jp/product/item/%e3%83%8b%e3%83%83%e3%83%91%e3%83%bc%e5%b0%8f%e5%9e%8b/
305,ヤットコ(先丸・先曲),플라이어(원형),クリングス微調整,小さなパット足を正確につかみやすい,클링스 미세 조정,작은 패드 암을 정확히 잡기 쉬움,56100,KRW,,カタログP.124,305_1.jpg,https://www.san-nishimura.co.jp/product/item/%e3%83%a4%e3%83%83%e3%83%88%e3%82%b3305/
306,ハンドラップ,핸드 랩,作業補助・消耗品,店頭作業を進めやすい,작업 보조 및 소모품,매장 작업을 진행하기 쉬움,38100,KRW,,カタログP.259,306_1.jpg,https://www.san-nishimura.co.jp/product/item/%e3%83%8f%e3%83%b3%e3%83%89%e3%83%a9%e3%83%83%e3%83%97/
308-B,ヤットコ,플라이어,智固定・調整補助,フレームを安定させて角度調整しやすい,엔드피스 고정 및 조정 보조,프레임을 안정시켜 각도 조정이 쉬움,90100,KRW,,"カタログP.133,170,171",308-B_1.jpg,https://www.san-nishimura.co.jp/product/item/?key_word=308-B
308-1,No.308ヤットコ先プラスチック,No.308플라이어플라스틱 팁스틱,ヤットコ先端交換・保護,調整時のキズを抑えやすい,플라이어 팁 교체 및 보호,조정 중 흠집을 줄이기 쉬움,6900,KRW,,,308-1_1.jpg,https://www.san-nishimura.co.jp/product/item/?key_word=308-1
309,ツーポイントナット廻し,무테 투포인트너트 드라이버,ナット締め外し,小さなナットを確実に扱いやすい,너트 조임 및 분리,작은 너트를 확실하게 다루기 쉬움,1800,KRW,,カタログP.162,309_1.jpg,https://www.san-nishimura.co.jp/product/item/?key_word=309
309-A,ツーポイントナット廻し 100本入 ケース付き,무테 투포인트너트 드라이버 100개 케이스포함,ナット締め外し,小さなナットを確実に扱いやすい,너트 조임 및 분리,작은 너트를 확실하게 다루기 쉬움,176000,KRW,100本,カタログP.162,309-A_1.jpg,https://www.san-nishimura.co.jp/product/item/?key_word=309-A
310-1,アフターケア(3本入)1個,(3개)1,簡易メンテナンス提案,お渡し時の日常ケアを提案しやすい,간단한 애프터케어 제안,전달 시 일상 관리를 제안하기 쉬움,3200,KRW,3本,カタログP.163,310-1_1.jpg,https://www.san-nishimura.co.jp/product/item/?key_word=310-1
310,アフターケアセット(3本入×60個入),애프터케어 세트(3개×60개),簡易メンテナンス提案,お渡し時の日常ケアを提案しやすい,간단한 애프터케어 제안,전달 시 일상 관리를 제안하기 쉬움,187700,KRW,3本,カタログP.163,310_1.jpg,https://www.san-nishimura.co.jp/product/item/%e3%82%a2%e3%83%95%e3%82%bf%e3%83%bc%e3%82%b1%e3%82%a2%e3%82%bb%e3%83%83%e3%83%88%e2%8a%95%e2%8a%96%e3%83%8a%e3%83%83%e3%83%88%e5%bb%bb%e3%81%97%e3%83%bb3%e6%9c%ac%e5%85%a5%e3%82%8a/
310-S,アフターケアセット(3本入×20個入),애프터케어 세트(3개×20개),簡易メンテナンス提案,お渡し時の日常ケアを提案しやすい,간단한 애프터케어 제안,전달 시 일상 관리를 제안하기 쉬움,64500,KRW,3本,カタログP.163,310-S_1.jpg,https://www.san-nishimura.co.jp/product/item/?key_word=310-S
311,ピンバイス,핀 바이스,作業台・加工補助,小部品作業を安定させやすい,작업대 및 가공 보조,작은 부품 작업을 안정시키기 쉬움,40800,KRW,,カタログP.210,311_1.jpg,https://www.san-nishimura.co.jp/product/item/%e3%83%94%e3%83%b3%e3%83%90%e3%82%a4%e3%82%b9/
312-2,シリコンパットDX 大,실리콘코받침DX 대,鼻パッド交換・調整,当たりと掛け心地を整えやすい,코패드 교체 및 조정,맞닿는 느낌과 착용감을 조정하기 쉬움,51000,KRW,1ペア,カタログP.83,,https://www.san-nishimura.co.jp/product/item/?key_word=312-2
312-4,シリコンパットDX 小,실리콘코받침DX 소,鼻パッド交換・調整,当たりと掛け心地を整えやすい,코패드 교체 및 조정,맞닿는 느낌과 착용감을 조정하기 쉬움,51000,KRW,1ペア,カタログP.83,,https://www.san-nishimura.co.jp/product/item/?key_word=312-4
312-5,シリコンパットDX 極小,실리콘코받침DX 초소형,鼻パッド交換・調整,当たりと掛け心地を整えやすい,코패드 교체 및 조정,맞닿는 느낌과 착용감을 조정하기 쉬움,51000,KRW,1ペア,カタログP.83,,https://www.san-nishimura.co.jp/product/item/?key_word=312-5
312-A-2-G,シリコンパットDX 大 金(50ペア入),실리콘코받침DX 대 골드(50쌍입),鼻パッド交換・調整,当たりと掛け心地を整えやすい,코패드 교체 및 조정,맞닿는 느낌과 착용감을 조정하기 쉬움,144500,KRW,50ペア,カタログP.83,,https://www.san-nishimura.co.jp/product/item/?key_word=312-A-2-G
312-A-2-W,シリコンパットDX 大 銀(50ペア入),실리콘코받침DX 대 실버(50쌍입),鼻パッド交換・調整,当たりと掛け心地を整えやすい,코패드 교체 및 조정,맞닿는 느낌과 착용감을 조정하기 쉬움,144500,KRW,50ペア,カタログP.83,,https://www.san-nishimura.co.jp/product/item/?key_word=312-A-2-W
312-A-4-G,シリコンパットDX 小 金(50ペア入),실리콘코받침DX 소 골드(50쌍입),鼻パッド交換・調整,当たりと掛け心地を整えやすい,코패드 교체 및 조정,맞닿는 느낌과 착용감을 조정하기 쉬움,144500,KRW,50ペア,カタログP.83,,https://www.san-nishimura.co.jp/product/item/?key_word=312-A-4-G
312-A-4-W,シリコンパットDX 小 銀(50ペア入),실리콘코받침DX 소 실버(50쌍입),鼻パッド交換・調整,当たりと掛け心地を整えやすい,코패드 교체 및 조정,맞닿는 느낌과 착용감을 조정하기 쉬움,144500,KRW,50ペア,カタログP.83,,https://www.san-nishimura.co.jp/product/item/?key_word=312-A-4-W
312-A-5-G,シリコンパットDX 極小 金(50ペア入),실리콘코받침DX 초소형 골드(50쌍입),鼻パッド交換・調整,当たりと掛け心地を整えやすい,코패드 교체 및 조정,맞닿는 느낌과 착용감을 조정하기 쉬움,144500,KRW,50ペア,カタログP.83,,https://www.san-nishimura.co.jp/product/item/?key_word=312-A-5-G
312-A-5-W,シリコンパットDX 極小 銀(50ペア入),실리콘코받침DX 초소형 실버(50쌍입),鼻パッド交換・調整,当たりと掛け心地を整えやすい,코패드 교체 및 조정,맞닿는 느낌과 착용감을 조정하기 쉬움,144500,KRW,50ペア,カタログP.83,,https://www.san-nishimura.co.jp/product/item/?key_word=312-A-5-W
313,シリコンモダンDXセット,실리콘팁DX세트,モダン交換,耳まわりの掛け心地と見た目を整えやすい,모던 교체,귀 주변 착용감과 외관을 정돈하기 쉬움,51000,KRW,,カタログP.73,313_1.jpg,https://www.san-nishimura.co.jp/product/item/?key_word=313
313-BK,シリコンモダンDXセット(ブラック),실리콘팁DX세트(블랙),モダン交換,耳まわりの掛け心地と見た目を整えやすい,모던 교체,귀 주변 착용감과 외관을 정돈하기 쉬움,51000,KRW,,,313-BK_1.jpg,https://www.san-nishimura.co.jp/product/item/?key_word=313-BK
313-BR,シリコンモダンDXセット(ブラウン),실리콘팁DX세트(브라운),モダン交換,耳まわりの掛け心地と見た目を整えやすい,모던 교체,귀 주변 착용감과 외관을 정돈하기 쉬움,51000,KRW,,,313-BR_1.jpg,https://www.san-nishimura.co.jp/product/item/?key_word=313-BR
315,ジュニアケーブルセット,케이블세트,ケーブルテンプル化,耳まわりの保持を高めやすい,케이블 템플 전환,귀 주변 고정을 높이기 쉬움,53000,KRW,5ペア,カタログP.73,315_1.jpg,https://www.san-nishimura.co.jp/product/item/?key_word=315
315-B,ジュニアケ-ブルFセット(ブルー),- F세트(블루),ケーブルテンプル化,耳まわりの保持を高めやすい,케이블 템플 전환,귀 주변 고정을 높이기 쉬움,53000,KRW,,,315-B_1.jpg,https://www.san-nishimura.co.jp/product/item/?key_word=315-B
315-BE,ジュニアケ-ブルFセット(ベージュ),- F세트(베이지),ケーブルテンプル化,耳まわりの保持を高めやすい,케이블 템플 전환,귀 주변 고정을 높이기 쉬움,53000,KRW,,,315-BE_1.jpg,https://www.san-nishimura.co.jp/product/item/?key_word=315-BE
315-BK,ジュニアケ-ブルFセット(ブラック),- F세트(블랙),ケーブルテンプル化,耳まわりの保持を高めやすい,케이블 템플 전환,귀 주변 고정을 높이기 쉬움,53000,KRW,,,315-BK_1.jpg,https://www.san-nishimura.co.jp/product/item/?key_word=315-BK
315-BR,ジュニアケ-ブルFセット(ブラウン),- F세트(브라운),ケーブルテンプル化,耳まわりの保持を高めやすい,케이블 템플 전환,귀 주변 고정을 높이기 쉬움,53000,KRW,,,315-BR_1.jpg,https://www.san-nishimura.co.jp/product/item/?key_word=315-BR
315-GL,ジュニアケ-ブルFセット(グレー),- F세트(그레이),ケーブルテンプル化,耳まわりの保持を高めやすい,케이블 템플 전환,귀 주변 고정을 높이기 쉬움,53000,KRW,,,315-GL_1.jpg,https://www.san-nishimura.co.jp/product/item/?key_word=315-GL
315-GR,ジュニアケ-ブルFセット(グリーン),- F세트(그린),ケーブルテンプル化,耳まわりの保持を高めやすい,케이블 템플 전환,귀 주변 고정을 높이기 쉬움,53000,KRW,,,315-GR_1.jpg,https://www.san-nishimura.co.jp/product/item/?key_word=315-GR
315-NB,ジュニアケ-ブルFセット(ネイビー),- F세트(네이비),ケーブルテンプル化,耳まわりの保持を高めやすい,케이블 템플 전환,귀 주변 고정을 높이기 쉬움,53000,KRW,,,315-NB_1.jpg,https://www.san-nishimura.co.jp/product/item/?key_word=315-NB
315-R,ジュニアケ-ブルFセット(エンジ),- F세트(),ケーブルテンプル化,耳まわりの保持を高めやすい,케이블 템플 전환,귀 주변 고정을 높이기 쉬움,53000,KRW,,,315-R_1.jpg,https://www.san-nishimura.co.jp/product/item/?key_word=315-R
315-RE,ジュニアケ-ブルFセット(レッド),- F세트(레드),ケーブルテンプル化,耳まわりの保持を高めやすい,케이블 템플 전환,귀 주변 고정을 높이기 쉬움,53000,KRW,,,315-RE_1.jpg,https://www.san-nishimura.co.jp/product/item/?key_word=315-RE
315-V,ジュニアケ-ブルFセット(バイオレット),- F세트(),ケーブルテンプル化,耳まわりの保持を高めやすい,케이블 템플 전환,귀 주변 고정을 높이기 쉬움,53000,KRW,,,315-V_1.jpg,https://www.san-nishimura.co.jp/product/item/?key_word=315-V
323-BK,メガロックミニ ブラック,Mega잠금미니 블랙,ズレ落ち防止,日常の掛け心地を安定させやすい,흘러내림 방지,일상 착용감을 안정시키기 쉬움,54400,KRW,2ペア,カタログP.75,323-BK_1.png,https://www.san-nishimura.co.jp/product/item/%e3%83%a1%e3%82%ac%e3%83%ad%e3%83%83%e3%82%afm%e3%83%9f%e3%83%8b/
323-BR,メガロックミニ ブラウン,Mega잠금미니 브라운,ズレ落ち防止,日常の掛け心地を安定させやすい,흘러내림 방지,일상 착용감을 안정시키기 쉬움,54400,KRW,2ペア,カタログP.75,323-BR_1.jpg,https://www.san-nishimura.co.jp/product/item/%e3%83%a1%e3%82%ac%e3%83%ad%e3%83%83%e3%82%afm%e3%83%9f%e3%83%8b/
323-GR,メガロックミニ グリーン,Mega잠금미니 그린,ズレ落ち防止,日常の掛け心地を安定させやすい,흘러내림 방지,일상 착용감을 안정시키기 쉬움,54400,KRW,2ペア,カタログP.75,323-GR_1.jpg,https://www.san-nishimura.co.jp/product/item/%e3%83%a1%e3%82%ac%e3%83%ad%e3%83%83%e3%82%afm%e3%83%9f%e3%83%8b/
325,ロックホルダー(ロウ付用),잠금홀더(포함),ロウ付け・加熱補修,必要箇所を固定・補修しやすい,납땜 및 가열 보수,필요한 부위를 고정·보수하기 쉬움,27400,KRW,,カタログP.235,325_1.jpg,https://www.san-nishimura.co.jp/product/item/?key_word=325
329,IIPビット 2.5mm,IIP 2.5mm,ナット締め外し,小さなナットを確実に扱いやすい,너트 조임 및 분리,작은 너트를 확실하게 다루기 쉬움,3900,KRW,,カタログP.162,329_1.jpg,https://www.san-nishimura.co.jp/product/item/%e3%83%91%e3%83%83%e3%83%88%e3%82%bb%e3%83%83%e3%83%88g%e3%83%bbw/
332,サン消泡剤,소포제,レンズ加工環境の処理,清掃や設備管理を行いやすい,렌즈 가공 환경 처리,청소와 장비 관리를 하기 쉬움,50800,KRW,,カタログP.252,332_1.jpg,https://www.san-nishimura.co.jp/product/item/%e3%82%b5%e3%83%b3%e6%b6%88%e6%b3%a1%e5%89%a4/
333,サンハードナー,하드,レンズ加工くずの固化,清掃・廃棄をしやすくする,렌즈 가공 찌꺼기 고형화,청소와 폐기를 쉽게 함,39100,KRW,,カタログP.252,333_1.jpg,https://www.san-nishimura.co.jp/product/item/%e3%82%b5%e3%83%b3%e3%83%8f%e3%83%bc%e3%83%89%e3%83%8a%e3%83%bc/
335-B,ヤットコ,플라이어,レンズサイズ確認,レンズ合わせと検品を効率化しやすい,렌즈 사이즈 확인,렌즈 맞춤과 검품을 효율화하기 쉬움,74800,KRW,,"カタログP.133,171",335-B_1.jpg,https://www.san-nishimura.co.jp/product/item/?key_word=335-B
335-1,No.335ヤットコ先プラスチック,No.335플라이어플라스틱 팁스틱,ヤットコ先端交換・保護,調整時のキズを抑えやすい,플라이어 팁 교체 및 보호,조정 중 흠집을 줄이기 쉬움,6900,KRW,,,335-1_1.jpg,https://www.san-nishimura.co.jp/product/item/?key_word=335-1
336,ツーポネジ締め台,나사,ツーポイント固定・補修,寸法を合わせて外れを補修しやすい,무테 프레임 고정 및 보수,치수를 맞춰 이탈 부위를 보수하기 쉬움,185700,KRW,,カタログP.215,336_1.jpg,https://www.san-nishimura.co.jp/product/item/%e3%83%84%e3%83%bc%e3%83%9d%e3%83%8d%e3%82%b8%e7%b7%a0%e3%82%81%e5%8f%b0/
336-A,ドライバー先 +2.0mm,드라이버 +2.0mm,ネジ調整,日常修理をスムーズにしやすい,나사 조정,일상 수리를 원활하게 하기 쉬움,7800,KRW,1本,カタログP.215,336-A_1.jpg,https://www.san-nishimura.co.jp/product/item/?key_word=336-A
336-B,ドライバー先 -2.0mm,드라이버 -2.0mm,ネジ調整,日常修理をスムーズにしやすい,나사 조정,일상 수리를 원활하게 하기 쉬움,7800,KRW,,カタログP.215,336-B_1.jpg,https://www.san-nishimura.co.jp/product/item/?key_word=336-B
336-C,六角ナット廻し 2.3mm,육각 너트 2.3mm,ナット締め外し,小さなナットを確実に扱いやすい,너트 조임 및 분리,작은 너트를 확실하게 다루기 쉬움,10900,KRW,,カタログP.215,336-C_1.jpg,https://www.san-nishimura.co.jp/product/item/%e3%83%84%e3%83%bc%e3%83%9d%e3%83%8d%e3%82%b8%e7%b7%a0%e3%82%81%e5%8f%b0/
336-D,六角ナット廻し 2.6mm,육각 너트 2.6mm,ナット締め外し,小さなナットを確実に扱いやすい,너트 조임 및 분리,작은 너트를 확실하게 다루기 쉬움,10900,KRW,4個,カタログP.215,336-D_1.jpg,https://www.san-nishimura.co.jp/product/item/?key_word=336-D
336-E,六角ナット廻し 2.0mm,육각 너트 2.0mm,ナット締め外し,小さなナットを確実に扱いやすい,너트 조임 및 분리,작은 너트를 확실하게 다루기 쉬움,10900,KRW,4個,カタログP.215,336-E_1.jpg,https://www.san-nishimura.co.jp/product/item/?key_word=336-E
336-F,ゴムパッキン(4個入),고무 (4개),機器部品交換・補修,機器を使い続けやすい,장비 부품 교체 및 보수,장비를 계속 사용하기 쉬움,3100,KRW,4個,カタログP.215,336-F_1.jpg,https://www.san-nishimura.co.jp/product/item/?key_word=336-F
338-A,ヤットコ,플라이어,リム形状調整,レンズ合わせを安定させやすい,림 형상 조정,렌즈 맞춤을 안정시키기 쉬움,81600,KRW,,,,https://www.san-nishimura.co.jp/product/item/%e3%83%a4%e3%83%83%e3%83%88%e3%82%b3-338/
338-B,ヤットコ,플라이어,フレーム調整・部品保持,狙った部分を安定してつかみやすい,프레임 조정 및 부품 고정,원하는 부분을 안정적으로 잡기 쉬움,54400,KRW,,,,https://www.san-nishimura.co.jp/product/item/?key_word=338-B
339,鉄製ツーポナット廻し,철제 너트 드라이버,ナット締め外し,小さなナットを確実に扱いやすい,너트 조임 및 분리,작은 너트를 확실하게 다루기 쉬움,4900,KRW,300本,カタログP.162,339_1.jpg,https://www.san-nishimura.co.jp/product/item/%c2%b1redn-%e3%83%8d%e3%82%b8w-2/
343,サン消臭剤,탈취제,レンズ加工環境の処理,清掃や設備管理を行いやすい,렌즈 가공 환경 처리,청소와 장비 관리를 하기 쉬움,68400,KRW,,カタログP.252,343_1.jpg,https://www.san-nishimura.co.jp/product/item/%e3%82%b5%e3%83%b3%e6%b6%88%e8%87%ad%e5%89%a4/
344,ポリカ、ネジゆるみ止め,、나사풀림 방지,接着・ゆるみ止め,補修後の固定を安定させやすい,접착 및 풀림 방지,보수 후 고정을 안정시키기 쉬움,17600,KRW,,カタログP.263,344_1.jpg,https://www.san-nishimura.co.jp/product/item/%e3%83%9d%e3%83%aa%e3%82%ab%e3%83%bb%e3%83%8d%e3%82%b8%e3%82%86%e3%82%8b%e3%81%bf%e6%ad%a2%e3%82%81/
345-A,ゴム丈,고무,機器部品交換・補修,機器を使い続けやすい,장비 부품 교체 및 보수,장비를 계속 사용하기 쉬움,7800,KRW,,,,https://www.san-nishimura.co.jp/product/item/?key_word=345-A
348,小型ピンセット(ネジつかみ),소형핀셋(나사),小部品保持,細かな部品を落とさず扱いやすい,작은 부품 집기,작은 부품을 떨어뜨리지 않고 다루기 쉬움,35200,KRW,,カタログP.167,348_1.jpg,https://www.san-nishimura.co.jp/product/item/%e3%83%94%e3%83%b3%e3%82%bb%e3%83%83%e3%83%88-348/
350-1,アフターケアセット(2本入)1個,애프터케어 세트(2개)1,簡易メンテナンス提案,お渡し時の日常ケアを提案しやすい,간단한 애프터케어 제안,전달 시 일상 관리를 제안하기 쉬움,2600,KRW,2本,カタログP.163,350-1_1.jpg,https://www.san-nishimura.co.jp/product/item/?key_word=350-1
350,アフターケアセット(2本入×60個入),애프터케어 세트(2개×60개),簡易メンテナンス提案,お渡し時の日常ケアを提案しやすい,간단한 애프터케어 제안,전달 시 일상 관리를 제안하기 쉬움,163200,KRW,2本,カタログP.163,350_1.jpg,https://www.san-nishimura.co.jp/product/item/%e3%82%a2%e3%83%95%e3%82%bf%e3%83%bc%e3%82%b1%e3%82%a2%e3%82%bb%e3%83%83%e3%83%88%e2%8a%95%e3%83%8a%e3%83%83%e3%83%88%e5%bb%bb%e3%81%97%e3%83%bb2%e6%9c%ac%e5%85%a5%e3%82%8a/
350-S,アフターケアセット(2本入×20個入),애프터케어 세트(2개×20개),簡易メンテナンス提案,お渡し時の日常ケアを提案しやすい,간단한 애프터케어 제안,전달 시 일상 관리를 제안하기 쉬움,55800,KRW,2本,カタログP.163,350-S_1.jpg,https://www.san-nishimura.co.jp/product/item/?key_word=350-S
351,ヤットコ,플라이어,テンプル開き調整,左右の開きと掛け心地を整えやすい,템플 벌어짐 조정,좌우 벌어짐과 착용감을 맞추기 쉬움,74800,KRW,,カタログP.137,351_1.jpg,https://www.san-nishimura.co.jp/product/item/%e3%83%a4%e3%83%83%e3%83%88%e3%82%b3351/
351-1,No.351ヤットコ先プラスチック,No.351플라이어플라스틱 팁스틱,ヤットコ先端交換・保護,調整時のキズを抑えやすい,플라이어 팁 교체 및 보호,조정 중 흠집을 줄이기 쉬움,6900,KRW,,,,https://www.san-nishimura.co.jp/product/item/?key_word=351-1
352,ヤットコ,플라이어,ブリッジ角度調整,前面バランスを整えやすい,브리지 각도 조정,전면 밸런스를 맞추기 쉬움,90100,KRW,,"カタログP.139,170,171",352_1.jpg,https://www.san-nishimura.co.jp/product/item/%e3%83%a4%e3%83%83%e3%83%88%e3%82%b3352/
352-P,ヤットコ(プレミアムライン),플라이어(프리미엄 라인),ブリッジ角度調整,前面バランスを整えやすい,브리지 각도 조정,전면 밸런스를 맞추기 쉬움,146200,KRW,,カタログP.139,352-P_1.jpg,https://www.san-nishimura.co.jp/product/item/?key_word=352-P
352-1,No.352ヤットコ先プラスチック(凹),No.352플라이어플라스틱 팁스틱(오목),ヤットコ先端交換・保護,調整時のキズを抑えやすい,플라이어 팁 교체 및 보호,조정 중 흠집을 줄이기 쉬움,6900,KRW,,,,https://www.san-nishimura.co.jp/product/item/?key_word=352-1
352-2,No.352ヤットコ先プラスチック(凸),No.352플라이어플라스틱 팁스틱(볼록),ヤットコ先端交換・保護,調整時のキズを抑えやすい,플라이어 팁 교체 및 보호,조정 중 흠집을 줄이기 쉬움,6900,KRW,,,,https://www.san-nishimura.co.jp/product/item/?key_word=352-2
353-1,アフターケア(2本入)1個,(2개)1,簡易メンテナンス提案,お渡し時の日常ケアを提案しやすい,간단한 애프터케어 제안,전달 시 일상 관리를 제안하기 쉬움,5700,KRW,2本,カタログP.163,353-1_1.jpg,https://www.san-nishimura.co.jp/product/item/?key_word=353-1
353,アフターケアセット(2本入×60個入),애프터케어 세트(2개×60개),簡易メンテナンス提案,お渡し時の日常ケアを提案しやすい,간단한 애프터케어 제안,전달 시 일상 관리를 제안하기 쉬움,332400,KRW,2本,カタログP.163,353_1.jpg,https://www.san-nishimura.co.jp/product/item/%e3%82%a2%e3%83%95%e3%82%bf%e3%83%bc%e3%82%b1%e3%82%a2%e3%82%bb%e3%83%83%e3%83%88%e2%8a%95%e9%89%84%e8%a3%bd%e3%83%8a%e3%83%83%e3%83%88%e5%bb%bb%e3%81%97%e3%83%bb2%e6%9c%ac%e5%85%a5%e3%82%8a/
354,橙頭ドライバーナット廻し(六角),드라이버너트 드라이버(각형),ネジ調整,日常修理をスムーズにしやすい,나사 조정,일상 수리를 원활하게 하기 쉬움,18500,KRW,,"カタログP.151,171",354_1.jpg,https://www.san-nishimura.co.jp/product/item/?key_word=354
354G,橙頭ドライバーナット廻し(六角)グリップ付,드라이버너트 드라이버(각형)그립포함,ネジ調整,日常修理をスムーズにしやすい,나사 조정,일상 수리를 원활하게 하기 쉬움,21400,KRW,,カタログP.151,354G_1.jpg,https://www.san-nishimura.co.jp/product/item/?key_word=354G
356,ヤットコ,플라이어,鼻パッド角度調整,取付金具を安定してつかみやすい,코패드 각도 조정,장착 금구를 안정적으로 잡기 쉬움,74800,KRW,,"カタログP.131,170,171",,https://www.san-nishimura.co.jp/product/item/?key_word=356
356-P,ヤットコ(プレミアムライン),플라이어(프리미엄 라인),智固定・調整補助,フレームを安定させて角度調整しやすい,엔드피스 고정 및 조정 보조,프레임을 안정시켜 각도 조정이 쉬움,151300,KRW,,カタログP.131,356-P_1.jpg,https://www.san-nishimura.co.jp/product/item/%e3%83%97%e3%83%ac%e3%83%9f%e3%82%a2%e3%83%a0%e3%83%a4%e3%83%83%e3%83%88%e3%82%b3-356p/
356-1,No.356ヤットコ先プラスチック(ブルー)(1組中1ヶ分),No.356플라이어플라스틱 팁스틱(블루)(1 중1),ヤットコ先端交換・保護,調整時のキズを抑えやすい,플라이어 팁 교체 및 보호,조정 중 흠집을 줄이기 쉬움,6900,KRW,1組,,356-1_1.jpg,https://www.san-nishimura.co.jp/product/item/?key_word=356-1
357,ヤットコ,플라이어,カット加工,狙った位置を切りやすい,절단 가공,원하는 위치를 자르기 쉬움,141100,KRW,,カタログP.125,357_1.jpg,https://www.san-nishimura.co.jp/product/item/%e3%83%a4%e3%83%83%e3%83%88%e3%82%b3357/
358-A,ヤットコ,플라이어,フレーム調整・部品保持,狙った部分を安定してつかみやすい,프레임 조정 및 부품 고정,원하는 부분을 안정적으로 잡기 쉬움,81600,KRW,,,358-A_1.jpg,https://www.san-nishimura.co.jp/product/item/?key_word=358-A
358-B,ヤットコ,플라이어,フレーム調整・部品保持,狙った部分を安定してつかみやすい,프레임 조정 및 부품 고정,원하는 부분을 안정적으로 잡기 쉬움,81600,KRW,,,358-B_1.jpg,https://www.san-nishimura.co.jp/product/item/?key_word=358-B
358-1,No.358ヤットコ先プラスチック,No.358플라이어플라스틱 팁스틱,ヤットコ先端交換・保護,調整時のキズを抑えやすい,플라이어 팁 교체 및 보호,조정 중 흠집을 줄이기 쉬움,6900,KRW,,,,https://www.san-nishimura.co.jp/product/item/?key_word=358-1
359-1,No.359ヤットコ先プラスチックブルー(丸),No.359플라이어플라스틱 팁스틱블루(원형),ヤットコ先端交換・保護,調整時のキズを抑えやすい,플라이어 팁 교체 및 보호,조정 중 흠집을 줄이기 쉬움,6900,KRW,,,,https://www.san-nishimura.co.jp/product/item/?key_word=359-1
359-2,No.359ヤットコ先プラスチックブルー(角),No.359플라이어플라스틱 팁스틱블루(각형),ヤットコ先端交換・保護,調整時のキズを抑えやすい,플라이어 팁 교체 및 보호,조정 중 흠집을 줄이기 쉬움,6900,KRW,,,,https://www.san-nishimura.co.jp/product/item/?key_word=359-2
360,トルクドライバー(2本入),드라이버(2개),ネジ調整,日常修理をスムーズにしやすい,나사 조정,일상 수리를 원활하게 하기 쉬움,121200,KRW,2本,カタログP.157,360_1.jpg,https://www.san-nishimura.co.jp/product/item/%e3%83%88%e3%83%ab%e3%82%af%e3%83%89%e3%83%a9%e3%82%a4%e3%83%90%e3%83%bc/
362-A,テグス(ナイロールフレーム用)0.5mmトーメイ,(롤프레임)0.5mm,ナイロール用テグス交換,レンズを安定して固定しやすい,나일론 림 줄 교체,렌즈를 안정적으로 고정하기 쉬움,11500,KRW,,,362-A_1.jpg,https://www.san-nishimura.co.jp/product/item/?key_word=362-A
362-A30,テグス(ナイロールフレーム用)0.5mmトーメイ お徳用30M,(롤프레임)0.5mm 대용량30M,ナイロール用テグス交換,レンズを安定して固定しやすい,나일론 림 줄 교체,렌즈를 안정적으로 고정하기 쉬움,27000,KRW,,カタログP.60,362-A30_1.jpg,https://www.san-nishimura.co.jp/product/item/?key_word=362-A30
362-A50,テグス(ナイロールフレーム用)0.5mm トーメイお徳用50M,(롤프레임)0.5mm 대용량50M,ナイロール用テグス交換,レンズを安定して固定しやすい,나일론 림 줄 교체,렌즈를 안정적으로 고정하기 쉬움,35700,KRW,,カタログP.60,362-A50_1.jpg,https://www.san-nishimura.co.jp/product/item/?key_word=362-A50
362-C,テグス(ナイロールフレーム用)0.5mmグリーン,(롤프레임)0.5mm그린,ナイロール用テグス交換,レンズを安定して固定しやすい,나일론 림 줄 교체,렌즈를 안정적으로 고정하기 쉬움,11500,KRW,,,362-C_1.jpg,https://www.san-nishimura.co.jp/product/item/?key_word=362-C
368,ヤットコ(先平),플라이어(평면),クリングス微調整,小さなパット足を正確につかみやすい,클링스 미세 조정,작은 패드 암을 정확히 잡기 쉬움,74800,KRW,,カタログP.123,368_1.jpg,https://www.san-nishimura.co.jp/product/item/%e3%83%a4%e3%83%83%e3%83%88%e3%82%b3368/
369,スーパーリキット,슈퍼 리퀴드,接着・ゆるみ止め,補修後の固定を安定させやすい,접착 및 풀림 방지,보수 후 고정을 안정시키기 쉬움,15600,KRW,,カタログP.263,369_1.jpg,https://www.san-nishimura.co.jp/product/item/%e3%82%b9%e3%83%bc%e3%83%91%e3%83%bc%e3%83%aa%e3%82%ad%e3%83%83%e3%83%88/
371-N,ヌレテ-ル(クリーナー),- (클리너),清掃・仕上げ,お渡し前の見た目を整えやすい,청소 및 최종 마감,전달 전 외관을 정돈하기 쉬움,95800,KRW,,カタログP.94,371-N_1.jpg,https://www.san-nishimura.co.jp/product/item/%e3%83%8c%e3%83%ac%e3%83%86%e3%83%bc%e3%83%ab/
372,ヤットコ(ニッパー),플라이어(니퍼),カット加工,狙った位置を切りやすい,절단 가공,원하는 위치를 자르기 쉬움,86700,KRW,,カタログP.147,372_1.jpg,https://www.san-nishimura.co.jp/product/item/%e3%83%8b%e3%83%83%e3%83%91%e3%83%bc-2/
379,ヤットコ,플라이어,パッド取り外し・交換,細かなパッド部品を扱いやすい,패드 분리 및 교체,작은 패드 부품을 다루기 쉬움,85000,KRW,,"カタログP.143,161,170",379_1.jpg,https://www.san-nishimura.co.jp/product/item/%e3%83%a4%e3%83%83%e3%83%88%e3%82%b3379/
382,シリコンモダンスリム,실리콘팁,モダン交換,耳まわりの掛け心地と見た目を整えやすい,모던 교체,귀 주변 착용감과 외관을 정돈하기 쉬움,54400,KRW,5ペア,カタログP.73,382_1.jpg,https://www.san-nishimura.co.jp/product/item/?key_word=382
382-BK,シリコン・モダンスリム(ブラック・BK),실리콘 팁 (블랙 BK),モダン交換,耳まわりの掛け心地と見た目を整えやすい,모던 교체,귀 주변 착용감과 외관을 정돈하기 쉬움,54400,KRW,,,382-BK_1.jpg,https://www.san-nishimura.co.jp/product/item/?key_word=382-BK
382-BR,シリコン・モダンスリム(ブラウン・BR),실리콘 팁 (브라운 BR),モダン交換,耳まわりの掛け心地と見た目を整えやすい,모던 교체,귀 주변 착용감과 외관을 정돈하기 쉬움,54400,KRW,,,382-BR_1.jpg,https://www.san-nishimura.co.jp/product/item/?key_word=382-BR
382-CL,シリコン・モダンスリム(クリアー・CL),실리콘 팁 (클리어 CL),モダン交換,耳まわりの掛け心地と見た目を整えやすい,모던 교체,귀 주변 착용감과 외관을 정돈하기 쉬움,54400,KRW,,,382-CL_1.jpg,https://www.san-nishimura.co.jp/product/item/?key_word=382-CL
382-DM,シリコン・モダンスリム(デミアンバー・DBR),실리콘 팁 (데미 앰버 DBR),モダン交換,耳まわりの掛け心地と見た目を整えやすい,모던 교체,귀 주변 착용감과 외관을 정돈하기 쉬움,54400,KRW,,,382-DM_1.jpg,https://www.san-nishimura.co.jp/product/item/?key_word=382-DM
382-PB,シリコン・モダンスリム(パールベージュ・PBE),실리콘 팁 (베이지 PBE),モダン交換,耳まわりの掛け心地と見た目を整えやすい,모던 교체,귀 주변 착용감과 외관을 정돈하기 쉬움,54400,KRW,,,382-PB_1.jpg,https://www.san-nishimura.co.jp/product/item/?key_word=382-PB
383,工具台(木製),공구대(),工具整理・収納,必要な工具を取り出しやすい,공구 정리 및 수납,필요한 공구를 꺼내기 쉬움,57800,KRW,,"カタログP.169,171",383_1.jpg,https://www.san-nishimura.co.jp/product/item/%e5%b7%a5%e5%85%b7%e5%8f%b0-2/
386,ヤットコ,플라이어,智固定・調整補助,フレームを安定させて角度調整しやすい,엔드피스 고정 및 조정 보조,프레임을 안정시켜 각도 조정이 쉬움,113900,KRW,,"カタログP.133,171",386_1.jpg,https://www.san-nishimura.co.jp/product/item/?key_word=386
386-1,No.386ヤットコ先プラスチック,No.386플라이어플라스틱 팁스틱,ヤットコ先端交換・保護,調整時のキズを抑えやすい,플라이어 팁 교체 및 보호,조정 중 흠집을 줄이기 쉬움,6900,KRW,,,,https://www.san-nishimura.co.jp/product/item/?key_word=386-1
388,レンズセレクト,렌즈,検査・測定,状態確認と加工判断をしやすい,검사 및 측정,상태 확인과 가공 판단이 쉬움,11700,KRW,,カタログP.175,388_1.jpg,https://www.san-nishimura.co.jp/product/item/%e3%83%ac%e3%83%b3%e3%82%ba%e3%82%bb%e3%83%ac%e3%82%af%e3%83%88/
393-A,スポーツバンドキッド,스포츠 밴드 키트,眼鏡固定,動いてもズレ落ちを防ぎやすい,안경 고정,움직일 때 흘러내림을 줄이기 쉬움,88000,KRW,,カタログP.100,393-A_1.jpg,https://www.san-nishimura.co.jp/product/item/?key_word=393-A
393-B,スポーツバンドキッド(ブラック/ネイビー),스포츠 밴드 키트(블랙/네이비),眼鏡固定,動いてもズレ落ちを防ぎやすい,안경 고정,움직일 때 흘러내림을 줄이기 쉬움,88000,KRW,,カタログP.100,393-B_1.jpg,https://www.san-nishimura.co.jp/product/item/?key_word=393-B
393-BK,スポーツバンドキッド(ブラック)単品,스포츠 밴드 키트(블랙),眼鏡固定,動いてもズレ落ちを防ぎやすい,안경 고정,움직일 때 흘러내림을 줄이기 쉬움,7300,KRW,,カタログP.100,393-BK_1.jpg,https://www.san-nishimura.co.jp/product/item/?key_word=393-BK
393-GR,スポーツバンドキッド(グリーン)単品,스포츠 밴드 키트(그린),眼鏡固定,動いてもズレ落ちを防ぎやすい,안경 고정,움직일 때 흘러내림을 줄이기 쉬움,7300,KRW,,カタログP.100,393-GR_1.jpg,https://www.san-nishimura.co.jp/product/item/?key_word=393-GR
393-NB,スポーツバンドキッド(ネイビー)単品,스포츠 밴드 키트(네이비),眼鏡固定,動いてもズレ落ちを防ぎやすい,안경 고정,움직일 때 흘러내림을 줄이기 쉬움,7300,KRW,,カタログP.100,393-NB_1.jpg,https://www.san-nishimura.co.jp/product/item/?key_word=393-NB
393-RE,スポーツバンドキッド(レッド)単品,스포츠 밴드 키트(레드),眼鏡固定,動いてもズレ落ちを防ぎやすい,안경 고정,움직일 때 흘러내림을 줄이기 쉬움,7300,KRW,,カタログP.100,393-RE_1.jpg,https://www.san-nishimura.co.jp/product/item/?key_word=393-RE
393-WN,スポーツバンドキッド(ワイン)単品,스포츠 밴드 키트(와인),眼鏡固定,動いてもズレ落ちを防ぎやすい,안경 고정,움직일 때 흘러내림을 줄이기 쉬움,7300,KRW,,カタログP.100,393-WN_1.jpg,https://www.san-nishimura.co.jp/product/item/?key_word=393-WN
395-B,ヤットコ(小型),플라이어(소형),鼻パッド角度調整,取付金具を安定してつかみやすい,코패드 각도 조정,장착 금구를 안정적으로 잡기 쉬움,103700,KRW,,"カタログP.129,170,171,172",395-B_1.jpg,https://www.san-nishimura.co.jp/product/item/?key_word=395-B
397-A,ヤットコ先カバー(3mm),플라이어 (3mm),ヤットコ先端交換・保護,調整時のキズを抑えやすい,플라이어 팁 교체 및 보호,조정 중 흠집을 줄이기 쉬움,6900,KRW,8本,カタログP.119,397-A_1.jpg,https://www.san-nishimura.co.jp/product/item/?key_word=397-A
397-C,ヤットコ先カバー(5mm),플라이어 (5mm),ヤットコ先端交換・保護,調整時のキズを抑えやすい,플라이어 팁 교체 및 보호,조정 중 흠집을 줄이기 쉬움,6900,KRW,6本,カタログP.119,397-C_1.jpg,https://www.san-nishimura.co.jp/product/item/?key_word=397-C
399-2-CL,クッションハイロンパット大 クリアー,쿠션Hylon코받침대 클리어,鼻パッド交換・調整,当たりと掛け心地を整えやすい,코패드 교체 및 조정,맞닿는 느낌과 착용감을 조정하기 쉬움,53600,KRW,1ペア,カタログP.82,399-2-CL_1.jpg,https://www.san-nishimura.co.jp/product/item/?key_word=399-2-CL
399-4-CL,クッションハイロンパット小 クリアー,쿠션Hylon코받침소 클리어,鼻パッド交換・調整,当たりと掛け心地を整えやすい,코패드 교체 및 조정,맞닿는 느낌과 착용감을 조정하기 쉬움,53600,KRW,1ペア,カタログP.82,399-4-CL_1.jpg,https://www.san-nishimura.co.jp/product/item/?key_word=399-4-CL
399-A-2-CL,クッションハイロンパット大 クリアー 50ペア,쿠션Hylon코받침대 클리어 50쌍,鼻パッド交換・調整,当たりと掛け心地を整えやすい,코패드 교체 및 조정,맞닿는 느낌과 착용감을 조정하기 쉬움,142100,KRW,50ペア,カタログP.82,,https://www.san-nishimura.co.jp/product/item/?key_word=399-A-2-CL
399-A-4-CL,クッションハイロンパット小 クリアー 50ペア,쿠션Hylon코받침소 클리어 50쌍,鼻パッド交換・調整,当たりと掛け心地を整えやすい,코패드 교체 및 조정,맞닿는 느낌과 착용감을 조정하기 쉬움,142100,KRW,50ペア,カタログP.82,,https://www.san-nishimura.co.jp/product/item/?key_word=399-A-4-CL
423,ひらがな万国式近点表(中村氏),(중),近距離視力の確認,近用の見え方を確認しやすい,근거리 시력 확인,근용 시야를 확인하기 쉬움,69700,KRW,,カタログP.197,423_1.jpg,https://www.san-nishimura.co.jp/product/item/%e3%81%b2%e3%82%89%e3%81%8c%e3%81%aa%e4%b8%87%e5%9b%bd%e5%bc%8f%e8%bf%91%e7%82%b9%e8%a1%a8/
426,軽量万能試験枠,경량 만능 시험테,試験枠での検眼,装用位置を合わせて確認しやすい,시험테 검안,착용 위치를 맞춰 확인하기 쉬움,374000,KRW,,カタログP.189,426_1.jpg,https://www.san-nishimura.co.jp/product/item/%e8%bb%bd%e9%87%8f%e5%bc%8f%e4%b8%89%e9%87%8d%e5%9b%ba%e5%ae%9a%e8%a9%a6%e9%a8%93%e6%9e%a0-2/
434-56,軽量式三重固定試験枠56,56,試験枠での検眼,装用位置を合わせて確認しやすい,시험테 검안,착용 위치를 맞춰 확인하기 쉬움,64600,KRW,,,,https://www.san-nishimura.co.jp/product/item/?key_word=434-56
434-60,軽量式三重固定試験枠60,60,試験枠での検眼,装用位置を合わせて確認しやすい,시험테 검안,착용 위치를 맞춰 확인하기 쉬움,64600,KRW,,,,https://www.san-nishimura.co.jp/product/item/?key_word=434-60
434-62,軽量式三重固定試験枠62,62,試験枠での検眼,装用位置を合わせて確認しやすい,시험테 검안,착용 위치를 맞춰 확인하기 쉬움,64600,KRW,,,,https://www.san-nishimura.co.jp/product/item/?key_word=434-62
434-64,軽量式三重固定試験枠64,64,試験枠での検眼,装用位置を合わせて確認しやすい,시험테 검안,착용 위치를 맞춰 확인하기 쉬움,64600,KRW,,,,https://www.san-nishimura.co.jp/product/item/?key_word=434-64
434-66,軽量式三重固定試験枠66,66,試験枠での検眼,装用位置を合わせて確認しやすい,시험테 검안,착용 위치를 맞춰 확인하기 쉬움,64600,KRW,,,,https://www.san-nishimura.co.jp/product/item/?key_word=434-66
434-68,軽量式三重固定試験枠68,68,試験枠での検眼,装用位置を合わせて確認しやすい,시험테 검안,착용 위치를 맞춰 확인하기 쉬움,64600,KRW,,,,https://www.san-nishimura.co.jp/product/item/?key_word=434-68
436,レンズメーターLM-15クロスラインピンホールコロナ式,렌즈 LM-15클리닝 천,検査・測定,状態確認と加工判断をしやすい,검사 및 측정,상태 확인과 가공 판단이 쉬움,2465000,KRW,2本,カタログP.181,436_1.jpg,https://www.san-nishimura.co.jp/product/item/?key_word=436
436-B,"ACアダプターB[No.436,437]兼用","AC B[No.436,437]",機器部品交換・補修,機器を使い続けやすい,장비 부품 교체 및 보수,장비를 계속 사용하기 쉬움,153000,KRW,,カタログP.181,436-B_1.jpg,https://www.san-nishimura.co.jp/product/item/?key_word=436-B
441,24通カバン型レンズセット,24 렌즈세트,検眼・見え方確認,必要な度数を選んで確認しやすい,검안 및 시야 확인,필요한 도수를 골라 확인하기 쉬움,2210000,KRW,,カタログP.192,441_1.jpg,https://www.san-nishimura.co.jp/product/item/24%e9%80%9a%e3%82%ab%e3%83%90%e3%83%b3%e5%9e%8b%e3%83%ac%e3%83%b3%e3%82%ba%e3%82%bb%e3%83%83%e3%83%88/
441-A,レンズセットカバンのみ,렌즈세트 단품,収納・保護,持ち帰りや保管に使いやすい,수납 및 보호,휴대와 보관에 쓰기 쉬움,634100,KRW,,カタログP.192,,https://www.san-nishimura.co.jp/product/item/?key_word=441-A
442N,35通カバン型レンズセット,35 렌즈세트,検眼・見え方確認,必要な度数を選んで確認しやすい,검안 및 시야 확인,필요한 도수를 골라 확인하기 쉬움,2924000,KRW,,カタログP.192,442N_1.jpg,https://www.san-nishimura.co.jp/product/item/35%e9%80%9a%e3%82%ab%e3%83%90%e3%83%b3%e5%9e%8b%e3%83%ac%e3%83%b3%e3%82%ba%e3%82%bb%e3%83%83%e3%83%88/
442N-1,35通レンズセット カバンのみ,35 렌즈세트 단품,収納・保護,持ち帰りや保管に使いやすい,수납 및 보호,휴대와 보관에 쓰기 쉬움,510000,KRW,,カタログP.192,,https://www.san-nishimura.co.jp/product/item/?key_word=442N-1
446N,35通スチール台型レンズセット,35 렌즈세트,検眼・見え方確認,必要な度数を選んで確認しやすい,검안 및 시야 확인,필요한 도수를 골라 확인하기 쉬움,4029000,KRW,,カタログP.192,446N_1.jpg,https://www.san-nishimura.co.jp/product/item/35%e9%80%9a%e3%82%b9%e3%83%81%e3%83%bc%e3%83%ab%e5%8f%b0%e5%9e%8b%e3%83%ac%e3%83%b3%e3%82%ba%e3%82%bb%e3%83%83%e3%83%88/
446N-1,35通レンズセット スチール台のみ,35 렌즈세트 단품,収納・保護,持ち帰りや保管に使いやすい,수납 및 보호,휴대와 보관에 쓰기 쉬움,1700000,KRW,,カタログP.192,446N-1_1.jpg,https://www.san-nishimura.co.jp/product/item/?key_word=446N-1
449-1.25,バイフォーカルレンズ1枚,렌즈1,検眼・見え方確認,必要な度数を選んで確認しやすい,검안 및 시야 확인,필요한 도수를 골라 확인하기 쉬움,68400,KRW,1枚,,449-1.25_1.jpg,https://www.san-nishimura.co.jp/product/item/?key_word=449-1.25
450-A,クロスシリンダー±0.25,클리닝 천 ±0.25,清掃・仕上げ,お渡し前の見た目を整えやすい,청소 및 최종 마감,전달 전 외관을 정돈하기 쉬움,59500,KRW,,,450-A_1.jpg,https://www.san-nishimura.co.jp/product/item/?key_word=450-A
450-B,クロスシリンダー±0.50,클리닝 천 ±0.50,清掃・仕上げ,お渡し前の見た目を整えやすい,청소 및 최종 마감,전달 전 외관을 정돈하기 쉬움,59500,KRW,,,450-B_1.jpg,https://www.san-nishimura.co.jp/product/item/?key_word=450-B
451-A,トアール±0.25,±0.25,視力検査の補助,検査条件を整えやすい,시력검사 보조,검사 조건을 갖추기 쉬움,107100,KRW,,,,https://www.san-nishimura.co.jp/product/item/%e3%83%88%e3%82%a2%e3%83%bc%e3%83%ab/
451-B,トアール±0.50,±0.50,視力検査の補助,検査条件を整えやすい,시력검사 보조,검사 조건을 갖추기 쉬움,107100,KRW,,,,https://www.san-nishimura.co.jp/product/item/%e3%83%88%e3%82%a2%e3%83%bc%e3%83%ab/
453,板付レンズ(畑式),포함렌즈(),視力検査の補助,検査条件を整えやすい,시력검사 보조,검사 조건을 갖추기 쉬움,974100,KRW,,カタログP.197,453_1.jpg,https://www.san-nishimura.co.jp/product/item/%e6%9d%bf%e4%bb%98%e3%83%ac%e3%83%b3%e3%82%ba%e7%95%91%e5%bc%8f/
455,デジタルPDメーター(PD-82II),PD 미터(PD-82II),瞳孔間距離（PD）の測定,0.5mm単位で素早く読み取りやすい,동공간거리(PD) 측정,0.5mm 단위로 빠르게 판독하기 쉬움,1173000,KRW,,カタログP.199,455_1.jpg,https://www.san-nishimura.co.jp/product/item/%e3%83%87%e3%82%b8%e3%82%bf%e3%83%abpd%e3%83%a1%e3%83%bc%e3%82%bf%e3%83%bc%ef%bc%88pd-82%e2%85%b1%ef%bc%89/
457,ユニバーサル瞳孔計(三田式),(),検査・測定,状態確認と加工判断をしやすい,검사 및 측정,상태 확인과 가공 판단이 쉬움,30600,KRW,,カタログP.173,457_1.jpg,https://www.san-nishimura.co.jp/product/item/%e3%83%a6%e3%83%8b%e3%83%90%e3%83%bc%e3%82%b5%e3%83%ab%e7%9e%b3%e5%ad%94%e8%a8%88%e4%b8%89%e7%94%b0%e5%bc%8f/
458,遮眼子,차안자,視力検査の補助,検査条件を整えやすい,시력검사 보조,검사 조건을 갖추기 쉬움,11100,KRW,,カタログP.196,458_1.jpg,https://www.san-nishimura.co.jp/product/item/%e9%81%ae%e7%9c%bc%e5%ad%90/
460-2,クリーンボックス電球,교체용 전구,機器部品交換・補修,機器を使い続けやすい,장비 부품 교체 및 보수,장비를 계속 사용하기 쉬움,59500,KRW,,,,https://www.san-nishimura.co.jp/product/item/?key_word=460-2
464,眼球模型,안구 모형,視力検査の補助,検査条件を整えやすい,시력검사 보조,검사 조건을 갖추기 쉬움,442000,KRW,,カタログP.197,464_1.jpg,https://www.san-nishimura.co.jp/product/item/%e7%9c%bc%e7%90%83%e6%a8%a1%e5%9e%8b/
465,眼球模型用架台,안구 모형용 받침대,視力検査の補助,検査条件を整えやすい,시력검사 보조,검사 조건을 갖추기 쉬움,204000,KRW,,カタログP.197,465_1.jpg,https://www.san-nishimura.co.jp/product/item/%e7%9c%bc%e7%90%83%e6%a8%a1%e5%9e%8b/
470-D,トライアルフレーム(試験枠)用バンド,프레임(),視力検査の補助,検査条件を整えやすい,시력검사 보조,검사 조건을 갖추기 쉬움,31800,KRW,,"カタログP.183,184,187,188,194",470-D_1.jpg,https://www.san-nishimura.co.jp/product/item/%e3%83%88%e3%83%a9%e3%82%a4%e3%82%a2%e3%83%ab%e3%83%95%e3%83%ac%e3%83%bc%e3%83%a0%ef%bc%88%e8%a9%a6%e9%a8%93%e6%9e%a0%ef%bc%89%e7%94%a8%e3%83%90%e3%83%b3%e3%83%89/
470N-54,シンプルBC(試験枠)54,BC()54,試験枠での検眼,装用位置を合わせて確認しやすい,시험테 검안,착용 위치를 맞춰 확인하기 쉬움,140300,KRW,,,,https://www.san-nishimura.co.jp/product/item/?key_word=470N-54
470N-56,シンプルBC(試験枠)56,BC()56,試験枠での検眼,装用位置を合わせて確認しやすい,시험테 검안,착용 위치를 맞춰 확인하기 쉬움,140300,KRW,,,,https://www.san-nishimura.co.jp/product/item/?key_word=470N-56
470N-58,シンプルBC(試験枠)58,BC()58,試験枠での検眼,装用位置を合わせて確認しやすい,시험테 검안,착용 위치를 맞춰 확인하기 쉬움,140300,KRW,,,,https://www.san-nishimura.co.jp/product/item/?key_word=470N-58
470N-60,シンプルBC(試験枠)60,BC()60,試験枠での検眼,装用位置を合わせて確認しやすい,시험테 검안,착용 위치를 맞춰 확인하기 쉬움,140300,KRW,,,,https://www.san-nishimura.co.jp/product/item/?key_word=470N-60
470N-62,シンプルBC(試験枠)62,BC()62,試験枠での検眼,装用位置を合わせて確認しやすい,시험테 검안,착용 위치를 맞춰 확인하기 쉬움,140300,KRW,,,,https://www.san-nishimura.co.jp/product/item/?key_word=470N-62
470N-64,シンプルBC(試験枠)64,BC()64,試験枠での検眼,装用位置を合わせて確認しやすい,시험테 검안,착용 위치를 맞춰 확인하기 쉬움,140300,KRW,,,,https://www.san-nishimura.co.jp/product/item/?key_word=470N-64
470N-66,シンプルBC(試験枠)66,BC()66,試験枠での検眼,装用位置を合わせて確認しやすい,시험테 검안,착용 위치를 맞춰 확인하기 쉬움,140300,KRW,,,,https://www.san-nishimura.co.jp/product/item/?key_word=470N-66
470N-68,シンプルBC(試験枠)68,BC()68,試験枠での検眼,装用位置を合わせて確認しやすい,시험테 검안,착용 위치를 맞춰 확인하기 쉬움,140300,KRW,,,,https://www.san-nishimura.co.jp/product/item/?key_word=470N-68
470N-70,シンプルBC(試験枠)70,BC()70,試験枠での検眼,装用位置を合わせて確認しやすい,시험테 검안,착용 위치를 맞춰 확인하기 쉬움,140300,KRW,,,,https://www.san-nishimura.co.jp/product/item/?key_word=470N-70
470N-72,シンプルBC(試験枠)72,BC()72,試験枠での検眼,装用位置を合わせて確認しやすい,시험테 검안,착용 위치를 맞춰 확인하기 쉬움,140300,KRW,,,,https://www.san-nishimura.co.jp/product/item/?key_word=470N-72
470N-74,シンプルBC(試験枠)74,BC()74,試験枠での検眼,装用位置を合わせて確認しやすい,시험테 검안,착용 위치를 맞춰 확인하기 쉬움,140300,KRW,,,,https://www.san-nishimura.co.jp/product/item/?key_word=470N-74
470N-A,シンプルモダン,팁,視力検査の補助,検査条件を整えやすい,시력검사 보조,검사 조건을 갖추기 쉬움,51000,KRW,,"カタログP.183,188",470N-A_1.jpg,https://www.san-nishimura.co.jp/product/item/%e3%83%88%e3%83%a9%e3%82%a4%e3%82%a2%e3%83%ab%e3%83%95%e3%83%ac%e3%83%bc%e3%83%a0%ef%bc%88%e8%a9%a6%e9%a8%93%e6%9e%a0%ef%bc%89%e7%94%a8%e3%83%90%e3%83%b3%e3%83%89-2-2/
470N-B-48,シンプルBC(試験枠)ブルー48,BC()블루48,試験枠での検眼,装用位置を合わせて確認しやすい,시험테 검안,착용 위치를 맞춰 확인하기 쉬움,140300,KRW,,,,https://www.san-nishimura.co.jp/product/item/?key_word=470N-B-48
470N-B-50,シンプルBC(試験枠)ブルー50,BC()블루50,試験枠での検眼,装用位置を合わせて確認しやすい,시험테 검안,착용 위치를 맞춰 확인하기 쉬움,140300,KRW,,,,https://www.san-nishimura.co.jp/product/item/?key_word=470N-B-50
470N-B-52,シンプルBC(試験枠)ブルー52,BC()블루52,試験枠での検眼,装用位置を合わせて確認しやすい,시험테 검안,착용 위치를 맞춰 확인하기 쉬움,140300,KRW,,,,https://www.san-nishimura.co.jp/product/item/?key_word=470N-B-52
470N-LO-56,シンプルBC(試験枠)下開き56,BC() 56,試験枠での検眼,装用位置を合わせて確認しやすい,시험테 검안,착용 위치를 맞춰 확인하기 쉬움,140300,KRW,,,,https://www.san-nishimura.co.jp/product/item/?key_word=470N-LO-56
470N-LO-58,シンプルBC(試験枠)下開き58,BC() 58,試験枠での検眼,装用位置を合わせて確認しやすい,시험테 검안,착용 위치를 맞춰 확인하기 쉬움,140300,KRW,,,,https://www.san-nishimura.co.jp/product/item/?key_word=470N-LO-58
470N-LO-60,シンプルBC(試験枠)下開き60,BC() 60,試験枠での検眼,装用位置を合わせて確認しやすい,시험테 검안,착용 위치를 맞춰 확인하기 쉬움,140300,KRW,,,,https://www.san-nishimura.co.jp/product/item/?key_word=470N-LO-60
470N-LO-62,シンプルBC(試験枠)下開き62,BC() 62,試験枠での検眼,装用位置を合わせて確認しやすい,시험테 검안,착용 위치를 맞춰 확인하기 쉬움,140300,KRW,,,,https://www.san-nishimura.co.jp/product/item/?key_word=470N-LO-62
470N-LO-64,シンプルBC(試験枠)下開き64,BC() 64,試験枠での検眼,装用位置を合わせて確認しやすい,시험테 검안,착용 위치를 맞춰 확인하기 쉬움,140300,KRW,,,,https://www.san-nishimura.co.jp/product/item/?key_word=470N-LO-64
470N-LO-66,シンプルBC(試験枠)下開き66,BC() 66,試験枠での検眼,装用位置を合わせて確認しやすい,시험테 검안,착용 위치를 맞춰 확인하기 쉬움,140300,KRW,,,,https://www.san-nishimura.co.jp/product/item/?key_word=470N-LO-66
470N-LO-68,シンプルBC(試験枠)下開き68,BC() 68,試験枠での検眼,装用位置を合わせて確認しやすい,시험테 검안,착용 위치를 맞춰 확인하기 쉬움,140300,KRW,,,,https://www.san-nishimura.co.jp/product/item/?key_word=470N-LO-68
470N-LO-70,シンプルBC(試験枠)下開き70,BC() 70,試験枠での検眼,装用位置を合わせて確認しやすい,시험테 검안,착용 위치를 맞춰 확인하기 쉬움,140300,KRW,,,,https://www.san-nishimura.co.jp/product/item/?key_word=470N-LO-70
470N-LO-72,シンプルBC(試験枠)下開き72,BC() 72,試験枠での検眼,装用位置を合わせて確認しやすい,시험테 검안,착용 위치를 맞춰 확인하기 쉬움,140300,KRW,,,,https://www.san-nishimura.co.jp/product/item/?key_word=470N-LO-72
470N-P-48,シンプルBC(試験枠)ピンク48,BC()핑크48,試験枠での検眼,装用位置を合わせて確認しやすい,시험테 검안,착용 위치를 맞춰 확인하기 쉬움,140300,KRW,,,,https://www.san-nishimura.co.jp/product/item/?key_word=470N-P-48
470N-P-50,シンプルBC(試験枠)ピンク50,BC()핑크50,試験枠での検眼,装用位置を合わせて確認しやすい,시험테 검안,착용 위치를 맞춰 확인하기 쉬움,140300,KRW,,,,https://www.san-nishimura.co.jp/product/item/?key_word=470N-P-50
472-A,ツインレンズ±0.25,렌즈±0.25,視力検査の補助,検査条件を整えやすい,시력검사 보조,검사 조건을 갖추기 쉬움,170000,KRW,,,,https://www.san-nishimura.co.jp/product/item/%e3%83%84%e3%82%a4%e3%83%b3%e3%83%ac%e3%83%b3%e3%82%ba/
472-B,ツインレンズ±0.50,렌즈±0.50,視力検査の補助,検査条件を整えやすい,시력검사 보조,검사 조건을 갖추기 쉬움,170000,KRW,,,,https://www.san-nishimura.co.jp/product/item/%e3%83%84%e3%82%a4%e3%83%b3%e3%83%ac%e3%83%b3%e3%82%ba/
473-1,35通レンズセット カバンのみ,35 렌즈세트 단품,収納・保護,持ち帰りや保管に使いやすい,수납 및 보호,휴대와 보관에 쓰기 쉬움,510000,KRW,,カタログP.190,,https://www.san-nishimura.co.jp/product/item/?key_word=473-1
473,35通カバン型メニスカスレンズセット,35 렌즈세트,検眼・見え方確認,必要な度数を選んで確認しやすい,검안 및 시야 확인,필요한 도수를 골라 확인하기 쉬움,4250000,KRW,,カタログP.190,473_1.jpg,https://www.san-nishimura.co.jp/product/item/35%e9%80%9a%e3%82%ab%e3%83%90%e3%83%b3%e5%9e%8b%e3%83%a1%e3%83%8b%e3%82%b9%e3%82%ab%e3%82%b9%e3%83%ac%e3%83%b3%e3%82%ba%e3%82%bb%e3%83%83%e3%83%88/
473-A,"テストレンズ(メニスカス) S±0.00~±20.00 474,474-T2兼用","테스트렌즈() S±0.00~±20.00 474,474-T2",検眼・見え方確認,必要な度数を選んで確認しやすい,검안 및 시야 확인,필요한 도수를 골라 확인하기 쉬움,34000,KRW,,,,https://www.san-nishimura.co.jp/product/item/?key_word=473-A
473-B,"テストレンズ(メニスカス) C±0.25~±3.00 474,474-T2兼用","테스트렌즈() C±0.25~±3.00 474,474-T2",検眼・見え方確認,必要な度数を選んで確認しやすい,검안 및 시야 확인,필요한 도수를 골라 확인하기 쉬움,34000,KRW,,,,https://www.san-nishimura.co.jp/product/item/?key_word=473-B
473-C,"テストレンズ(メニスカス) P 1/2°~6° 474,474-T2兼用","테스트렌즈() P 1/2°~6° 474,474-T2",検眼・見え方確認,必要な度数を選んで確認しやすい,검안 및 시야 확인,필요한 도수를 골라 확인하기 쉬움,34000,KRW,,,,https://www.san-nishimura.co.jp/product/item/?key_word=473-C
473-D,"テストレンズ(メニスカス) 黒板(無孔、円孔、裂孔) 474,474-T2兼用","테스트렌즈() (、 、) 474,474-T2",検眼・見え方確認,必要な度数を選んで確認しやすい,검안 및 시야 확인,필요한 도수를 골라 확인하기 쉬움,34000,KRW,,,,https://www.san-nishimura.co.jp/product/item/?key_word=473-D
473-E,"テストレンズ(メニスカス) 色板(赤、緑) 474,474-T2兼用","테스트렌즈() (、) 474,474-T2",検眼・見え方確認,必要な度数を選んで確認しやすい,검안 및 시야 확인,필요한 도수를 골라 확인하기 쉬움,34000,KRW,,,,https://www.san-nishimura.co.jp/product/item/?key_word=473-E
473-F,"テストレンズ(メニスカス) (偏光板) 474,474-T2兼用","테스트렌즈() () 474,474-T2",検眼・見え方確認,必要な度数を選んで確認しやすい,검안 및 시야 확인,필요한 도수를 골라 확인하기 쉬움,34000,KRW,,,,https://www.san-nishimura.co.jp/product/item/?key_word=473-F
474,35通スチール台型メニスカスレンズセット,35 렌즈세트,検眼・見え方確認,必要な度数を選んで確認しやすい,검안 및 시야 확인,필요한 도수를 골라 확인하기 쉬움,5440000,KRW,,カタログP.190,474_1.jpg,https://www.san-nishimura.co.jp/product/item/35%e9%80%9a%e3%82%b9%e3%83%81%e3%83%bc%e3%83%ab%e5%8f%b0-%e3%83%a1%e3%83%8b%e3%82%b9%e3%82%ab%e3%82%b9%e3%83%ac%e3%83%b3%e3%82%ba%e3%82%bb%e3%83%83%e3%83%88/
474-1,35通レンズセット スチール台のみ,35 렌즈세트 단품,収納・保護,持ち帰りや保管に使いやすい,수납 및 보호,휴대와 보관에 쓰기 쉬움,1700000,KRW,,カタログP.190,474-1_1.jpg,https://www.san-nishimura.co.jp/product/item/?key_word=474-1
493,スーパーコジ明け,슈퍼 케이스 오프너,腕時計の分解・調整,細かな時計作業を安定させやすい,손목시계 분해 및 조정,세밀한 시계 작업을 안정시키기 쉬움,15100,KRW,,カタログP.244,493_1.jpg,https://www.san-nishimura.co.jp/product/item/%e3%82%b9%e3%83%bc%e3%83%91%e3%83%bc%e3%82%b3%e3%82%b8%e6%98%8e%e3%81%91/
499-A-0.00,テストレンズ(フラット) S±0.00,테스트렌즈(플랫) S±0.00,検眼・見え方確認,必要な度数を選んで確認しやすい,검안 및 시야 확인,필요한 도수를 골라 확인하기 쉬움,23500,KRW,,,,https://www.san-nishimura.co.jp/product/item/?key_word=499-A-0.00
499-A+0.12,テストレンズ(フラット) S+0.12,테스트렌즈(플랫) S+0.12,検眼・見え方確認,必要な度数を選んで確認しやすい,검안 및 시야 확인,필요한 도수를 골라 확인하기 쉬움,23500,KRW,,,,https://www.san-nishimura.co.jp/product/item/?key_word=499-A%2B0.12
499-A-0.12,テストレンズ(フラット) S-0.12,테스트렌즈(플랫) S-0.12,検眼・見え方確認,必要な度数を選んで確認しやすい,검안 및 시야 확인,필요한 도수를 골라 확인하기 쉬움,23500,KRW,,,,https://www.san-nishimura.co.jp/product/item/?key_word=499-A-0.12
499-A+0.25,テストレンズ(フラット) S+0.25,테스트렌즈(플랫) S+0.25,検眼・見え方確認,必要な度数を選んで確認しやすい,검안 및 시야 확인,필요한 도수를 골라 확인하기 쉬움,23500,KRW,,,,https://www.san-nishimura.co.jp/product/item/?key_word=499-A%2B0.25
499-A-0.25,テストレンズ(フラット) S-0.25,테스트렌즈(플랫) S-0.25,検眼・見え方確認,必要な度数を選んで確認しやすい,검안 및 시야 확인,필요한 도수를 골라 확인하기 쉬움,23500,KRW,,,,https://www.san-nishimura.co.jp/product/item/?key_word=499-A-0.25
499-A+0.50,テストレンズ(フラット) S+0.50,테스트렌즈(플랫) S+0.50,検眼・見え方確認,必要な度数を選んで確認しやすい,검안 및 시야 확인,필요한 도수를 골라 확인하기 쉬움,23500,KRW,,,,https://www.san-nishimura.co.jp/product/item/?key_word=499-A%2B0.50
499-A-0.50,テストレンズ(フラット) S-0.50,테스트렌즈(플랫) S-0.50,検眼・見え方確認,必要な度数を選んで確認しやすい,검안 및 시야 확인,필요한 도수를 골라 확인하기 쉬움,23500,KRW,,,,https://www.san-nishimura.co.jp/product/item/?key_word=499-A-0.50
499-A+0.75,テストレンズ(フラット) S+0.75,테스트렌즈(플랫) S+0.75,検眼・見え方確認,必要な度数を選んで確認しやすい,검안 및 시야 확인,필요한 도수를 골라 확인하기 쉬움,23500,KRW,,,,https://www.san-nishimura.co.jp/product/item/?key_word=499-A%2B0.75
499-A-0.75,テストレンズ(フラット) S-0.75,테스트렌즈(플랫) S-0.75,検眼・見え方確認,必要な度数を選んで確認しやすい,검안 및 시야 확인,필요한 도수를 골라 확인하기 쉬움,23500,KRW,,,,https://www.san-nishimura.co.jp/product/item/?key_word=499-A-0.75
499-A+1.00,テストレンズ(フラット) S+1.00,테스트렌즈(플랫) S+1.00,検眼・見え方確認,必要な度数を選んで確認しやすい,검안 및 시야 확인,필요한 도수를 골라 확인하기 쉬움,23500,KRW,,,,https://www.san-nishimura.co.jp/product/item/?key_word=499-A%2B1.00
499-A-1.00,テストレンズ(フラット) S-1.00,테스트렌즈(플랫) S-1.00,検眼・見え方確認,必要な度数を選んで確認しやすい,검안 및 시야 확인,필요한 도수를 골라 확인하기 쉬움,23500,KRW,,,,https://www.san-nishimura.co.jp/product/item/?key_word=499-A-1.00
499-A+1.25,テストレンズ(フラット) S+1.25,테스트렌즈(플랫) S+1.25,検眼・見え方確認,必要な度数を選んで確認しやすい,검안 및 시야 확인,필요한 도수를 골라 확인하기 쉬움,23500,KRW,,,,https://www.san-nishimura.co.jp/product/item/?key_word=499-A%2B1.25
499-A-1.25,テストレンズ(フラット) S-1.25,테스트렌즈(플랫) S-1.25,検眼・見え方確認,必要な度数を選んで確認しやすい,검안 및 시야 확인,필요한 도수를 골라 확인하기 쉬움,23500,KRW,,,,https://www.san-nishimura.co.jp/product/item/?key_word=499-A-1.25
499-A+1.50,テストレンズ(フラット) S+1.50,테스트렌즈(플랫) S+1.50,検眼・見え方確認,必要な度数を選んで確認しやすい,검안 및 시야 확인,필요한 도수를 골라 확인하기 쉬움,23500,KRW,,,,https://www.san-nishimura.co.jp/product/item/?key_word=499-A%2B1.50
499-A-1.50,テストレンズ(フラット) S-1.50,테스트렌즈(플랫) S-1.50,検眼・見え方確認,必要な度数を選んで確認しやすい,검안 및 시야 확인,필요한 도수를 골라 확인하기 쉬움,23500,KRW,,,,https://www.san-nishimura.co.jp/product/item/?key_word=499-A-1.50
499-A+1.75,テストレンズ(フラット) S+1.75,테스트렌즈(플랫) S+1.75,検眼・見え方確認,必要な度数を選んで確認しやすい,검안 및 시야 확인,필요한 도수를 골라 확인하기 쉬움,23500,KRW,,,,https://www.san-nishimura.co.jp/product/item/?key_word=499-A%2B1.75
499-A-1.75,テストレンズ(フラット) S-1.75,테스트렌즈(플랫) S-1.75,検眼・見え方確認,必要な度数を選んで確認しやすい,검안 및 시야 확인,필요한 도수를 골라 확인하기 쉬움,23500,KRW,,,,https://www.san-nishimura.co.jp/product/item/?key_word=499-A-1.75
499-A+2.00,テストレンズ(フラット) S+2.00,테스트렌즈(플랫) S+2.00,検眼・見え方確認,必要な度数を選んで確認しやすい,검안 및 시야 확인,필요한 도수를 골라 확인하기 쉬움,23500,KRW,,,,https://www.san-nishimura.co.jp/product/item/?key_word=499-A%2B2.00
499-A-2.00,テストレンズ(フラット) S-2.00,테스트렌즈(플랫) S-2.00,検眼・見え方確認,必要な度数を選んで確認しやすい,검안 및 시야 확인,필요한 도수를 골라 확인하기 쉬움,23500,KRW,,,,https://www.san-nishimura.co.jp/product/item/?key_word=499-A-2.00
499-A+2.25,テストレンズ(フラット) S+2.25,테스트렌즈(플랫) S+2.25,検眼・見え方確認,必要な度数を選んで確認しやすい,검안 및 시야 확인,필요한 도수를 골라 확인하기 쉬움,23500,KRW,,,,https://www.san-nishimura.co.jp/product/item/?key_word=499-A%2B2.25
499-A-2.25,テストレンズ(フラット) S-2.25,테스트렌즈(플랫) S-2.25,検眼・見え方確認,必要な度数を選んで確認しやすい,검안 및 시야 확인,필요한 도수를 골라 확인하기 쉬움,23500,KRW,,,,https://www.san-nishimura.co.jp/product/item/?key_word=499-A-2.25
499-A+2.50,テストレンズ(フラット) S+2.50,테스트렌즈(플랫) S+2.50,検眼・見え方確認,必要な度数を選んで確認しやすい,검안 및 시야 확인,필요한 도수를 골라 확인하기 쉬움,23500,KRW,,,,https://www.san-nishimura.co.jp/product/item/?key_word=499-A%2B2.50
499-A-2.50,テストレンズ(フラット) S-2.50,테스트렌즈(플랫) S-2.50,検眼・見え方確認,必要な度数を選んで確認しやすい,검안 및 시야 확인,필요한 도수를 골라 확인하기 쉬움,23500,KRW,,,,https://www.san-nishimura.co.jp/product/item/?key_word=499-A-2.50
499-A+2.75,テストレンズ(フラット) S+2.75,테스트렌즈(플랫) S+2.75,検眼・見え方確認,必要な度数を選んで確認しやすい,검안 및 시야 확인,필요한 도수를 골라 확인하기 쉬움,23500,KRW,,,,https://www.san-nishimura.co.jp/product/item/?key_word=499-A%2B2.75
499-A-2.75,テストレンズ(フラット) S-2.75,테스트렌즈(플랫) S-2.75,検眼・見え方確認,必要な度数を選んで確認しやすい,검안 및 시야 확인,필요한 도수를 골라 확인하기 쉬움,23500,KRW,,,,https://www.san-nishimura.co.jp/product/item/?key_word=499-A-2.75
499-A+3.00,テストレンズ(フラット) S+3.00,테스트렌즈(플랫) S+3.00,検眼・見え方確認,必要な度数を選んで確認しやすい,검안 및 시야 확인,필요한 도수를 골라 확인하기 쉬움,23500,KRW,,,,https://www.san-nishimura.co.jp/product/item/?key_word=499-A%2B3.00
499-A-3.00,テストレンズ(フラット) S-3.00,테스트렌즈(플랫) S-3.00,検眼・見え方確認,必要な度数を選んで確認しやすい,검안 및 시야 확인,필요한 도수를 골라 확인하기 쉬움,23500,KRW,,,,https://www.san-nishimura.co.jp/product/item/?key_word=499-A-3.00
499-A+3.25,テストレンズ(フラット) S+3.25,테스트렌즈(플랫) S+3.25,検眼・見え方確認,必要な度数を選んで確認しやすい,검안 및 시야 확인,필요한 도수를 골라 확인하기 쉬움,23500,KRW,,,,https://www.san-nishimura.co.jp/product/item/?key_word=499-A%2B3.25
499-A-3.25,テストレンズ(フラット) S-3.25,테스트렌즈(플랫) S-3.25,検眼・見え方確認,必要な度数を選んで確認しやすい,검안 및 시야 확인,필요한 도수를 골라 확인하기 쉬움,23500,KRW,,,,https://www.san-nishimura.co.jp/product/item/?key_word=499-A-3.25
499-A+3.50,テストレンズ(フラット) S+3.50,테스트렌즈(플랫) S+3.50,検眼・見え方確認,必要な度数を選んで確認しやすい,검안 및 시야 확인,필요한 도수를 골라 확인하기 쉬움,23500,KRW,,,,https://www.san-nishimura.co.jp/product/item/?key_word=499-A%2B3.50
499-A-3.50,テストレンズ(フラット) S-3.50,테스트렌즈(플랫) S-3.50,検眼・見え方確認,必要な度数を選んで確認しやすい,검안 및 시야 확인,필요한 도수를 골라 확인하기 쉬움,23500,KRW,,,,https://www.san-nishimura.co.jp/product/item/?key_word=499-A-3.50
499-A+3.75,テストレンズ(フラット) S+3.75,테스트렌즈(플랫) S+3.75,検眼・見え方確認,必要な度数を選んで確認しやすい,검안 및 시야 확인,필요한 도수를 골라 확인하기 쉬움,23500,KRW,,,,https://www.san-nishimura.co.jp/product/item/?key_word=499-A%2B3.75
499-A-3.75,テストレンズ(フラット) S-3.75,테스트렌즈(플랫) S-3.75,検眼・見え方確認,必要な度数を選んで確認しやすい,검안 및 시야 확인,필요한 도수를 골라 확인하기 쉬움,23500,KRW,,,,https://www.san-nishimura.co.jp/product/item/?key_word=499-A-3.75
499-A+4.00,テストレンズ(フラット) S+4.00,테스트렌즈(플랫) S+4.00,検眼・見え方確認,必要な度数を選んで確認しやすい,검안 및 시야 확인,필요한 도수를 골라 확인하기 쉬움,23500,KRW,,,,https://www.san-nishimura.co.jp/product/item/?key_word=499-A%2B4.00
499-A-4.00,テストレンズ(フラット) S-4.00,테스트렌즈(플랫) S-4.00,検眼・見え方確認,必要な度数を選んで確認しやすい,검안 및 시야 확인,필요한 도수를 골라 확인하기 쉬움,23500,KRW,,,,https://www.san-nishimura.co.jp/product/item/?key_word=499-A-4.00
499-A+4.25,テストレンズ(フラット) S+4.25,테스트렌즈(플랫) S+4.25,検眼・見え方確認,必要な度数を選んで確認しやすい,검안 및 시야 확인,필요한 도수를 골라 확인하기 쉬움,23500,KRW,,,,https://www.san-nishimura.co.jp/product/item/?key_word=499-A%2B4.25
499-A-4.25,テストレンズ(フラット) S-4.25,테스트렌즈(플랫) S-4.25,検眼・見え方確認,必要な度数を選んで確認しやすい,검안 및 시야 확인,필요한 도수를 골라 확인하기 쉬움,23500,KRW,,,,https://www.san-nishimura.co.jp/product/item/?key_word=499-A-4.25
499-A+4.50,テストレンズ(フラット) S+4.50,테스트렌즈(플랫) S+4.50,検眼・見え方確認,必要な度数を選んで確認しやすい,검안 및 시야 확인,필요한 도수를 골라 확인하기 쉬움,23500,KRW,,,,https://www.san-nishimura.co.jp/product/item/?key_word=499-A%2B4.50
499-A-4.50,テストレンズ(フラット) S-4.50,테스트렌즈(플랫) S-4.50,検眼・見え方確認,必要な度数を選んで確認しやすい,검안 및 시야 확인,필요한 도수를 골라 확인하기 쉬움,23500,KRW,,,,https://www.san-nishimura.co.jp/product/item/?key_word=499-A-4.50
499-A+4.75,テストレンズ(フラット) S+4.75,테스트렌즈(플랫) S+4.75,検眼・見え方確認,必要な度数を選んで確認しやすい,검안 및 시야 확인,필요한 도수를 골라 확인하기 쉬움,23500,KRW,,,,https://www.san-nishimura.co.jp/product/item/?key_word=499-A%2B4.75
499-A-4.75,テストレンズ(フラット) S-4.75,테스트렌즈(플랫) S-4.75,検眼・見え方確認,必要な度数を選んで確認しやすい,검안 및 시야 확인,필요한 도수를 골라 확인하기 쉬움,23500,KRW,,,,https://www.san-nishimura.co.jp/product/item/?key_word=499-A-4.75
499-A+5.00,テストレンズ(フラット) S+5.00,테스트렌즈(플랫) S+5.00,検眼・見え方確認,必要な度数を選んで確認しやすい,검안 및 시야 확인,필요한 도수를 골라 확인하기 쉬움,23500,KRW,,,,https://www.san-nishimura.co.jp/product/item/?key_word=499-A%2B5.00
499-A-5.00,テストレンズ(フラット) S-5.00,테스트렌즈(플랫) S-5.00,検眼・見え方確認,必要な度数を選んで確認しやすい,검안 및 시야 확인,필요한 도수를 골라 확인하기 쉬움,23500,KRW,,,,https://www.san-nishimura.co.jp/product/item/?key_word=499-A-5.00
499-A+5.25,テストレンズ(フラット) S+5.25,테스트렌즈(플랫) S+5.25,検眼・見え方確認,必要な度数を選んで確認しやすい,검안 및 시야 확인,필요한 도수를 골라 확인하기 쉬움,23500,KRW,,,,https://www.san-nishimura.co.jp/product/item/?key_word=499-A%2B5.25
499-A-5.25,テストレンズ(フラット) S-5.25,테스트렌즈(플랫) S-5.25,検眼・見え方確認,必要な度数を選んで確認しやすい,검안 및 시야 확인,필요한 도수를 골라 확인하기 쉬움,23500,KRW,,,,https://www.san-nishimura.co.jp/product/item/?key_word=499-A-5.25
499-A+5.50,テストレンズ(フラット) S+5.50,테스트렌즈(플랫) S+5.50,検眼・見え方確認,必要な度数を選んで確認しやすい,검안 및 시야 확인,필요한 도수를 골라 확인하기 쉬움,23500,KRW,,,,https://www.san-nishimura.co.jp/product/item/?key_word=499-A%2B5.50
499-A-5.50,テストレンズ(フラット) S-5.50,테스트렌즈(플랫) S-5.50,検眼・見え方確認,必要な度数を選んで確認しやすい,검안 및 시야 확인,필요한 도수를 골라 확인하기 쉬움,23500,KRW,,,,https://www.san-nishimura.co.jp/product/item/?key_word=499-A-5.50
499-A+5.75,テストレンズ(フラット) S+5.75,테스트렌즈(플랫) S+5.75,検眼・見え方確認,必要な度数を選んで確認しやすい,검안 및 시야 확인,필요한 도수를 골라 확인하기 쉬움,23500,KRW,,,,https://www.san-nishimura.co.jp/product/item/?key_word=499-A%2B5.75
499-A-5.75,テストレンズ(フラット) S-5.75,테스트렌즈(플랫) S-5.75,検眼・見え方確認,必要な度数を選んで確認しやすい,검안 및 시야 확인,필요한 도수를 골라 확인하기 쉬움,23500,KRW,,,,https://www.san-nishimura.co.jp/product/item/?key_word=499-A-5.75
499-A+6.00,テストレンズ(フラット) S+6.00,테스트렌즈(플랫) S+6.00,検眼・見え方確認,必要な度数を選んで確認しやすい,검안 및 시야 확인,필요한 도수를 골라 확인하기 쉬움,23500,KRW,,,,https://www.san-nishimura.co.jp/product/item/?key_word=499-A%2B6.00
499-A-6.00,テストレンズ(フラット) S-6.00,테스트렌즈(플랫) S-6.00,検眼・見え方確認,必要な度数を選んで確認しやすい,검안 및 시야 확인,필요한 도수를 골라 확인하기 쉬움,23500,KRW,,,,https://www.san-nishimura.co.jp/product/item/?key_word=499-A-6.00
499-A+6.50,テストレンズ(フラット) S+6.50,테스트렌즈(플랫) S+6.50,検眼・見え方確認,必要な度数を選んで確認しやすい,검안 및 시야 확인,필요한 도수를 골라 확인하기 쉬움,23500,KRW,,,,https://www.san-nishimura.co.jp/product/item/?key_word=499-A%2B6.50
499-A-6.50,テストレンズ(フラット) S-6.50,테스트렌즈(플랫) S-6.50,検眼・見え方確認,必要な度数を選んで確認しやすい,검안 및 시야 확인,필요한 도수를 골라 확인하기 쉬움,23500,KRW,,,,https://www.san-nishimura.co.jp/product/item/?key_word=499-A-6.50
499-A+7.00,テストレンズ(フラット) S+7.00,테스트렌즈(플랫) S+7.00,検眼・見え方確認,必要な度数を選んで確認しやすい,검안 및 시야 확인,필요한 도수를 골라 확인하기 쉬움,23500,KRW,,,,https://www.san-nishimura.co.jp/product/item/?key_word=499-A%2B7.00
499-A-7.00,テストレンズ(フラット) S-7.00,테스트렌즈(플랫) S-7.00,検眼・見え方確認,必要な度数を選んで確認しやすい,검안 및 시야 확인,필요한 도수를 골라 확인하기 쉬움,23500,KRW,,,,https://www.san-nishimura.co.jp/product/item/?key_word=499-A-7.00
499-A+8.00,テストレンズ(フラット) S+8.00,테스트렌즈(플랫) S+8.00,検眼・見え方確認,必要な度数を選んで確認しやすい,검안 및 시야 확인,필요한 도수를 골라 확인하기 쉬움,23500,KRW,,,,https://www.san-nishimura.co.jp/product/item/?key_word=499-A%2B8.00
499-A-8.00,テストレンズ(フラット) S-8.00,테스트렌즈(플랫) S-8.00,検眼・見え方確認,必要な度数を選んで確認しやすい,검안 및 시야 확인,필요한 도수를 골라 확인하기 쉬움,23500,KRW,,,,https://www.san-nishimura.co.jp/product/item/?key_word=499-A-8.00
499-A+9.00,テストレンズ(フラット) S+9.00,테스트렌즈(플랫) S+9.00,検眼・見え方確認,必要な度数を選んで確認しやすい,검안 및 시야 확인,필요한 도수를 골라 확인하기 쉬움,23500,KRW,,,,https://www.san-nishimura.co.jp/product/item/?key_word=499-A%2B9.00
499-A-9.00,テストレンズ(フラット) S-9.00,테스트렌즈(플랫) S-9.00,検眼・見え方確認,必要な度数を選んで確認しやすい,검안 및 시야 확인,필요한 도수를 골라 확인하기 쉬움,23500,KRW,,,,https://www.san-nishimura.co.jp/product/item/?key_word=499-A-9.00
499-A+10.00,テストレンズ(フラット) S+10.00,테스트렌즈(플랫) S+10.00,検眼・見え方確認,必要な度数を選んで確認しやすい,검안 및 시야 확인,필요한 도수를 골라 확인하기 쉬움,23500,KRW,,,,https://www.san-nishimura.co.jp/product/item/?key_word=499-A%2B10.00
499-A-10.00,テストレンズ(フラット) S-10.00,테스트렌즈(플랫) S-10.00,検眼・見え方確認,必要な度数を選んで確認しやすい,검안 및 시야 확인,필요한 도수를 골라 확인하기 쉬움,23500,KRW,,,,https://www.san-nishimura.co.jp/product/item/?key_word=499-A-10.00
499-B+11.00,テストレンズ(フラット) S+11.00,테스트렌즈(플랫) S+11.00,検眼・見え方確認,必要な度数を選んで確認しやすい,검안 및 시야 확인,필요한 도수를 골라 확인하기 쉬움,33200,KRW,,,,https://www.san-nishimura.co.jp/product/item/?key_word=499-B%2B11.00
499-B-11.00,テストレンズ(フラット) S-11.00,테스트렌즈(플랫) S-11.00,検眼・見え方確認,必要な度数を選んで確認しやすい,검안 및 시야 확인,필요한 도수를 골라 확인하기 쉬움,33200,KRW,,,,https://www.san-nishimura.co.jp/product/item/?key_word=499-B-11.00
499-B+12.00,テストレンズ(フラット) S+12.00,테스트렌즈(플랫) S+12.00,検眼・見え方確認,必要な度数を選んで確認しやすい,검안 및 시야 확인,필요한 도수를 골라 확인하기 쉬움,33200,KRW,,,,https://www.san-nishimura.co.jp/product/item/?key_word=499-B%2B12.00
499-B-12.00,テストレンズ(フラット) S-12.00,테스트렌즈(플랫) S-12.00,検眼・見え方確認,必要な度数を選んで確認しやすい,검안 및 시야 확인,필요한 도수를 골라 확인하기 쉬움,33200,KRW,,,,https://www.san-nishimura.co.jp/product/item/?key_word=499-B-12.00
499-B+13.00,テストレンズ(フラット) S+13.00,테스트렌즈(플랫) S+13.00,検眼・見え方確認,必要な度数を選んで確認しやすい,검안 및 시야 확인,필요한 도수를 골라 확인하기 쉬움,33200,KRW,,,,https://www.san-nishimura.co.jp/product/item/?key_word=499-B%2B13.00
499-B-13.00,テストレンズ(フラット) S-13.00,테스트렌즈(플랫) S-13.00,検眼・見え方確認,必要な度数を選んで確認しやすい,검안 및 시야 확인,필요한 도수를 골라 확인하기 쉬움,33200,KRW,,,,https://www.san-nishimura.co.jp/product/item/?key_word=499-B-13.00
499-B+16.00,テストレンズ(フラット) S+16.00,테스트렌즈(플랫) S+16.00,検眼・見え方確認,必要な度数を選んで確認しやすい,검안 및 시야 확인,필요한 도수를 골라 확인하기 쉬움,33200,KRW,,,,https://www.san-nishimura.co.jp/product/item/?key_word=499-B%2B16.00
499-B-16.00,テストレンズ(フラット) S-16.00,테스트렌즈(플랫) S-16.00,検眼・見え方確認,必要な度数を選んで確認しやすい,검안 및 시야 확인,필요한 도수를 골라 확인하기 쉬움,33200,KRW,,,,https://www.san-nishimura.co.jp/product/item/?key_word=499-B-16.00
499-B+20.00,テストレンズ(フラット) S+20.00,테스트렌즈(플랫) S+20.00,検眼・見え方確認,必要な度数を選んで確認しやすい,검안 및 시야 확인,필요한 도수를 골라 확인하기 쉬움,33200,KRW,,,,https://www.san-nishimura.co.jp/product/item/?key_word=499-B%2B20.00
499-B-20.00,テストレンズ(フラット) S-20.00,테스트렌즈(플랫) S-20.00,検眼・見え方確認,必要な度数を選んで確認しやすい,검안 및 시야 확인,필요한 도수를 골라 확인하기 쉬움,33200,KRW,,,,https://www.san-nishimura.co.jp/product/item/?key_word=499-B-20.00
499-C+0.25,テストレンズ(フラット) C+0.25,테스트렌즈(플랫) C+0.25,検眼・見え方確認,必要な度数を選んで確認しやすい,검안 및 시야 확인,필요한 도수를 골라 확인하기 쉬움,29300,KRW,,,,https://www.san-nishimura.co.jp/product/item/?key_word=499-C%2B0.25
499-C-0.25,テストレンズ(フラット) C-0.25,테스트렌즈(플랫) C-0.25,検眼・見え方確認,必要な度数を選んで確認しやすい,검안 및 시야 확인,필요한 도수를 골라 확인하기 쉬움,29300,KRW,,,,https://www.san-nishimura.co.jp/product/item/?key_word=499-C-0.25
499-C+0.50,テストレンズ(フラット) C+0.50,테스트렌즈(플랫) C+0.50,検眼・見え方確認,必要な度数を選んで確認しやすい,검안 및 시야 확인,필요한 도수를 골라 확인하기 쉬움,29300,KRW,,,,https://www.san-nishimura.co.jp/product/item/?key_word=499-C%2B0.50
499-C-0.50,テストレンズ(フラット) C-0.50,테스트렌즈(플랫) C-0.50,検眼・見え方確認,必要な度数を選んで確認しやすい,검안 및 시야 확인,필요한 도수를 골라 확인하기 쉬움,29300,KRW,,,,https://www.san-nishimura.co.jp/product/item/?key_word=499-C-0.50
499-C+0.75,テストレンズ(フラット) C+0.75,테스트렌즈(플랫) C+0.75,検眼・見え方確認,必要な度数を選んで確認しやすい,검안 및 시야 확인,필요한 도수를 골라 확인하기 쉬움,29300,KRW,,,,https://www.san-nishimura.co.jp/product/item/?key_word=499-C%2B0.75
499-C-0.75,テストレンズ(フラット) C-0.75,테스트렌즈(플랫) C-0.75,検眼・見え方確認,必要な度数を選んで確認しやすい,검안 및 시야 확인,필요한 도수를 골라 확인하기 쉬움,29300,KRW,,,,https://www.san-nishimura.co.jp/product/item/?key_word=499-C-0.75
499-C+1.00,テストレンズ(フラット) C+1.00,테스트렌즈(플랫) C+1.00,検眼・見え方確認,必要な度数を選んで確認しやすい,검안 및 시야 확인,필요한 도수를 골라 확인하기 쉬움,29300,KRW,,,,https://www.san-nishimura.co.jp/product/item/?key_word=499-C%2B1.00
499-C-1.00,テストレンズ(フラット) C-1.00,테스트렌즈(플랫) C-1.00,検眼・見え方確認,必要な度数を選んで確認しやすい,검안 및 시야 확인,필요한 도수를 골라 확인하기 쉬움,29300,KRW,,,,https://www.san-nishimura.co.jp/product/item/?key_word=499-C-1.00
499-C+1.25,テストレンズ(フラット) C+1.25,테스트렌즈(플랫) C+1.25,検眼・見え方確認,必要な度数を選んで確認しやすい,검안 및 시야 확인,필요한 도수를 골라 확인하기 쉬움,29300,KRW,,,,https://www.san-nishimura.co.jp/product/item/?key_word=499-C%2B1.25
499-C-1.25,テストレンズ(フラット) C-1.25,테스트렌즈(플랫) C-1.25,検眼・見え方確認,必要な度数を選んで確認しやすい,검안 및 시야 확인,필요한 도수를 골라 확인하기 쉬움,29300,KRW,,,,https://www.san-nishimura.co.jp/product/item/?key_word=499-C-1.25
499-C+1.50,テストレンズ(フラット) C+1.50,테스트렌즈(플랫) C+1.50,検眼・見え方確認,必要な度数を選んで確認しやすい,검안 및 시야 확인,필요한 도수를 골라 확인하기 쉬움,29300,KRW,,,,https://www.san-nishimura.co.jp/product/item/?key_word=499-C%2B1.50
499-C-1.50,テストレンズ(フラット) C-1.50,테스트렌즈(플랫) C-1.50,検眼・見え方確認,必要な度数を選んで確認しやすい,검안 및 시야 확인,필요한 도수를 골라 확인하기 쉬움,29300,KRW,,,,https://www.san-nishimura.co.jp/product/item/?key_word=499-C-1.50
499-C+1.75,テストレンズ(フラット) C+1.75,테스트렌즈(플랫) C+1.75,検眼・見え方確認,必要な度数を選んで確認しやすい,검안 및 시야 확인,필요한 도수를 골라 확인하기 쉬움,29300,KRW,,,,https://www.san-nishimura.co.jp/product/item/?key_word=499-C%2B1.75
499-C-1.75,テストレンズ(フラット) C-1.75,테스트렌즈(플랫) C-1.75,検眼・見え方確認,必要な度数を選んで確認しやすい,검안 및 시야 확인,필요한 도수를 골라 확인하기 쉬움,29300,KRW,,,,https://www.san-nishimura.co.jp/product/item/?key_word=499-C-1.75
499-C+2.00,テストレンズ(フラット) C+2.00,테스트렌즈(플랫) C+2.00,検眼・見え方確認,必要な度数を選んで確認しやすい,검안 및 시야 확인,필요한 도수를 골라 확인하기 쉬움,29300,KRW,,,,https://www.san-nishimura.co.jp/product/item/?key_word=499-C%2B2.00
499-C-2.00,テストレンズ(フラット) C-2.00,테스트렌즈(플랫) C-2.00,検眼・見え方確認,必要な度数を選んで確認しやすい,검안 및 시야 확인,필요한 도수를 골라 확인하기 쉬움,29300,KRW,,,,https://www.san-nishimura.co.jp/product/item/?key_word=499-C-2.00
499-C+2.25,テストレンズ(フラット) C+2.25,테스트렌즈(플랫) C+2.25,検眼・見え方確認,必要な度数を選んで確認しやすい,검안 및 시야 확인,필요한 도수를 골라 확인하기 쉬움,29300,KRW,,,,https://www.san-nishimura.co.jp/product/item/?key_word=499-C%2B2.25
499-C-2.25,テストレンズ(フラット) C-2.25,테스트렌즈(플랫) C-2.25,検眼・見え方確認,必要な度数を選んで確認しやすい,검안 및 시야 확인,필요한 도수를 골라 확인하기 쉬움,29300,KRW,,,,https://www.san-nishimura.co.jp/product/item/?key_word=499-C-2.25
499-C+2.50,テストレンズ(フラット) C+2.50,테스트렌즈(플랫) C+2.50,検眼・見え方確認,必要な度数を選んで確認しやすい,검안 및 시야 확인,필요한 도수를 골라 확인하기 쉬움,29300,KRW,,,,https://www.san-nishimura.co.jp/product/item/?key_word=499-C%2B2.50
499-C-2.50,テストレンズ(フラット) C-2.50,테스트렌즈(플랫) C-2.50,検眼・見え方確認,必要な度数を選んで確認しやすい,검안 및 시야 확인,필요한 도수를 골라 확인하기 쉬움,29300,KRW,,,,https://www.san-nishimura.co.jp/product/item/?key_word=499-C-2.50
499-C+3.00,テストレンズ(フラット) C+3.00,테스트렌즈(플랫) C+3.00,検眼・見え方確認,必要な度数を選んで確認しやすい,검안 및 시야 확인,필요한 도수를 골라 확인하기 쉬움,29300,KRW,,,,https://www.san-nishimura.co.jp/product/item/?key_word=499-C%2B3.00
499-C-3.00,テストレンズ(フラット) C-3.00,테스트렌즈(플랫) C-3.00,検眼・見え方確認,必要な度数を選んで確認しやすい,검안 및 시야 확인,필요한 도수를 골라 확인하기 쉬움,29300,KRW,,,,https://www.san-nishimura.co.jp/product/item/?key_word=499-C-3.00
499-D-0.5,テストレンズ(フラット) P 0.5°,테스트렌즈(플랫) P 0.5°,検眼・見え方確認,必要な度数を選んで確認しやすい,검안 및 시야 확인,필요한 도수를 골라 확인하기 쉬움,29300,KRW,,,,https://www.san-nishimura.co.jp/product/item/?key_word=499-D-0.5
499-D-1,テストレンズ(フラット) P 1°,테스트렌즈(플랫) P 1°,検眼・見え方確認,必要な度数を選んで確認しやすい,검안 및 시야 확인,필요한 도수를 골라 확인하기 쉬움,29300,KRW,,,,https://www.san-nishimura.co.jp/product/item/?key_word=499-D-1
499-D-2,テストレンズ(フラット) P 2°,테스트렌즈(플랫) P 2°,検眼・見え方確認,必要な度数を選んで確認しやすい,검안 및 시야 확인,필요한 도수를 골라 확인하기 쉬움,29300,KRW,,,,https://www.san-nishimura.co.jp/product/item/?key_word=499-D-2
499-D-3,テストレンズ(フラット) P 3°,테스트렌즈(플랫) P 3°,検眼・見え方確認,必要な度数を選んで確認しやすい,검안 및 시야 확인,필요한 도수를 골라 확인하기 쉬움,29300,KRW,,,,https://www.san-nishimura.co.jp/product/item/?key_word=499-D-3
499-D-4,テストレンズ(フラット) P 4°,테스트렌즈(플랫) P 4°,検眼・見え方確認,必要な度数を選んで確認しやすい,검안 및 시야 확인,필요한 도수를 골라 확인하기 쉬움,29300,KRW,,,,https://www.san-nishimura.co.jp/product/item/?key_word=499-D-4
499-D-6,テストレンズ(フラット) P 6°,테스트렌즈(플랫) P 6°,検眼・見え方確認,必要な度数を選んで確認しやすい,검안 및 시야 확인,필요한 도수를 골라 확인하기 쉬움,29300,KRW,,,,https://www.san-nishimura.co.jp/product/item/?key_word=499-D-6
499-E-OC,テストレンズ(フラット) 遮蔽版,테스트렌즈(플랫),検眼・見え方確認,必要な度数を選んで確認しやすい,검안 및 시야 확인,필요한 도수를 골라 확인하기 쉬움,19600,KRW,,,,https://www.san-nishimura.co.jp/product/item/?key_word=499-E-OC
499-E-PH0.5,テストレンズ(フラット) ピンホール0.5mm,테스트렌즈(플랫) 0.5mm,検眼・見え方確認,必要な度数を選んで確認しやすい,검안 및 시야 확인,필요한 도수를 골라 확인하기 쉬움,19600,KRW,,,,https://www.san-nishimura.co.jp/product/item/?key_word=499-E-PH0.5
499-E-PH1.0,テストレンズ(フラット) ピンホール1.0mm,테스트렌즈(플랫) 1.0mm,検眼・見え方確認,必要な度数を選んで確認しやすい,검안 및 시야 확인,필요한 도수를 골라 확인하기 쉬움,19600,KRW,,,,https://www.san-nishimura.co.jp/product/item/?key_word=499-E-PH1.0
499-E-PH1.5,テストレンズ(フラット) ピンホール1.5mm,테스트렌즈(플랫) 1.5mm,検眼・見え方確認,必要な度数を選んで確認しやすい,검안 및 시야 확인,필요한 도수를 골라 확인하기 쉬움,19600,KRW,,,,https://www.san-nishimura.co.jp/product/item/?key_word=499-E-PH1.5
499-E-SL0.5,テストレンズ(フラット) スリット0.5mm,테스트렌즈(플랫) 0.5mm,検眼・見え方確認,必要な度数を選んで確認しやすい,검안 및 시야 확인,필요한 도수를 골라 확인하기 쉬움,19600,KRW,,,,https://www.san-nishimura.co.jp/product/item/?key_word=499-E-SL0.5
499-E-SL1.0,テストレンズ(フラット) スリット1.0mm,테스트렌즈(플랫) 1.0mm,検眼・見え方確認,必要な度数を選んで確認しやすい,검안 및 시야 확인,필요한 도수를 골라 확인하기 쉬움,19600,KRW,,,,https://www.san-nishimura.co.jp/product/item/?key_word=499-E-SL1.0
499-F-B,テストレンズ(フラット) 色板(青),테스트렌즈(플랫) (),検眼・見え方確認,必要な度数を選んで確認しやすい,검안 및 시야 확인,필요한 도수를 골라 확인하기 쉬움,57800,KRW,,,,https://www.san-nishimura.co.jp/product/item/?key_word=499-F-B
499-F-BR,テストレンズ(フラット) 色板(茶),테스트렌즈(플랫) (),検眼・見え方確認,必要な度数を選んで確認しやすい,검안 및 시야 확인,필요한 도수를 골라 확인하기 쉬움,57800,KRW,,,,https://www.san-nishimura.co.jp/product/item/?key_word=499-F-BR
499-F-GR,テストレンズ(フラット) 色板(緑),테스트렌즈(플랫) (),検眼・見え方確認,必要な度数を選んで確認しやすい,검안 및 시야 확인,필요한 도수를 골라 확인하기 쉬움,57800,KRW,,,,https://www.san-nishimura.co.jp/product/item/?key_word=499-F-GR
499-F-RE,テストレンズ(フラット) 色板(赤),테스트렌즈(플랫) (),検眼・見え方確認,必要な度数を選んで確認しやすい,검안 및 시야 확인,필요한 도수를 골라 확인하기 쉬움,57800,KRW,,,,https://www.san-nishimura.co.jp/product/item/?key_word=499-F-RE
499-G+3.50,テストレンズ(フラット) C+3.50,테스트렌즈(플랫) C+3.50,検眼・見え方確認,必要な度数を選んで確認しやすい,검안 및 시야 확인,필요한 도수를 골라 확인하기 쉬움,35200,KRW,,,,https://www.san-nishimura.co.jp/product/item/?key_word=499-G%2B3.50
499-G-3.50,テストレンズ(フラット) C-3.50,테스트렌즈(플랫) C-3.50,検眼・見え方確認,必要な度数を選んで確認しやすい,검안 및 시야 확인,필요한 도수를 골라 확인하기 쉬움,35200,KRW,,,,https://www.san-nishimura.co.jp/product/item/?key_word=499-G-3.50
499-G+4.00,テストレンズ(フラット) C+4.00,테스트렌즈(플랫) C+4.00,検眼・見え方確認,必要な度数を選んで確認しやすい,검안 및 시야 확인,필요한 도수를 골라 확인하기 쉬움,35200,KRW,,,,https://www.san-nishimura.co.jp/product/item/?key_word=499-G%2B4.00
499-G-4.00,テストレンズ(フラット) C-4.00,테스트렌즈(플랫) C-4.00,検眼・見え方確認,必要な度数を選んで確認しやすい,검안 및 시야 확인,필요한 도수를 골라 확인하기 쉬움,35200,KRW,,,,https://www.san-nishimura.co.jp/product/item/?key_word=499-G-4.00
499-H+4.50,テストレンズ(フラット) C+4.50,테스트렌즈(플랫) C+4.50,検眼・見え方確認,必要な度数を選んで確認しやすい,검안 및 시야 확인,필요한 도수를 골라 확인하기 쉬움,39100,KRW,,,,https://www.san-nishimura.co.jp/product/item/?key_word=499-H%2B4.50
499-H-4.50,テストレンズ(フラット) C-4.50,테스트렌즈(플랫) C-4.50,検眼・見え方確認,必要な度数を選んで確認しやすい,검안 및 시야 확인,필요한 도수를 골라 확인하기 쉬움,39100,KRW,,,,https://www.san-nishimura.co.jp/product/item/?key_word=499-H-4.50
499-H+5.00,テストレンズ(フラット) C+5.00,테스트렌즈(플랫) C+5.00,検眼・見え方確認,必要な度数を選んで確認しやすい,검안 및 시야 확인,필요한 도수를 골라 확인하기 쉬움,39100,KRW,,,,https://www.san-nishimura.co.jp/product/item/?key_word=499-H%2B5.00
499-H-5.00,テストレンズ(フラット) C-5.00,테스트렌즈(플랫) C-5.00,検眼・見え方確認,必要な度数を選んで確認しやすい,검안 및 시야 확인,필요한 도수를 골라 확인하기 쉬움,39100,KRW,,,,https://www.san-nishimura.co.jp/product/item/?key_word=499-H-5.00
499-I-RE,テストレンズ (マドックス赤),테스트렌즈 (),検眼・見え方確認,必要な度数を選んで確認しやすい,검안 및 시야 확인,필요한 도수를 골라 확인하기 쉬움,74300,KRW,,,,https://www.san-nishimura.co.jp/product/item/?key_word=499-I-RE
499-I-W,テストレンズ (マドックス白),테스트렌즈 (),検眼・見え方確認,必要な度数を選んで確認しやすい,검안 및 시야 확인,필요한 도수를 골라 확인하기 쉬움,74300,KRW,,,,https://www.san-nishimura.co.jp/product/item/?key_word=499-I-W
499-M-A,テストレンズ(メニス) (S±0.00~S±10.00),테스트렌즈() (S±0.00~S±10.00),検眼・見え方確認,必要な度数を選んで確認しやすい,검안 및 시야 확인,필요한 도수를 골라 확인하기 쉬움,39100,KRW,,,,https://www.san-nishimura.co.jp/product/item/?key_word=499-M-A
499-M-B,テストレンズ(メニス) (S±11.00~S±20.00),테스트렌즈() (S±11.00~S±20.00),検眼・見え方確認,必要な度数を選んで確認しやすい,검안 및 시야 확인,필요한 도수를 골라 확인하기 쉬움,48900,KRW,,,,https://www.san-nishimura.co.jp/product/item/?key_word=499-M-B
499-M-C,テストレンズ(メニス) (C±0.25~C±3.00),테스트렌즈() (C±0.25~C±3.00),検眼・見え方確認,必要な度数を選んで確認しやすい,검안 및 시야 확인,필요한 도수를 골라 확인하기 쉬움,62600,KRW,,,,https://www.san-nishimura.co.jp/product/item/?key_word=499-M-C
499-M-D,テストレンズ(メニス) (P1/2~P6),테스트렌즈() (P1/2~P6),検眼・見え方確認,必要な度数を選んで確認しやすい,검안 및 시야 확인,필요한 도수를 골라 확인하기 쉬움,52800,KRW,,,,https://www.san-nishimura.co.jp/product/item/?key_word=499-M-D
499-M-E,テストレンズ 黒板(無孔、円孔、裂孔),테스트렌즈 (、 、),検眼・見え方確認,必要な度数を選んで確認しやすい,검안 및 시야 확인,필요한 도수를 골라 확인하기 쉬움,19600,KRW,,,,https://www.san-nishimura.co.jp/product/item/?key_word=499-M-E
499-M-F,テストレンズ 色板(赤、緑、青、茶),테스트렌즈 (、 、 、),検眼・見え方確認,必要な度数を選んで確認しやすい,검안 및 시야 확인,필요한 도수를 골라 확인하기 쉬움,31300,KRW,,,,https://www.san-nishimura.co.jp/product/item/?key_word=499-M-F
499-M-G,テストレンズ(メニス) (C±3.50~C±4.00),테스트렌즈() (C±3.50~C±4.00),検眼・見え方確認,必要な度数を選んで確認しやすい,검안 및 시야 확인,필요한 도수를 골라 확인하기 쉬움,70400,KRW,,,,https://www.san-nishimura.co.jp/product/item/?key_word=499-M-G
499-M-H,テストレンズ(メニス) (C±4.50~C±5.00),테스트렌즈() (C±4.50~C±5.00),検眼・見え方確認,必要な度数を選んで確認しやすい,검안 및 시야 확인,필요한 도수를 골라 확인하기 쉬움,76200,KRW,,,,https://www.san-nishimura.co.jp/product/item/?key_word=499-M-H
499-M-I,テストレンズ (マドックス赤・白),테스트렌즈 (),検眼・見え方確認,必要な度数を選んで確認しやすい,검안 및 시야 확인,필요한 도수를 골라 확인하기 쉬움,74300,KRW,,,,https://www.san-nishimura.co.jp/product/item/?key_word=499-M-I
499-AT10,球面S±6.25、±6.75,S±6.25、±6.75,検眼・見え方確認,必要な度数を選んで確認しやすい,검안 및 시야 확인,필요한 도수를 골라 확인하기 쉬움,78200,KRW,,,,https://www.san-nishimura.co.jp/product/item/?key_word=499-AT10
499-AT20,球面S±7.25、±7.75,S±7.25、±7.75,検眼・見え方確認,必要な度数を選んで確認しやすい,검안 및 시야 확인,필요한 도수를 골라 확인하기 쉬움,78200,KRW,,,,https://www.san-nishimura.co.jp/product/item/?key_word=499-AT20
499-AT30,球面S±7.50、±8.50、±9.50,S±7.50、±8.50、±9.50,検眼・見え方確認,必要な度数を選んで確認しやすい,검안 및 시야 확인,필요한 도수를 골라 확인하기 쉬움,41100,KRW,,,,https://www.san-nishimura.co.jp/product/item/?key_word=499-AT30
499-AT40,球面S±8.25、±8.75,S±8.25、±8.75,検眼・見え方確認,必要な度数を選んで確認しやすい,검안 및 시야 확인,필요한 도수를 골라 확인하기 쉬움,86000,KRW,,,,https://www.san-nishimura.co.jp/product/item/?key_word=499-AT40
499-AT50,球面S±9.25、±9.75,S±9.25、±9.75,検眼・見え方確認,必要な度数を選んで確認しやすい,검안 및 시야 확인,필요한 도수를 골라 확인하기 쉬움,86000,KRW,,,,https://www.san-nishimura.co.jp/product/item/?key_word=499-AT50
499-BT10,球面S±14.00、±15.00、±18.00,S±14.00、±15.00、±18.00,検眼・見え方確認,必要な度数を選んで確認しやすい,검안 및 시야 확인,필요한 도수를 골라 확인하기 쉬움,39100,KRW,,,,https://www.san-nishimura.co.jp/product/item/?key_word=499-BT10
499-CT10,乱視C±2.75,C±2.75,検眼・見え方確認,必要な度数を選んで確認しやすい,검안 및 시야 확인,필요한 도수를 골라 확인하기 쉬움,41100,KRW,,,,https://www.san-nishimura.co.jp/product/item/?key_word=499-CT10
499-DT10,プリズムP.5、P.7、P.8°,P.5、P.7、P.8°,検眼・見え方確認,必要な度数を選んで確認しやすい,검안 및 시야 확인,필요한 도수를 골라 확인하기 쉬움,52800,KRW,,,,https://www.san-nishimura.co.jp/product/item/?key_word=499-DT10
547N,センサースタンド,스탠드,展示・販売促進,商品やサービスを見せやすい,진열 및 판매 촉진,상품과 서비스를 보여주기 쉬움,293300,KRW,,カタログP.272,547N_1.jpg,https://www.san-nishimura.co.jp/product/item/%e3%82%bb%e3%83%b3%e3%82%b5%e3%83%bc%e3%82%b9%e3%82%bf%e3%83%b3%e3%83%89-2/
565,ベティスタンド,스탠드,展示・販売促進,商品やサービスを見せやすい,진열 및 판매 촉진,상품과 서비스를 보여주기 쉬움,95200,KRW,,カタログP.272,565_1.jpg,https://www.san-nishimura.co.jp/product/item/%e3%83%99%e3%83%86%e3%82%a3%e3%82%b9%e3%82%bf%e3%83%b3%e3%83%89/
600,ソフレモダン,Sofre팁,モダン交換,耳まわりの掛け心地と見た目を整えやすい,모던 교체,귀 주변 착용감과 외관을 정돈하기 쉬움,51000,KRW,10本,カタログP.72,600_1.jpg,https://www.san-nishimura.co.jp/product/item/%e3%82%bd%e3%83%95%e3%83%ac%e3%83%a2%e3%83%80%e3%83%b3/
600BK,ソフレモダン(ブラック),Sofre팁(블랙),モダン交換,耳まわりの掛け心地と見た目を整えやすい,모던 교체,귀 주변 착용감과 외관을 정돈하기 쉬움,51000,KRW,,,600BK_1.jpg,https://www.san-nishimura.co.jp/product/item/?key_word=600BK
600BR,ソフレモダン(ブラウン),Sofre팁(브라운),モダン交換,耳まわりの掛け心地と見た目を整えやすい,모던 교체,귀 주변 착용감과 외관을 정돈하기 쉬움,51000,KRW,,,600BR_1.jpg,https://www.san-nishimura.co.jp/product/item/?key_word=600BR
600LB,ソフレモダン(ライトブルー),Sofre팁(라이트 블루),モダン交換,耳まわりの掛け心地と見た目を整えやすい,모던 교체,귀 주변 착용감과 외관을 정돈하기 쉬움,51000,KRW,,,600LB_1.jpg,https://www.san-nishimura.co.jp/product/item/?key_word=600LB
600LBR,ソフレモダン(ライトブラウン),Sofre팁(라이트브라운),モダン交換,耳まわりの掛け心地と見た目を整えやすい,모던 교체,귀 주변 착용감과 외관을 정돈하기 쉬움,51000,KRW,,,600LBR_1.jpg,https://www.san-nishimura.co.jp/product/item/?key_word=600LBR
600P,ソフレモダン(ピンク),Sofre팁(핑크),モダン交換,耳まわりの掛け心地と見た目を整えやすい,모던 교체,귀 주변 착용감과 외관을 정돈하기 쉬움,51000,KRW,,,600P_1.jpg,https://www.san-nishimura.co.jp/product/item/?key_word=600P
600RE,ソフレモダン(レッド),Sofre팁(레드),モダン交換,耳まわりの掛け心地と見た目を整えやすい,모던 교체,귀 주변 착용감과 외관을 정돈하기 쉬움,51000,KRW,,,,https://www.san-nishimura.co.jp/product/item/?key_word=600RE
600L,ソフレモダン 平芯,Sofre팁 평면,モダン交換,耳まわりの掛け心地と見た目を整えやすい,모던 교체,귀 주변 착용감과 외관을 정돈하기 쉬움,51000,KRW,10本,カタログP.72,600L_1.jpg,https://www.san-nishimura.co.jp/product/item/%e3%82%bd%e3%83%95%e3%83%ac%e3%83%a2%e3%83%80%e3%83%b3-2/
600L-BK,ソフレモダン 平芯(ブラック),Sofre팁 평면 (블랙),モダン交換,耳まわりの掛け心地と見た目を整えやすい,모던 교체,귀 주변 착용감과 외관을 정돈하기 쉬움,51000,KRW,,,600L-BK_1.jpg,https://www.san-nishimura.co.jp/product/item/?key_word=600L-BK
600L-BR,ソフレモダン 平芯(ブラウン),Sofre팁 평면 (브라운),モダン交換,耳まわりの掛け心地と見た目を整えやすい,모던 교체,귀 주변 착용감과 외관을 정돈하기 쉬움,51000,KRW,,,600L-BR_1.jpg,https://www.san-nishimura.co.jp/product/item/?key_word=600L-BR
602,眼鏡サシ,안경 자,検査・測定,状態確認と加工判断をしやすい,검사 및 측정,상태 확인과 가공 판단이 쉬움,7800,KRW,,"カタログP.172,173",602_1.jpg,https://www.san-nishimura.co.jp/product/item/%e7%9c%bc%e9%8f%a1%e3%82%b5%e3%82%b7-3/
603-A,スリムフィット 1ペア,1쌍,鼻パッド交換・調整,当たりと掛け心地を整えやすい,코패드 교체 및 조정,맞닿는 느낌과 착용감을 조정하기 쉬움,5100,KRW,1ペア,カタログP.77,603-A_1.jpg,https://www.san-nishimura.co.jp/product/item/%e3%82%b9%e3%83%aa%e3%83%a0%e3%83%95%e3%82%a3%e3%83%83%e3%83%88/
603-B,スリムフィット(ブラック) 1ペア,(블랙) 1쌍,鼻パッド交換・調整,当たりと掛け心地を整えやすい,코패드 교체 및 조정,맞닿는 느낌과 착용감을 조정하기 쉬움,5100,KRW,1ペア,カタログP.77,603-B_1.jpg,https://www.san-nishimura.co.jp/product/item/%e3%82%b9%e3%83%aa%e3%83%a0%e3%83%95%e3%82%a3%e3%83%83%e3%83%88/
606,マルチドライバーセット(キーホルダー付),멀티드라이버세트(홀더포함),ネジ調整,日常修理をスムーズにしやすい,나사 조정,일상 수리를 원활하게 하기 쉬움,215100,KRW,1本,カタログP.163,606_1.jpg,https://www.san-nishimura.co.jp/product/item/%e3%83%9e%e3%83%ab%e3%83%81%e3%83%89%e3%83%a9%e3%82%a4%e3%83%90%e3%83%bc%e3%82%bb%e3%83%83%e3%83%88%e3%82%ad%e3%83%bc%e3%83%9b%e3%83%ab%e3%83%80%e3%83%bc/
606-G,マルチドライバーG 1本,멀티드라이버G 1,ネジ調整,日常修理をスムーズにしやすい,나사 조정,일상 수리를 원활하게 하기 쉬움,10800,KRW,1本,カタログP.163,606-G_1.jpg,https://www.san-nishimura.co.jp/product/item/?key_word=606-G
606-W,マルチドライバーW 1本,멀티드라이버W 1,ネジ調整,日常修理をスムーズにしやすい,나사 조정,일상 수리를 원활하게 하기 쉬움,10800,KRW,1本,カタログP.163,606-W_1.jpg,https://www.san-nishimura.co.jp/product/item/?key_word=606-W
610-A,ヤットコ,플라이어,カット加工,狙った位置を切りやすい,절단 가공,원하는 위치를 자르기 쉬움,102000,KRW,,カタログP.141,610-A_1.jpg,https://www.san-nishimura.co.jp/product/item/%e3%83%a4%e3%83%83%e3%83%88%e3%82%b3610-a/
610-1,No.610ヤットコ先プラスチック,No.610플라이어플라스틱 팁스틱,ヤットコ先端交換・保護,調整時のキズを抑えやすい,플라이어 팁 교체 및 보호,조정 중 흠집을 줄이기 쉬움,6900,KRW,,,610-1_1.jpg,https://www.san-nishimura.co.jp/product/item/?key_word=610-1
611,集塵器,집진기,レンズ・フレーム加工,加工精度や仕上がりをそろえやすい,렌즈 및 프레임 가공,가공 정밀도와 마감을 일정하게 하기 쉬움,97800,KRW,,カタログP.220,611_1.jpg,https://www.san-nishimura.co.jp/product/item/%e9%9b%86%e5%a1%b5%e5%99%a8/
612-B,ヤットコ,플라이어,ツーポネジ長さ調整,必要な長さに切りそろえやすい,무테 나사 길이 조정,필요한 길이로 자르기 쉬움,113900,KRW,,"カタログP.133,171",612-B_1.jpg,https://www.san-nishimura.co.jp/product/item/?key_word=612-B
612-1,ヤットコ先プラスチック,플라이어플라스틱 팁스틱,ヤットコ先端交換・保護,調整時のキズを抑えやすい,플라이어 팁 교체 및 보호,조정 중 흠집을 줄이기 쉬움,6900,KRW,,,,https://www.san-nishimura.co.jp/product/item/?key_word=612-1
613-B,ヤットコ,플라이어,ブリッジ角度調整,前面バランスを整えやすい,브리지 각도 조정,전면 밸런스를 맞추기 쉬움,125800,KRW,,"カタログP.138,170",613-B_1.jpg,https://www.san-nishimura.co.jp/product/item/?key_word=613-B
613-1,No.613ヤットコ先プラスチック(小),No.613플라이어플라스틱 팁스틱(소),ヤットコ先端交換・保護,調整時のキズを抑えやすい,플라이어 팁 교체 및 보호,조정 중 흠집을 줄이기 쉬움,6900,KRW,,,,https://www.san-nishimura.co.jp/product/item/?key_word=613-1
613-2,No.613ネジ・ナットのみ,No.613나사 너트단품,ツーポイント固定・補修,寸法を合わせて外れを補修しやすい,무테 프레임 고정 및 보수,치수를 맞춰 이탈 부위를 보수하기 쉬움,2000,KRW,,,,https://www.san-nishimura.co.jp/product/item/?key_word=613-2
613-3,No.613ヤットコ先プラスチック(大),No.613플라이어플라스틱 팁스틱(대),ヤットコ先端交換・保護,調整時のキズを抑えやすい,플라이어 팁 교체 및 보호,조정 중 흠집을 줄이기 쉬움,6900,KRW,,,,https://www.san-nishimura.co.jp/product/item/?key_word=613-3
614,ヤットコ,플라이어,智固定・調整補助,フレームを安定させて角度調整しやすい,엔드피스 고정 및 조정 보조,프레임을 안정시켜 각도 조정이 쉬움,69700,KRW,,"カタログP.86,127,172",614_1.jpg,https://www.san-nishimura.co.jp/product/item/%e3%83%a4%e3%83%83%e3%83%88%e3%82%b3614/
614-A,"ヤットコ先プラスチック(2組入)三ツマタA[614,1006]兼用","플라이어플라스틱 팁스틱(2 입) A[614,1006]",ヤットコ先端交換・保護,調整時のキズを抑えやすい,플라이어 팁 교체 및 보호,조정 중 흠집을 줄이기 쉬움,9800,KRW,2組,カタログP.127,614-A_1.jpg,https://www.san-nishimura.co.jp/product/item/?key_word=614-A
614-B,"ヤットコ先プラスチック(2組入)直線B[614,1006]兼用","플라이어플라스틱 팁스틱(2 입) B[614,1006]",ヤットコ先端交換・保護,調整時のキズを抑えやすい,플라이어 팁 교체 및 보호,조정 중 흠집을 줄이기 쉬움,9800,KRW,2組,カタログP.127,614-B_1.jpg,https://www.san-nishimura.co.jp/product/item/?key_word=614-B
615,集熱カバー,집열 커버,機器部品交換・補修,機器を使い続けやすい,장비 부품 교체 및 보수,장비를 계속 사용하기 쉬움,15600,KRW,,"カタログP.202,262",615_1.jpg,https://www.san-nishimura.co.jp/product/item/%e3%81%97%e3%82%85%e3%81%86%e3%81%ad%e3%81%a4%e3%81%8b%e3%81%b0%e3%83%bc-2/
617,ヤットコ(プラスチック付),플라이어(플라스틱포함),鼻パッド角度調整,取付金具を安定してつかみやすい,코패드 각도 조정,장착 금구를 안정적으로 잡기 쉬움,95200,KRW,,カタログP.129,617_1.jpg,https://www.san-nishimura.co.jp/product/item/%e3%83%a4%e3%83%83%e3%83%88%e3%82%b3617/
617-1,No.617ヤットコ先プラスチック,No.617플라이어플라스틱 팁스틱,ヤットコ先端交換・保護,調整時のキズを抑えやすい,플라이어 팁 교체 및 보호,조정 중 흠집을 줄이기 쉬움,6900,KRW,,,,https://www.san-nishimura.co.jp/product/item/?key_word=617-1
623-A,レンズロックテープ(10シート、100ヶ入),렌즈잠금테이프(10시트、100 입),作業時の保護,キズや汚れを防ぎやすい,작업 중 보호,흠집과 오염을 막기 쉬움,14100,KRW,100ヶ,カタログP.246,623-A_1.jpg,https://www.san-nishimura.co.jp/product/item/?key_word=623-A
623-B,レンズロックテープ(1ロール、1000ヶ入),렌즈잠금테이프(1롤、1000 입),作業時の保護,キズや汚れを防ぎやすい,작업 중 보호,흠집과 오염을 막기 쉬움,126700,KRW,1000ヶ,カタログP.246,623-B_1.jpg,https://www.san-nishimura.co.jp/product/item/?key_word=623-B
626,工具セット(18点セット),공구 세트(18 세트),工具・部品の一括準備,必要なものをまとめて揃えやすい,공구·부품 일괄 준비,필요한 것을 한 번에 갖추기 쉬움,787100,KRW,,カタログP.171,626_1.jpg,https://www.san-nishimura.co.jp/product/item/%e5%b7%a5%e5%85%b7%e3%82%bb%e3%83%83%e3%83%8818%e7%82%b9/
628,工具セット(25点セット),공구 세트(25 세트),工具・部品の一括準備,必要なものをまとめて揃えやすい,공구·부품 일괄 준비,필요한 것을 한 번에 갖추기 쉬움,1416100,KRW,,カタログP.171,628_1.jpg,https://www.san-nishimura.co.jp/product/item/%e5%b7%a5%e5%85%b7%e3%82%bb%e3%83%83%e3%83%8825%e7%82%b9/
629,工具セット(37点セット),공구 세트(37 세트),工具・部品の一括準備,必要なものをまとめて揃えやすい,공구·부품 일괄 준비,필요한 것을 한 번에 갖추기 쉬움,1941400,KRW,,カタログP.171,629_1.jpg,https://www.san-nishimura.co.jp/product/item/?key_word=629
630-1,ケース丈,케이스,収納・保護,持ち帰りや保管に使いやすい,수납 및 보호,휴대와 보관에 쓰기 쉬움,72300,KRW,2本,カタログP.172,630-1_1.jpg,https://www.san-nishimura.co.jp/product/item/%e3%83%84%e3%83%bc%e3%83%ab%e3%83%90%e3%83%83%e3%82%b0/
630,外販工具セット(11点セット),공구 세트(11 세트),工具・部品の一括準備,必要なものをまとめて揃えやすい,공구·부품 일괄 준비,필요한 것을 한 번에 갖추기 쉬움,544000,KRW,,カタログP.172,630_1.jpg,https://www.san-nishimura.co.jp/product/item/%e5%a4%96%e8%b2%a9%e5%b7%a5%e5%85%b7%e3%82%bb%e3%83%83%e3%83%8811%e7%82%b9/
631N,スタンダードロータリー(ハンドドリル),(드릴),穴あけ・穴調整,穴径や位置を整えやすい,구멍 가공 및 조정,구멍 크기와 위치를 맞추기 쉬움,2318600,KRW,,カタログP.205,631N_1.jpg,https://www.san-nishimura.co.jp/product/item/%e3%82%b9%e3%82%bf%e3%83%b3%e3%83%80%e3%83%bc%e3%83%89%e3%83%ad%e3%83%bc%e3%82%bf%e3%83%aa%e3%83%bc%e3%83%8f%e3%83%b3%e3%83%89%e3%83%89%e3%83%aa%e3%83%ab/
632-B,ヤットコ,플라이어,クリングス微調整,小さなパット足を正確につかみやすい,클링스 미세 조정,작은 패드 암을 정확히 잡기 쉬움,62900,KRW,,カタログP.125,632-B_1.jpg,https://www.san-nishimura.co.jp/product/item/?key_word=632-B
634S,モアシンプル カラー3本セット(56.58.60),3 세트(56.58.60),視力検査の補助,検査条件を整えやすい,시력검사 보조,검사 조건을 갖추기 쉬움,270300,KRW,3本,"カタログP.188,189",634S_1.jpg,https://www.san-nishimura.co.jp/product/item/?key_word=634S
636-B,型板(大)B透明(20枚入),(대)B투명(20 입),レンズ加工形状の型取り,加工形状をそろえやすい,렌즈 가공 형상 본뜨기,가공 형상을 일정하게 하기 쉬움,59500,KRW,20枚,カタログP.257,636-B_1.jpg,https://www.san-nishimura.co.jp/product/item/%e5%9e%8b%e6%9d%bf%e5%a4%a7%e9%80%8f%e6%98%8e/
638-A,カラーケースAピンク(5箱入),케이스A핑크(5 입),収納・保護,持ち帰りや保管に使いやすい,수납 및 보호,휴대와 보관에 쓰기 쉬움,61200,KRW,,カタログP.251,638-A_1.jpg,https://www.san-nishimura.co.jp/product/item/?key_word=638-A
638-B,カラーケースBグリーン(5箱入),케이스B그린(5 입),収納・保護,持ち帰りや保管に使いやすい,수납 및 보호,휴대와 보관에 쓰기 쉬움,61200,KRW,,カタログP.251,638-B_1.jpg,https://www.san-nishimura.co.jp/product/item/?key_word=638-B
638-C,カラーケースC透明(5箱入),케이스C투명(5 입),収納・保護,持ち帰りや保管に使いやすい,수납 및 보호,휴대와 보관에 쓰기 쉬움,61200,KRW,,カタログP.251,638-C_1.jpg,https://www.san-nishimura.co.jp/product/item/?key_word=638-C
638-D,No.638カラーケース用ラック(5段),No.638 케이스 (5),収納・保護,持ち帰りや保管に使いやすい,수납 및 보호,휴대와 보관에 쓰기 쉬움,112200,KRW,,カタログP.250,638-D_1.jpg,https://www.san-nishimura.co.jp/product/item/?key_word=638-D
638-E,No.638カラーケース用ラック(3段),No.638 케이스 (3),収納・保護,持ち帰りや保管に使いやすい,수납 및 보호,휴대와 보관에 쓰기 쉬움,102000,KRW,,カタログP.250,638-E_1.jpg,https://www.san-nishimura.co.jp/product/item/?key_word=638-E
639,修正砥石(荒),연마석(),削り・仕上げ加工,細かな形状調整と面取りをしやすい,절삭 및 마감 가공,세밀한 형상 조정과 면취가 쉬움,85000,KRW,5本,カタログP.236,639_1.jpg,https://www.san-nishimura.co.jp/product/item/%e3%82%b7%e3%83%aa%e3%82%b3%e3%83%b3%e3%83%91%e3%83%83%e3%83%88/
640,修正砥石(仕上),연마석(),削り・仕上げ加工,細かな形状調整と面取りをしやすい,절삭 및 마감 가공,세밀한 형상 조정과 면취가 쉬움,85000,KRW,5本,カタログP.236,640_1.jpg,https://www.san-nishimura.co.jp/product/item/?key_word=640
641,消臭スプレー,탈취 스프레이,レンズ加工環境の処理,清掃や設備管理を行いやすい,렌즈 가공 환경 처리,청소와 장비 관리를 하기 쉬움,18600,KRW,,カタログP.252,641_1.jpg,https://www.san-nishimura.co.jp/product/item/%e6%b6%88%e8%87%ad%e3%82%b9%e3%83%97%e3%83%ac%e3%83%bc/
642,ヤットコ,플라이어,テンプル開き調整,左右の開きと掛け心地を整えやすい,템플 벌어짐 조정,좌우 벌어짐과 착용감을 맞추기 쉬움,88400,KRW,,"カタログP.136,170",642_1.jpg,https://www.san-nishimura.co.jp/product/item/%E3%83%A4%E3%83%83%E3%83%88%E3%82%B3642/
642-P,ヤットコ(プレミアムライン),플라이어(프리미엄 라인),テンプル開き調整,左右の開きと掛け心地を整えやすい,템플 벌어짐 조정,좌우 벌어짐과 착용감을 맞추기 쉬움,146200,KRW,,カタログP.136,642-P_1.jpg,https://www.san-nishimura.co.jp/product/item/%e3%83%97%e3%83%ac%e3%83%9f%e3%82%a2%e3%83%a0%e3%83%a4%e3%83%83%e3%83%88%e3%82%b3-642p/
642-1,No.642ヤットコ先プラスチック,No.642플라이어플라스틱 팁스틱,ヤットコ先端交換・保護,調整時のキズを抑えやすい,플라이어 팁 교체 및 보호,조정 중 흠집을 줄이기 쉬움,6900,KRW,,,,https://www.san-nishimura.co.jp/product/item/?key_word=642-1
643,工具台(木製),공구대(),工具整理・収納,必要な工具を取り出しやすい,공구 정리 및 수납,필요한 공구를 꺼내기 쉬움,57800,KRW,,"カタログP.169,170",643_1.jpg,https://www.san-nishimura.co.jp/product/item/%e5%b7%a5%e5%85%b7%e5%8f%b0-4/
644,モダンCPセット,팁CP세트,モダン交換,耳まわりの掛け心地と見た目を整えやすい,모던 교체,귀 주변 착용감과 외관을 정돈하기 쉬움,141100,KRW,2本,カタログP.70,644_1.jpg,https://www.san-nishimura.co.jp/product/item/?key_word=644
645,±RedネジセットW(丁番用),±Red나사세트W(힌지),丁番・テンプル開閉部の補修,開閉の動きやガタつきを整えやすい,힌지 및 템플 개폐부 보수,개폐 움직임과 흔들림을 정돈하기 쉬움,109500,KRW,,カタログP.32,645_1.jpg,https://www.san-nishimura.co.jp/product/item/?key_word=645
645-337,±RedネジW平頭 1.4×2.3,±Red나사W평면 1.4×2.3,ネジ交換・固定,ゆるみや紛失時に対応しやすい,나사 교체 및 고정,풀림이나 분실에 대응하기 쉬움,5100,KRW,10本,"カタログP.32,33",645-337_1.jpg,https://www.san-nishimura.co.jp/product/item/%c2%b1redn-%e3%83%8d%e3%82%b8w-2/
645-337A,±RedネジW平頭(100本入),±Red나사W평면 (100개),ネジ交換・固定,ゆるみや紛失時に対応しやすい,나사 교체 및 고정,풀림이나 분실에 대응하기 쉬움,48600,KRW,100本,,,https://www.san-nishimura.co.jp/product/item/?key_word=645-337A
645-337B,±RedネジW平頭(300本入),±Red나사W평면 (300개),ネジ交換・固定,ゆるみや紛失時に対応しやすい,나사 교체 및 고정,풀림이나 분실에 대응하기 쉬움,136000,KRW,300本,,,https://www.san-nishimura.co.jp/product/item/?key_word=645-337B
645-337S,±RedネジW平頭(50本入),±Red나사W평면 (50개),ネジ交換・固定,ゆるみや紛失時に対応しやすい,나사 교체 및 고정,풀림이나 분실에 대응하기 쉬움,25200,KRW,50本,,,https://www.san-nishimura.co.jp/product/item/?key_word=645-337S
645-338,±RedネジW平頭 1.4×2.5,±Red나사W평면 1.4×2.5,ネジ交換・固定,ゆるみや紛失時に対応しやすい,나사 교체 및 고정,풀림이나 분실에 대응하기 쉬움,5100,KRW,10本,"カタログP.32,33",645-338_1.jpg,https://www.san-nishimura.co.jp/product/item/?key_word=645-338
645-338A,±RedネジW平頭(100本入),±Red나사W평면 (100개),ネジ交換・固定,ゆるみや紛失時に対応しやすい,나사 교체 및 고정,풀림이나 분실에 대응하기 쉬움,48600,KRW,100本,,,https://www.san-nishimura.co.jp/product/item/?key_word=645-338A
645-338B,±RedネジW平頭(300本入),±Red나사W평면 (300개),ネジ交換・固定,ゆるみや紛失時に対応しやすい,나사 교체 및 고정,풀림이나 분실에 대응하기 쉬움,136000,KRW,300本,,,https://www.san-nishimura.co.jp/product/item/?key_word=645-338B
645-338S,±RedネジW平頭(50本入),±Red나사W평면 (50개),ネジ交換・固定,ゆるみや紛失時に対応しやすい,나사 교체 및 고정,풀림이나 분실에 대응하기 쉬움,25200,KRW,50本,,,https://www.san-nishimura.co.jp/product/item/?key_word=645-338S
645-339,±RedネジW平頭 1.4×2.5,±Red나사W평면 1.4×2.5,ネジ交換・固定,ゆるみや紛失時に対応しやすい,나사 교체 및 고정,풀림이나 분실에 대응하기 쉬움,5100,KRW,7本,"カタログP.32,33",645-339_1.jpg,https://www.san-nishimura.co.jp/product/item/?key_word=645-339
645-339A,±RedネジW平頭(100本入),±Red나사W평면 (100개),ネジ交換・固定,ゆるみや紛失時に対応しやすい,나사 교체 및 고정,풀림이나 분실에 대응하기 쉬움,66300,KRW,100本,,,https://www.san-nishimura.co.jp/product/item/?key_word=645-339A
645-339B,±RedネジW平頭(300本入),±Red나사W평면 (300개),ネジ交換・固定,ゆるみや紛失時に対応しやすい,나사 교체 및 고정,풀림이나 분실에 대응하기 쉬움,178500,KRW,300本,,,https://www.san-nishimura.co.jp/product/item/?key_word=645-339B
645-339S,±RedネジW平頭(50本入),±Red나사W평면 (50개),ネジ交換・固定,ゆるみや紛失時に対応しやすい,나사 교체 및 고정,풀림이나 분실에 대응하기 쉬움,34000,KRW,50本,,,https://www.san-nishimura.co.jp/product/item/?key_word=645-339S
645-340,±RedネジW平頭 1.4×2.8,±Red나사W평면 1.4×2.8,ネジ交換・固定,ゆるみや紛失時に対応しやすい,나사 교체 및 고정,풀림이나 분실에 대응하기 쉬움,5100,KRW,10本,"カタログP.32,33",645-340_1.jpg,https://www.san-nishimura.co.jp/product/item/?key_word=645-340
645-340A,±RedネジW平頭(100本入),±Red나사W평면 (100개),ネジ交換・固定,ゆるみや紛失時に対応しやすい,나사 교체 및 고정,풀림이나 분실에 대응하기 쉬움,48600,KRW,100本,,,https://www.san-nishimura.co.jp/product/item/?key_word=645-340A
645-340B,±RedネジW平頭(300本入),±Red나사W평면 (300개),ネジ交換・固定,ゆるみや紛失時に対応しやすい,나사 교체 및 고정,풀림이나 분실에 대응하기 쉬움,136000,KRW,300本,,,https://www.san-nishimura.co.jp/product/item/?key_word=645-340B
645-340S,±RedネジW平頭(50本入),±Red나사W평면 (50개),ネジ交換・固定,ゆるみや紛失時に対応しやすい,나사 교체 및 고정,풀림이나 분실에 대응하기 쉬움,25200,KRW,50本,,,https://www.san-nishimura.co.jp/product/item/?key_word=645-340S
645-341,±RedネジW平頭 1.4×2.9,±Red나사W평면 1.4×2.9,ネジ交換・固定,ゆるみや紛失時に対応しやすい,나사 교체 및 고정,풀림이나 분실에 대응하기 쉬움,5100,KRW,10本,"カタログP.32,33",645-341_1.jpg,https://www.san-nishimura.co.jp/product/item/?key_word=645-341
645-342,±RedネジW平頭 1.4×3.0,±Red나사W평면 1.4×3.0,ネジ交換・固定,ゆるみや紛失時に対応しやすい,나사 교체 및 고정,풀림이나 분실에 대응하기 쉬움,5100,KRW,10本,"カタログP.32,33",645-342_1.jpg,https://www.san-nishimura.co.jp/product/item/?key_word=645-342
645-342A,±RedネジW平頭(100本入),±Red나사W평면 (100개),ネジ交換・固定,ゆるみや紛失時に対応しやすい,나사 교체 및 고정,풀림이나 분실에 대응하기 쉬움,48600,KRW,100本,,,https://www.san-nishimura.co.jp/product/item/?key_word=645-342A
645-342B,±RedネジW平頭(300本入),±Red나사W평면 (300개),ネジ交換・固定,ゆるみや紛失時に対応しやすい,나사 교체 및 고정,풀림이나 분실에 대응하기 쉬움,136000,KRW,300本,,,https://www.san-nishimura.co.jp/product/item/?key_word=645-342B
645-342S,±RedネジW平頭(50本入),±Red나사W평면 (50개),ネジ交換・固定,ゆるみや紛失時に対応しやすい,나사 교체 및 고정,풀림이나 분실에 대응하기 쉬움,25200,KRW,50本,,,https://www.san-nishimura.co.jp/product/item/?key_word=645-342S
645-343,±RedネジW平頭 1.4×3.2,±Red나사W평면 1.4×3.2,ネジ交換・固定,ゆるみや紛失時に対応しやすい,나사 교체 및 고정,풀림이나 분실에 대응하기 쉬움,5100,KRW,10本,"カタログP.32,33",645-343_1.jpg,https://www.san-nishimura.co.jp/product/item/?key_word=645-343
645-343A,±RedネジW平頭(100本入),±Red나사W평면 (100개),ネジ交換・固定,ゆるみや紛失時に対応しやすい,나사 교체 및 고정,풀림이나 분실에 대응하기 쉬움,48600,KRW,100本,,,https://www.san-nishimura.co.jp/product/item/?key_word=645-343A
645-343B,±RedネジW平頭(300本入),±Red나사W평면 (300개),ネジ交換・固定,ゆるみや紛失時に対応しやすい,나사 교체 및 고정,풀림이나 분실에 대응하기 쉬움,136000,KRW,300本,,,https://www.san-nishimura.co.jp/product/item/?key_word=645-343B
645-343S,±RedネジW平頭(50本入),±Red나사W평면 (50개),ネジ交換・固定,ゆるみや紛失時に対応しやすい,나사 교체 및 고정,풀림이나 분실에 대응하기 쉬움,25200,KRW,50本,,,https://www.san-nishimura.co.jp/product/item/?key_word=645-343S
645-344,±RedネジW平頭 1.4×3.5,±Red나사W평면 1.4×3.5,ネジ交換・固定,ゆるみや紛失時に対応しやすい,나사 교체 및 고정,풀림이나 분실에 대응하기 쉬움,5100,KRW,7本,"カタログP.32,33",645-344_1.jpg,https://www.san-nishimura.co.jp/product/item/?key_word=645-344
645-345,±RedネジW平頭 1.4×3.6,±Red나사W평면 1.4×3.6,ネジ交換・固定,ゆるみや紛失時に対応しやすい,나사 교체 및 고정,풀림이나 분실에 대응하기 쉬움,5100,KRW,10本,"カタログP.32,33",645-345_1.jpg,https://www.san-nishimura.co.jp/product/item/?key_word=645-345
645-345A,±RedネジW平頭(100本入),±Red나사W평면 (100개),ネジ交換・固定,ゆるみや紛失時に対応しやすい,나사 교체 및 고정,풀림이나 분실에 대응하기 쉬움,48600,KRW,100本,,,https://www.san-nishimura.co.jp/product/item/?key_word=645-345A
645-345B,±RedネジW平頭(300本入),±Red나사W평면 (300개),ネジ交換・固定,ゆるみや紛失時に対応しやすい,나사 교체 및 고정,풀림이나 분실에 대응하기 쉬움,136000,KRW,300本,,,https://www.san-nishimura.co.jp/product/item/?key_word=645-345B
645-345S,±RedネジW平頭(50本入),±Red나사W평면 (50개),ネジ交換・固定,ゆるみや紛失時に対応しやすい,나사 교체 및 고정,풀림이나 분실에 대응하기 쉬움,25200,KRW,50本,,,https://www.san-nishimura.co.jp/product/item/?key_word=645-345S
645-346,±RedネジW平頭 1.4×4.1,±Red나사W평면 1.4×4.1,ネジ交換・固定,ゆるみや紛失時に対応しやすい,나사 교체 및 고정,풀림이나 분실에 대응하기 쉬움,5100,KRW,10本,"カタログP.32,33",645-346_1.jpg,https://www.san-nishimura.co.jp/product/item/?key_word=645-346
645-346A,±RedネジW平頭(100本入),±Red나사W평면 (100개),ネジ交換・固定,ゆるみや紛失時に対応しやすい,나사 교체 및 고정,풀림이나 분실에 대응하기 쉬움,48600,KRW,100本,,,https://www.san-nishimura.co.jp/product/item/?key_word=645-346A
645-346B,±RedネジW平頭(300本入),±Red나사W평면 (300개),ネジ交換・固定,ゆるみや紛失時に対応しやすい,나사 교체 및 고정,풀림이나 분실에 대응하기 쉬움,136000,KRW,300本,,,https://www.san-nishimura.co.jp/product/item/?key_word=645-346B
645-346S,±RedネジW平頭(50本入),±Red나사W평면 (50개),ネジ交換・固定,ゆるみや紛失時に対応しやすい,나사 교체 및 고정,풀림이나 분실에 대응하기 쉬움,25200,KRW,50本,,,https://www.san-nishimura.co.jp/product/item/?key_word=645-346S
645-347,±RedネジW平頭 1.4×4.1,±Red나사W평면 1.4×4.1,ネジ交換・固定,ゆるみや紛失時に対応しやすい,나사 교체 및 고정,풀림이나 분실에 대응하기 쉬움,5100,KRW,7本,"カタログP.32,33",645-347_1.jpg,https://www.san-nishimura.co.jp/product/item/?key_word=645-347
645-348,±RedネジW平頭 1.4×4.3,±Red나사W평면 1.4×4.3,ネジ交換・固定,ゆるみや紛失時に対応しやすい,나사 교체 및 고정,풀림이나 분실에 대응하기 쉬움,5100,KRW,7本,"カタログP.32,33",645-348_1.jpg,https://www.san-nishimura.co.jp/product/item/?key_word=645-348
645-349,±RedネジW平頭 1.4×4.8,±Red나사W평면 1.4×4.8,ネジ交換・固定,ゆるみや紛失時に対応しやすい,나사 교체 및 고정,풀림이나 분실에 대응하기 쉬움,5100,KRW,7本,"カタログP.32,33",645-349_1.jpg,https://www.san-nishimura.co.jp/product/item/?key_word=645-349
645-531,±RedネジW平頭 1.7×3.7,±Red나사W평면 1.7×3.7,ネジ交換・固定,ゆるみや紛失時に対応しやすい,나사 교체 및 고정,풀림이나 분실에 대응하기 쉬움,5100,KRW,7本,"カタログP.32,33",645-531_1.jpg,https://www.san-nishimura.co.jp/product/item/?key_word=645-531
645-532,±RedネジW平頭 1.7×4.4,±Red나사W평면 1.7×4.4,ネジ交換・固定,ゆるみや紛失時に対応しやすい,나사 교체 및 고정,풀림이나 분실에 대응하기 쉬움,5100,KRW,7本,"カタログP.32,33",645-532_1.jpg,https://www.san-nishimura.co.jp/product/item/?key_word=645-532
645-533,±RedネジW平頭 1.7×4.6,±Red나사W평면 1.7×4.6,ネジ交換・固定,ゆるみや紛失時に対応しやすい,나사 교체 및 고정,풀림이나 분실에 대응하기 쉬움,5100,KRW,7本,"カタログP.32,33",645-533_1.jpg,https://www.san-nishimura.co.jp/product/item/?key_word=645-533
645-536,±RedネジW平頭 1.4×3.1,±Red나사W평면 1.4×3.1,ネジ交換・固定,ゆるみや紛失時に対応しやすい,나사 교체 및 고정,풀림이나 분실에 대응하기 쉬움,5100,KRW,7本,"カタログP.32,33",645-536_1.jpg,https://www.san-nishimura.co.jp/product/item/?key_word=645-536
645-537,±RedネジW平頭 1.4×3.4,±Red나사W평면 1.4×3.4,ネジ交換・固定,ゆるみや紛失時に対応しやすい,나사 교체 및 고정,풀림이나 분실에 대응하기 쉬움,5100,KRW,10本,"カタログP.32,33",645-537_1.jpg,https://www.san-nishimura.co.jp/product/item/?key_word=645-537
645-537A,±RedネジW平頭1.4×3.4(100本入),±Red나사W평면 1.4×3.4(100개),ネジ交換・固定,ゆるみや紛失時に対応しやすい,나사 교체 및 고정,풀림이나 분실에 대응하기 쉬움,48600,KRW,100本,,,https://www.san-nishimura.co.jp/product/item/?key_word=645-537A
645-537B,±RedネジW平頭1.4×3.4(300本入),±Red나사W평면 1.4×3.4(300개),ネジ交換・固定,ゆるみや紛失時に対応しやすい,나사 교체 및 고정,풀림이나 분실에 대응하기 쉬움,136000,KRW,300本,,,https://www.san-nishimura.co.jp/product/item/?key_word=645-537B
645-537S,±RedネジW平頭1.4×3.4(50本入),±Red나사W평면 1.4×3.4(50개),ネジ交換・固定,ゆるみや紛失時に対応しやすい,나사 교체 및 고정,풀림이나 분실에 대응하기 쉬움,25200,KRW,50本,,,https://www.san-nishimura.co.jp/product/item/?key_word=645-537S
645-538,±RedネジW平頭 1.4×3.8,±Red나사W평면 1.4×3.8,ネジ交換・固定,ゆるみや紛失時に対応しやすい,나사 교체 및 고정,풀림이나 분실에 대응하기 쉬움,5100,KRW,10本,"カタログP.32,33",645-538_1.jpg,https://www.san-nishimura.co.jp/product/item/?key_word=645-538
645-670,±RedネジW平頭 1.4×5.0,±Red나사W평면 1.4×5.0,ネジ交換・固定,ゆるみや紛失時に対応しやすい,나사 교체 및 고정,풀림이나 분실에 대응하기 쉬움,5100,KRW,7本,"カタログP.32,33",645-670_1.jpg,https://www.san-nishimura.co.jp/product/item/?key_word=645-670
645-671,±RedネジW平頭 1.4×5.7,±Red나사W평면 1.4×5.7,ネジ交換・固定,ゆるみや紛失時に対応しやすい,나사 교체 및 고정,풀림이나 분실에 대응하기 쉬움,5100,KRW,7本,"カタログP.32,33",645-671_1.jpg,https://www.san-nishimura.co.jp/product/item/?key_word=645-671
645-672,±RedネジW平頭 1.4×6.3,±Red나사W평면 1.4×6.3,ネジ交換・固定,ゆるみや紛失時に対応しやすい,나사 교체 및 고정,풀림이나 분실에 대응하기 쉬움,5100,KRW,7本,"カタログP.32,33",645-672_1.jpg,https://www.san-nishimura.co.jp/product/item/?key_word=645-672
647,ロールペーパー(2巻入),롤종이(2 입),検査・測定,状態確認と加工判断をしやすい,검사 및 측정,상태 확인과 가공 판단이 쉬움,7000,KRW,2巻,"カタログP.181,257",647_1.jpg,https://www.san-nishimura.co.jp/product/item/%e3%83%ad%e3%83%bc%e3%83%ab%e3%83%9a%e3%83%bc%e3%83%91%e3%83%bc/
651,ヤットコ(先平),플라이어(평면),クリングス微調整,小さなパット足を正確につかみやすい,클링스 미세 조정,작은 패드 암을 정확히 잡기 쉬움,62900,KRW,,"カタログP.123,170",651_1.jpg,https://www.san-nishimura.co.jp/product/item/%e3%83%a4%e3%83%83%e3%83%88%e3%82%b3651/
652,パットセットG・W,코받침세트G W,鼻パッド交換・調整,当たりと掛け心地を整えやすい,코패드 교체 및 조정,맞닿는 느낌과 착용감을 조정하기 쉬움,109500,KRW,50組,"カタログP.20,21",652_1.jpg,https://www.san-nishimura.co.jp/product/item/%e3%83%91%e3%83%83%e3%83%88%e3%82%bb%e3%83%83%e3%83%88g%e3%83%bbw/
653-2,クッションパット(ネジ) 大,쿠션코받침(나사) 대,鼻パッド交換・調整,当たりと掛け心地を整えやすい,코패드 교체 및 조정,맞닿는 느낌과 착용감을 조정하기 쉬움,53600,KRW,,カタログP.82,,https://www.san-nishimura.co.jp/product/item/?key_word=653-2
653-4,クッションパット(ネジ) 小,쿠션코받침(나사) 소,鼻パッド交換・調整,当たりと掛け心地を整えやすい,코패드 교체 및 조정,맞닿는 느낌과 착용감을 조정하기 쉬움,53600,KRW,,カタログP.82,,https://www.san-nishimura.co.jp/product/item/?key_word=653-4
653-5,クッションパット(ネジ) 極小,쿠션코받침(나사) 초소형,鼻パッド交換・調整,当たりと掛け心地を整えやすい,코패드 교체 및 조정,맞닿는 느낌과 착용감을 조정하기 쉬움,53600,KRW,25ペア,カタログP.82,,https://www.san-nishimura.co.jp/product/item/?key_word=653-5
653-A-2,クッションパット(50ペア入)大,쿠션코받침(50쌍입)대,鼻パッド交換・調整,当たりと掛け心地を整えやすい,코패드 교체 및 조정,맞닿는 느낌과 착용감을 조정하기 쉬움,79900,KRW,50ペア,カタログP.82,653-A-2_1.jpg,https://www.san-nishimura.co.jp/product/item/?key_word=653-A-2
653-A-4,クッションパット(50ペア入)小,쿠션코받침(50쌍입)소,鼻パッド交換・調整,当たりと掛け心地を整えやすい,코패드 교체 및 조정,맞닿는 느낌과 착용감을 조정하기 쉬움,79900,KRW,50ペア,カタログP.82,653-A-4_1.jpg,https://www.san-nishimura.co.jp/product/item/?key_word=653-A-4
653-A-5,クッションパット(50ペア入)極小,쿠션코받침(50쌍입)초소형,鼻パッド交換・調整,当たりと掛け心地を整えやすい,코패드 교체 및 조정,맞닿는 느낌과 착용감을 조정하기 쉬움,79900,KRW,50ペア,カタログP.82,653-A-5_1.jpg,https://www.san-nishimura.co.jp/product/item/?key_word=653-A-5
657-B-36,ビーバ ブルー(36) バンドタイプ,Beaver 블루(36) 타입,子ども用フレーム・部品,サイズや色を合わせて提案しやすい,어린이용 프레임·부품,사이즈와 색상에 맞춰 제안하기 쉬움,161500,KRW,,,657-B-36_1.jpg,https://www.san-nishimura.co.jp/product/item/?key_word=657-B-36
657-B-38,ビーバ ブルー(38) バンドタイプ,Beaver 블루(38) 타입,子ども用フレーム・部品,サイズや色を合わせて提案しやすい,어린이용 프레임·부품,사이즈와 색상에 맞춰 제안하기 쉬움,161500,KRW,,,657-B-38_1.jpg,https://www.san-nishimura.co.jp/product/item/?key_word=657-B-38
657-P-36,ビーバ ピンク(36) バンドタイプ,Beaver 핑크(36) 타입,子ども用フレーム・部品,サイズや色を合わせて提案しやすい,어린이용 프레임·부품,사이즈와 색상에 맞춰 제안하기 쉬움,161500,KRW,,,657-P-36_1.jpg,https://www.san-nishimura.co.jp/product/item/?key_word=657-P-36
657-P-38,ビーバ ピンク(38) バンドタイプ,Beaver 핑크(38) 타입,子ども用フレーム・部品,サイズや色を合わせて提案しやすい,어린이용 프레임·부품,사이즈와 색상에 맞춰 제안하기 쉬움,161500,KRW,,,657-P-38_1.jpg,https://www.san-nishimura.co.jp/product/item/?key_word=657-P-38
657-2-B-36,ビーバ部品 フロント(ブルー)36,Beaver부품 프런트(블루)36,子ども用フレーム・部品,サイズや色を合わせて提案しやすい,어린이용 프레임·부품,사이즈와 색상에 맞춰 제안하기 쉬움,85000,KRW,,,657-2-B-36_1.jpg,https://www.san-nishimura.co.jp/product/item/?key_word=657-2-B-36
657-2-B-38,ビーバ部品 フロント(ブルー)38,Beaver부품 프런트(블루)38,子ども用フレーム・部品,サイズや色を合わせて提案しやすい,어린이용 프레임·부품,사이즈와 색상에 맞춰 제안하기 쉬움,85000,KRW,,,657-2-B-38_1.jpg,https://www.san-nishimura.co.jp/product/item/?key_word=657-2-B-38
657-2-P-36,ビーバ部品 フロント(ピンク)36,Beaver부품 프런트(핑크)36,子ども用フレーム・部品,サイズや色を合わせて提案しやすい,어린이용 프레임·부품,사이즈와 색상에 맞춰 제안하기 쉬움,85000,KRW,,,657-2-P-36_1.jpg,https://www.san-nishimura.co.jp/product/item/?key_word=657-2-P-36
657-2-P-38,ビーバ部品 フロント(ピンク)38,Beaver부품 프런트(핑크)38,子ども用フレーム・部品,サイズや色を合わせて提案しやすい,어린이용 프레임·부품,사이즈와 색상에 맞춰 제안하기 쉬움,85000,KRW,,,657-2-P-38_1.jpg,https://www.san-nishimura.co.jp/product/item/?key_word=657-2-P-38
657-4,ビーバ部品 シリコンパット,Beaver부품 실리콘코받침,子ども用フレーム・部品,サイズや色を合わせて提案しやすい,어린이용 프레임·부품,사이즈와 색상에 맞춰 제안하기 쉬움,29800,KRW,,,657-4_1.jpg,https://www.san-nishimura.co.jp/product/item/?key_word=657-4
657-7-B,ビーバ部品 テンプル(ブルー),Beaver부품 (블루),子ども用フレーム・部品,サイズや色を合わせて提案しやすい,어린이용 프레임·부품,사이즈와 색상에 맞춰 제안하기 쉬움,29800,KRW,,,657-7-B_1.jpg,https://www.san-nishimura.co.jp/product/item/?key_word=657-7-B
657-7-P,ビーバ部品 テンプル(ピンク),Beaver부품 (핑크),子ども用フレーム・部品,サイズや色を合わせて提案しやすい,어린이용 프레임·부품,사이즈와 색상에 맞춰 제안하기 쉬움,29800,KRW,,,657-7-P_1.jpg,https://www.san-nishimura.co.jp/product/item/?key_word=657-7-P
657-8-B,ビーバ部品 テンプル短(ブルー),Beaver부품 (블루),子ども用フレーム・部品,サイズや色を合わせて提案しやすい,어린이용 프레임·부품,사이즈와 색상에 맞춰 제안하기 쉬움,29800,KRW,,,657-8-B_1.jpg,https://www.san-nishimura.co.jp/product/item/?key_word=657-8-B
657-8-P,ビーバ部品 テンプル短(ピンク),Beaver부품 (핑크),子ども用フレーム・部品,サイズや色を合わせて提案しやすい,어린이용 프레임·부품,사이즈와 색상에 맞춰 제안하기 쉬움,29800,KRW,,,657-8-P_1.jpg,https://www.san-nishimura.co.jp/product/item/?key_word=657-8-P
657-9-B,ビーバ部品 テンプル長(ブルー),Beaver부품 (블루),子ども用フレーム・部品,サイズや色を合わせて提案しやすい,어린이용 프레임·부품,사이즈와 색상에 맞춰 제안하기 쉬움,29800,KRW,,,657-9-B_1.jpg,https://www.san-nishimura.co.jp/product/item/?key_word=657-9-B
657-9-P,ビーバ部品 テンプル長(ピンク),Beaver부품 (핑크),子ども用フレーム・部品,サイズや色を合わせて提案しやすい,어린이용 프레임·부품,사이즈와 색상에 맞춰 제안하기 쉬움,29800,KRW,,,657-9-P_1.jpg,https://www.san-nishimura.co.jp/product/item/?key_word=657-9-P
657-6-B,ビーバ部品 ケーブル(ブルー),Beaver부품 케이블(블루),子ども用フレーム・部品,サイズや色を合わせて提案しやすい,어린이용 프레임·부품,사이즈와 색상에 맞춰 제안하기 쉬움,29800,KRW,,,657-6-B_1.jpg,https://www.san-nishimura.co.jp/product/item/?key_word=657-6-B
657-6-P,ビーバ部品 ケーブル(ピンク),Beaver부품 케이블(핑크),子ども用フレーム・部品,サイズや色を合わせて提案しやすい,어린이용 프레임·부품,사이즈와 색상에 맞춰 제안하기 쉬움,29800,KRW,,,657-6-P_1.jpg,https://www.san-nishimura.co.jp/product/item/?key_word=657-6-P
657-5-B,ビーバ部品 バンド(ブルー),Beaver부품 (블루),子ども用フレーム・部品,サイズや色を合わせて提案しやすい,어린이용 프레임·부품,사이즈와 색상에 맞춰 제안하기 쉬움,29800,KRW,,,657-5-B_1.jpg,https://www.san-nishimura.co.jp/product/item/?key_word=657-5-B
657-5-P,ビーバ部品 バンド(ピンク),Beaver부품 (핑크),子ども用フレーム・部品,サイズや色を合わせて提案しやすい,어린이용 프레임·부품,사이즈와 색상에 맞춰 제안하기 쉬움,29800,KRW,,,657-5-P_1.jpg,https://www.san-nishimura.co.jp/product/item/?key_word=657-5-P
659-2,クッションパット(ワンタッチ)大,쿠션코받침(원터치)대,鼻パッド交換・調整,当たりと掛け心地を整えやすい,코패드 교체 및 조정,맞닿는 느낌과 착용감을 조정하기 쉬움,53600,KRW,25ペア,カタログP.82,659-2_1.jpg,https://www.san-nishimura.co.jp/product/item/?key_word=659-2
659-4,クッションパット(ワンタッチ)小,쿠션코받침(원터치)소,鼻パッド交換・調整,当たりと掛け心地を整えやすい,코패드 교체 및 조정,맞닿는 느낌과 착용감을 조정하기 쉬움,53600,KRW,25ペア,カタログP.82,659-4_1.jpg,https://www.san-nishimura.co.jp/product/item/?key_word=659-4
659-5,クッションパット(ワンタッチ)極小,쿠션코받침(원터치)초소형,鼻パッド交換・調整,当たりと掛け心地を整えやすい,코패드 교체 및 조정,맞닿는 느낌과 착용감을 조정하기 쉬움,53600,KRW,25ペア,カタログP.82,659-5_1.jpg,https://www.san-nishimura.co.jp/product/item/?key_word=659-5
659-A-2,クッションパット(50ペア入)大,쿠션코받침(50쌍입)대,鼻パッド交換・調整,当たりと掛け心地を整えやすい,코패드 교체 및 조정,맞닿는 느낌과 착용감을 조정하기 쉬움,79900,KRW,50ペア,カタログP.82,659-A-2_1.jpg,https://www.san-nishimura.co.jp/product/item/?key_word=659-A-2
659-A-4,クッションパット(50ペア入)小,쿠션코받침(50쌍입)소,鼻パッド交換・調整,当たりと掛け心地を整えやすい,코패드 교체 및 조정,맞닿는 느낌과 착용감을 조정하기 쉬움,79900,KRW,50ペア,カタログP.82,659-A-4_1.jpg,https://www.san-nishimura.co.jp/product/item/?key_word=659-A-4
659-A-5,クッションパット(50ペア入)極小,쿠션코받침(50쌍입)초소형,鼻パッド交換・調整,当たりと掛け心地を整えやすい,코패드 교체 및 조정,맞닿는 느낌과 착용감을 조정하기 쉬움,79900,KRW,50ペア,カタログP.82,659-A-5_1.jpg,https://www.san-nishimura.co.jp/product/item/?key_word=659-A-5
660-L,スーパーロックシート L(ツーポイント用大),잠금시트 L(무테 투포인트 대),ツーポイント固定・補修,寸法を合わせて外れを補修しやすい,무테 프레임 고정 및 보수,치수를 맞춰 이탈 부위를 보수하기 쉬움,18700,KRW,,カタログP.265,660-L_1.jpg,https://www.san-nishimura.co.jp/product/item/?key_word=660-L
660-S,スーパーロックシート S(ツーポイント用小),잠금시트 S(무테 투포인트 소),ツーポイント固定・補修,寸法を合わせて外れを補修しやすい,무테 프레임 고정 및 보수,치수를 맞춰 이탈 부위를 보수하기 쉬움,18700,KRW,,カタログP.265,660-S_1.jpg,https://www.san-nishimura.co.jp/product/item/?key_word=660-S
661,ヤットコ(ツーポネジ切り),플라이어(나사),ツーポネジ長さ調整,必要な長さに切りそろえやすい,무테 나사 길이 조정,필요한 길이로 자르기 쉬움,81600,KRW,,"カタログP.145,171",661_1.jpg,https://www.san-nishimura.co.jp/product/item/%e3%83%84%e3%83%bc%e3%83%9d%e3%83%8d%e3%82%b8%e5%88%87%e3%82%8a/
662,ヤットコ(丸細),플라이어(원형얇은),クリングス微調整,小さなパット足を正確につかみやすい,클링스 미세 조정,작은 패드 암을 정확히 잡기 쉬움,68000,KRW,,"カタログP.124,170",662_1.jpg,https://www.san-nishimura.co.jp/product/item/%e3%83%a4%e3%83%83%e3%83%88%e3%82%b3662/
665,ピンセット,핀셋,小部品保持,細かな部品を落とさず扱いやすい,작은 부품 집기,작은 부품을 떨어뜨리지 않고 다루기 쉬움,15600,KRW,,"カタログP.20,32,34,36,38",665_1.jpg,https://www.san-nishimura.co.jp/product/item/%e3%83%94%e3%83%b3%e3%82%bb%e3%83%83%e3%83%88-665/
669,プラスチックピンセット(時計電池交換用),플라스틱핀셋(),時計電池の交換,金属接触によるショートを避けやすい,시계 배터리 교체,금속 접촉에 의한 단락을 피하기 쉬움,9800,KRW,,"カタログP.168,244",669_1.jpg,https://www.san-nishimura.co.jp/product/item/%e3%83%94%e3%83%b3%e3%82%bb%e3%83%83%e3%83%88-2/
670,メガネふき 吊下台紙型 12入,안경 12입,展示・販売促進,商品やサービスを見せやすい,진열 및 판매 촉진,상품과 서비스를 보여주기 쉬움,17100,KRW,,カタログP.94,670_1.jpg,https://www.san-nishimura.co.jp/product/item/%e3%83%a1%e3%82%ac%e3%83%8d%e3%81%b5%e3%81%8d-%e3%83%89%e3%83%a9%e3%82%a4%e3%82%bf%e3%82%a4%e3%83%97/
670-C,メガネふき ディスプレイ型 12袋入,안경 12봉투입,清掃・仕上げ,お渡し前の見た目を整えやすい,청소 및 최종 마감,전달 전 외관을 정돈하기 쉬움,17100,KRW,,カタログP.94,670-C_1.jpg,https://www.san-nishimura.co.jp/product/item/?key_word=670-C
670-D,メガネふきお得用バラ 7枚入×240袋入,안경 7 입×240봉투입,収納・保護,持ち帰りや保管に使いやすい,수납 및 보호,휴대와 보관에 쓰기 쉬움,326400,KRW,7枚,カタログP.94,670-D_1.jpg,https://www.san-nishimura.co.jp/product/item/?key_word=670-D
671,超音波洗浄器(一槽式),세척 (),清掃・仕上げ,お渡し前の見た目を整えやすい,청소 및 최종 마감,전달 전 외관을 정돈하기 쉬움,1292000,KRW,,"カタログP.240,241",671_1.jpg,https://www.san-nishimura.co.jp/product/item/%e8%b6%85%e9%9f%b3%e6%b3%a2%e6%b4%97%e6%b5%84%e5%99%a8-671/
671-B,超音波洗浄器用架台,세척,清掃・仕上げ,お渡し前の見た目を整えやすい,청소 및 최종 마감,전달 전 외관을 정돈하기 쉬움,61200,KRW,,カタログP.241,671-B_1.jpg,https://www.san-nishimura.co.jp/product/item/?key_word=671-B
672,ツーポイントレンズ穴うめセット,무테 투포인트렌즈 세트,接着・ゆるみ止め,補修後の固定を安定させやすい,접착 및 풀림 방지,보수 후 고정을 안정시키기 쉬움,37100,KRW,,カタログP.217,672_1.jpg,https://www.san-nishimura.co.jp/product/item/?key_word=672
672-A,穴うめパウダー,구멍 메움 파우더,接着・ゆるみ止め,補修後の固定を安定させやすい,접착 및 풀림 방지,보수 후 고정을 안정시키기 쉬움,11700,KRW,,カタログP.217,672-A_1.jpg,https://www.san-nishimura.co.jp/product/item/?key_word=672-A
672-B,穴うめ液,구멍 메움액,接着・ゆるみ止め,補修後の固定を安定させやすい,접착 및 풀림 방지,보수 후 고정을 안정시키기 쉬움,9800,KRW,,カタログP.217,672-B_1.jpg,https://www.san-nishimura.co.jp/product/item/?key_word=672-B
672-C,艶出し液,광택,研磨・艶出し,キズやくすみを整えやすい,연마 및 광택 마감,흠집과 칙칙함을 정돈하기 쉬움,23500,KRW,,カタログP.217,672-C_1.jpg,https://www.san-nishimura.co.jp/product/item/?key_word=672-C
676,アッキスアジャスター(小型),(소형),レンズ水平・軸位置の調整,左右の傾きをそろえやすい,렌즈 수평 및 축 위치 조정,좌우 기울기를 맞추기 쉬움,96900,KRW,,カタログP.145,676_1.jpg,https://www.san-nishimura.co.jp/product/item/%e3%82%a2%e3%83%83%e3%82%ad%e3%82%b9%e3%82%a2%e3%82%b8%e3%83%a3%e3%82%b9%e3%82%bf%e3%83%bc/
676-A,ゴム丈,고무,機器部品交換・補修,機器を使い続けやすい,장비 부품 교체 및 보수,장비를 계속 사용하기 쉬움,7800,KRW,,,,https://www.san-nishimura.co.jp/product/item/?key_word=676-A
678-1,No.678ヤットコ先プラスチック(1組中1ヶ分),No.678플라이어플라스틱 팁스틱(1 중1),ヤットコ先端交換・保護,調整時のキズを抑えやすい,플라이어 팁 교체 및 보호,조정 중 흠집을 줄이기 쉬움,6900,KRW,1組,,,https://www.san-nishimura.co.jp/product/item/?key_word=678-1
682,±ネジセットW,±나사세트W,ネジ交換・固定,ゆるみや紛失時に対応しやすい,나사 교체 및 고정,풀림이나 분실에 대응하기 쉬움,109500,KRW,,"カタログP.20,38",682_1.jpg,https://www.san-nishimura.co.jp/product/item/?key_word=682
682-380,±ネジW 1.0×3.5,±나사W 1.0×3.5,ネジ交換・固定,ゆるみや紛失時に対応しやすい,나사 교체 및 고정,풀림이나 분실에 대응하기 쉬움,5100,KRW,60本,"カタログP.20,38,39",682-380_1.jpg,https://www.san-nishimura.co.jp/product/item/?key_word=682-380
682-381,±ネジW 1.2×3.5,±나사W 1.2×3.5,ネジ交換・固定,ゆるみや紛失時に対応しやすい,나사 교체 및 고정,풀림이나 분실에 대응하기 쉬움,5100,KRW,60本,"カタログP.20,38,39",682-381_1.jpg,https://www.san-nishimura.co.jp/product/item/?key_word=682-381
682-382,±ネジW 1.4×2.0,±나사W 1.4×2.0,ネジ交換・固定,ゆるみや紛失時に対応しやすい,나사 교체 및 고정,풀림이나 분실에 대응하기 쉬움,5100,KRW,60本,"カタログP.38,39",682-382_1.jpg,https://www.san-nishimura.co.jp/product/item/?key_word=682-382
682-383,±ネジW 1.4×2.5,±나사W 1.4×2.5,ネジ交換・固定,ゆるみや紛失時に対応しやすい,나사 교체 및 고정,풀림이나 분실에 대응하기 쉬움,5100,KRW,60本,"カタログP.38,39",682-383_1.jpg,https://www.san-nishimura.co.jp/product/item/?key_word=682-383
682-383B,±ネジW1.4×2.5(300本入),±나사W1.4×2.5(300개),ネジ交換・固定,ゆるみや紛失時に対応しやすい,나사 교체 및 고정,풀림이나 분실에 대응하기 쉬움,23300,KRW,300本,,,https://www.san-nishimura.co.jp/product/item/?key_word=682-383B
682-383C,±ネジW1.4×2.5(1000本入),±나사W1.4×2.5(1000개),ネジ交換・固定,ゆるみや紛失時に対応しやすい,나사 교체 및 고정,풀림이나 분실에 대응하기 쉬움,75000,KRW,1000本,,,https://www.san-nishimura.co.jp/product/item/?key_word=682-383C
682-384,±フロント止ネジW 1.4×2.5,±프런트 나사W 1.4×2.5,ネジ交換・固定,ゆるみや紛失時に対応しやすい,나사 교체 및 고정,풀림이나 분실에 대응하기 쉬움,5100,KRW,60本,"カタログP.38,39",682-384_1.jpg,https://www.san-nishimura.co.jp/product/item/?key_word=682-384
682-385,±ネジW 1.4×2.7,±나사W 1.4×2.7,ネジ交換・固定,ゆるみや紛失時に対応しやすい,나사 교체 및 고정,풀림이나 분실에 대응하기 쉬움,5100,KRW,60本,"カタログP.38,39",682-385_1.jpg,https://www.san-nishimura.co.jp/product/item/?key_word=682-385
682-385B,±ネジW1.4×2.7(300本入),±나사W1.4×2.7(300개),ネジ交換・固定,ゆるみや紛失時に対応しやすい,나사 교체 및 고정,풀림이나 분실에 대응하기 쉬움,23300,KRW,300本,,,https://www.san-nishimura.co.jp/product/item/?key_word=682-385B
682-385C,±ネジW1.4×2.7(1000本入),±나사W1.4×2.7(1000개),ネジ交換・固定,ゆるみや紛失時に対応しやすい,나사 교체 및 고정,풀림이나 분실에 대응하기 쉬움,75000,KRW,1000本,,,https://www.san-nishimura.co.jp/product/item/?key_word=682-385C
682-386,±ネジW 1.4×3.0,±나사W 1.4×3.0,ネジ交換・固定,ゆるみや紛失時に対応しやすい,나사 교체 및 고정,풀림이나 분실에 대응하기 쉬움,5100,KRW,60本,"カタログP.38,39",682-386_1.jpg,https://www.san-nishimura.co.jp/product/item/?key_word=682-386
682-386B,±ネジW1.4×3.0(300本入),±나사W1.4×3.0(300개),ネジ交換・固定,ゆるみや紛失時に対応しやすい,나사 교체 및 고정,풀림이나 분실에 대응하기 쉬움,23300,KRW,300本,,,https://www.san-nishimura.co.jp/product/item/?key_word=682-386B
682-386C,±ネジW1.4×3.0(1000本入),±나사W1.4×3.0(1000개),ネジ交換・固定,ゆるみや紛失時に対応しやすい,나사 교체 및 고정,풀림이나 분실에 대응하기 쉬움,75000,KRW,1000本,,,https://www.san-nishimura.co.jp/product/item/?key_word=682-386C
682-387,±フロント止ネジW 1.4×3.0,±프런트 나사W 1.4×3.0,ネジ交換・固定,ゆるみや紛失時に対応しやすい,나사 교체 및 고정,풀림이나 분실에 대응하기 쉬움,5100,KRW,60本,"カタログP.38,39",682-387_1.jpg,https://www.san-nishimura.co.jp/product/item/?key_word=682-387
682-388,±ネジW 1.4×3.3,±나사W 1.4×3.3,ネジ交換・固定,ゆるみや紛失時に対応しやすい,나사 교체 및 고정,풀림이나 분실에 대응하기 쉬움,5100,KRW,60本,"カタログP.38,39",682-388_1.jpg,https://www.san-nishimura.co.jp/product/item/?key_word=682-388
682-389,±ネジW 1.4×3.5,±나사W 1.4×3.5,ネジ交換・固定,ゆるみや紛失時に対応しやすい,나사 교체 및 고정,풀림이나 분실에 대응하기 쉬움,5100,KRW,60本,"カタログP.38,39",682-389_1.jpg,https://www.san-nishimura.co.jp/product/item/?key_word=682-389
682-389B,±ネジW1.4×3.5(300本入),±나사W1.4×3.5(300개),ネジ交換・固定,ゆるみや紛失時に対応しやすい,나사 교체 및 고정,풀림이나 분실에 대응하기 쉬움,23300,KRW,300本,,,https://www.san-nishimura.co.jp/product/item/?key_word=682-389B
682-389C,±ネジW1.4×3.5(1000本入),±나사W1.4×3.5(1000개),ネジ交換・固定,ゆるみや紛失時に対応しやすい,나사 교체 및 고정,풀림이나 분실에 대응하기 쉬움,75000,KRW,1000本,,,https://www.san-nishimura.co.jp/product/item/?key_word=682-389C
682-390,±ネジW 1.4×3.7,±나사W 1.4×3.7,ネジ交換・固定,ゆるみや紛失時に対応しやすい,나사 교체 및 고정,풀림이나 분실에 대응하기 쉬움,5100,KRW,60本,"カタログP.38,39",682-390_1.jpg,https://www.san-nishimura.co.jp/product/item/?key_word=682-390
682-391,±ネジW 1.4×4.0,±나사W 1.4×4.0,ネジ交換・固定,ゆるみや紛失時に対応しやすい,나사 교체 및 고정,풀림이나 분실에 대응하기 쉬움,5100,KRW,60本,"カタログP.38,39",682-391_1.jpg,https://www.san-nishimura.co.jp/product/item/?key_word=682-391
682-392,±フロント止ネジW 1.4×4.0,±프런트 나사W 1.4×4.0,ネジ交換・固定,ゆるみや紛失時に対応しやすい,나사 교체 및 고정,풀림이나 분실에 대응하기 쉬움,5100,KRW,60本,"カタログP.38,39",682-392_1.jpg,https://www.san-nishimura.co.jp/product/item/?key_word=682-392
682-393,±ネジW 1.4×4.5,±나사W 1.4×4.5,ネジ交換・固定,ゆるみや紛失時に対応しやすい,나사 교체 및 고정,풀림이나 분실에 대응하기 쉬움,5100,KRW,60本,"カタログP.38,39",682-393_1.jpg,https://www.san-nishimura.co.jp/product/item/?key_word=682-393
682-394,±ネジW 1.4×5.0,±나사W 1.4×5.0,ネジ交換・固定,ゆるみや紛失時に対応しやすい,나사 교체 및 고정,풀림이나 분실에 대응하기 쉬움,5100,KRW,60本,"カタログP.38,39",682-394_1.jpg,https://www.san-nishimura.co.jp/product/item/?key_word=682-394
682-395,±ネジW 1.4×7.0,±나사W 1.4×7.0,ネジ交換・固定,ゆるみや紛失時に対応しやすい,나사 교체 및 고정,풀림이나 분실에 대응하기 쉬움,5100,KRW,60本,"カタログP.38,39",682-395_1.jpg,https://www.san-nishimura.co.jp/product/item/?key_word=682-395
682-396,±ツーポイントネジW1.4×12.0,±무테 투포인트나사W1.4×12.0,ツーポイント固定・補修,寸法を合わせて外れを補修しやすい,무테 프레임 고정 및 보수,치수를 맞춰 이탈 부위를 보수하기 쉬움,5100,KRW,30本,"カタログP.38,39",682-396_1.jpg,https://www.san-nishimura.co.jp/product/item/?key_word=682-396
682-397,±ネジW 1.7×4.0,±나사W 1.7×4.0,ネジ交換・固定,ゆるみや紛失時に対応しやすい,나사 교체 및 고정,풀림이나 분실에 대응하기 쉬움,5100,KRW,60本,"カタログP.38,39",682-397_1.jpg,https://www.san-nishimura.co.jp/product/item/?key_word=682-397
682-398,±ネジW 1.7×6.0,±나사W 1.7×6.0,ネジ交換・固定,ゆるみや紛失時に対応しやすい,나사 교체 및 고정,풀림이나 분실에 대응하기 쉬움,5100,KRW,60本,"カタログP.38,39",682-398_1.jpg,https://www.san-nishimura.co.jp/product/item/?key_word=682-398
682-399,±ネジW 1.7×10.0,±나사W 1.7×10.0,ネジ交換・固定,ゆるみや紛失時に対応しやすい,나사 교체 및 고정,풀림이나 분실에 대응하기 쉬움,5100,KRW,60本,"カタログP.38,39",682-399_1.jpg,https://www.san-nishimura.co.jp/product/item/?key_word=682-399
682-508,±ネジW 1.0×4.0,±나사W 1.0×4.0,ネジ交換・固定,ゆるみや紛失時に対応しやすい,나사 교체 및 고정,풀림이나 분실에 대응하기 쉬움,5100,KRW,60本,"カタログP.38,39",682-508_1.jpg,https://www.san-nishimura.co.jp/product/item/?key_word=682-508
682-509,±ネジW 1.2×4.0,±나사W 1.2×4.0,ネジ交換・固定,ゆるみや紛失時に対応しやすい,나사 교체 및 고정,풀림이나 분실에 대응하기 쉬움,5100,KRW,60本,"カタログP.38,39",682-509_1.jpg,https://www.san-nishimura.co.jp/product/item/?key_word=682-509
683,±ネジセットG,±나사세트G,ネジ交換・固定,ゆるみや紛失時に対応しやすい,나사 교체 및 고정,풀림이나 분실에 대응하기 쉬움,109500,KRW,,カタログP.40,683_1.jpg,https://www.san-nishimura.co.jp/product/item/?key_word=683
683-400,±ネジG 1.0×3.5,±나사G 1.0×3.5,ネジ交換・固定,ゆるみや紛失時に対応しやすい,나사 교체 및 고정,풀림이나 분실에 대응하기 쉬움,5100,KRW,22本,"カタログP.40,41",683-400_1.jpg,https://www.san-nishimura.co.jp/product/item/?key_word=683-400
683-401,±ネジG 1.2×4.0,±나사G 1.2×4.0,ネジ交換・固定,ゆるみや紛失時に対応しやすい,나사 교체 및 고정,풀림이나 분실에 대응하기 쉬움,5100,KRW,22本,"カタログP.40,41",683-401_1.jpg,https://www.san-nishimura.co.jp/product/item/?key_word=683-401
683-402,±ネジG 1.4×2.0,±나사G 1.4×2.0,ネジ交換・固定,ゆるみや紛失時に対応しやすい,나사 교체 및 고정,풀림이나 분실에 대응하기 쉬움,5100,KRW,22本,"カタログP.40,41",683-402_1.jpg,https://www.san-nishimura.co.jp/product/item/?key_word=683-402
683-403,±ネジG 1.4×2.5,±나사G 1.4×2.5,ネジ交換・固定,ゆるみや紛失時に対応しやすい,나사 교체 및 고정,풀림이나 분실에 대응하기 쉬움,5100,KRW,22本,"カタログP.40,41",683-403_1.jpg,https://www.san-nishimura.co.jp/product/item/?key_word=683-403
683-404,±フロント止ネジG 1.4×2.5,±프런트 나사G 1.4×2.5,ネジ交換・固定,ゆるみや紛失時に対応しやすい,나사 교체 및 고정,풀림이나 분실에 대응하기 쉬움,5100,KRW,22本,"カタログP.40,41",683-404_1.jpg,https://www.san-nishimura.co.jp/product/item/?key_word=683-404
683-405,±ネジG 1.4×2.7,±나사G 1.4×2.7,ネジ交換・固定,ゆるみや紛失時に対応しやすい,나사 교체 및 고정,풀림이나 분실에 대응하기 쉬움,5100,KRW,22本,"カタログP.40,41",683-405_1.jpg,https://www.san-nishimura.co.jp/product/item/?key_word=683-405
683-406,±ネジG 1.4×3.0,±나사G 1.4×3.0,ネジ交換・固定,ゆるみや紛失時に対応しやすい,나사 교체 및 고정,풀림이나 분실에 대응하기 쉬움,5100,KRW,22本,"カタログP.40,41",683-406_1.jpg,https://www.san-nishimura.co.jp/product/item/?key_word=683-406
683-407,±フロント止ネジG 1.4×3.0,±프런트 나사G 1.4×3.0,ネジ交換・固定,ゆるみや紛失時に対応しやすい,나사 교체 및 고정,풀림이나 분실에 대응하기 쉬움,5100,KRW,22本,"カタログP.40,41",683-407_1.jpg,https://www.san-nishimura.co.jp/product/item/?key_word=683-407
683-408,±ネジG 1.4×3.3,±나사G 1.4×3.3,ネジ交換・固定,ゆるみや紛失時に対応しやすい,나사 교체 및 고정,풀림이나 분실에 대응하기 쉬움,5100,KRW,22本,"カタログP.40,41",683-408_1.jpg,https://www.san-nishimura.co.jp/product/item/?key_word=683-408
683-409,±ネジG 1.4×3.5,±나사G 1.4×3.5,ネジ交換・固定,ゆるみや紛失時に対応しやすい,나사 교체 및 고정,풀림이나 분실에 대응하기 쉬움,5100,KRW,22本,"カタログP.40,41",683-409_1.jpg,https://www.san-nishimura.co.jp/product/item/?key_word=683-409
683-410,±ネジG 1.4×3.7,±나사G 1.4×3.7,ネジ交換・固定,ゆるみや紛失時に対応しやすい,나사 교체 및 고정,풀림이나 분실에 대응하기 쉬움,5100,KRW,22本,"カタログP.40,41",683-410_1.jpg,https://www.san-nishimura.co.jp/product/item/?key_word=683-410
683-411,±ネジG 1.4×4.0,±나사G 1.4×4.0,ネジ交換・固定,ゆるみや紛失時に対応しやすい,나사 교체 및 고정,풀림이나 분실에 대응하기 쉬움,5100,KRW,22本,"カタログP.40,41",683-411_1.jpg,https://www.san-nishimura.co.jp/product/item/?key_word=683-411
683-412,±フロント止ネジG 1.4×4.0,±프런트 나사G 1.4×4.0,ネジ交換・固定,ゆるみや紛失時に対応しやすい,나사 교체 및 고정,풀림이나 분실에 대응하기 쉬움,5100,KRW,22本,"カタログP.40,41",683-412_1.jpg,https://www.san-nishimura.co.jp/product/item/?key_word=683-412
683-413,±ネジG 1.4×4.5,±나사G 1.4×4.5,ネジ交換・固定,ゆるみや紛失時に対応しやすい,나사 교체 및 고정,풀림이나 분실에 대응하기 쉬움,5100,KRW,22本,"カタログP.40,41",683-413_1.jpg,https://www.san-nishimura.co.jp/product/item/?key_word=683-413
683-414,±ネジG 1.4×5.0,±나사G 1.4×5.0,ネジ交換・固定,ゆるみや紛失時に対応しやすい,나사 교체 및 고정,풀림이나 분실에 대응하기 쉬움,5100,KRW,22本,"カタログP.40,41",683-414_1.jpg,https://www.san-nishimura.co.jp/product/item/?key_word=683-414
683-415,±ツーポイントネジG1.4×12.0,±무테 투포인트나사G1.4×12.0,ツーポイント固定・補修,寸法を合わせて外れを補修しやすい,무테 프레임 고정 및 보수,치수를 맞춰 이탈 부위를 보수하기 쉬움,5100,KRW,20本,"カタログP.40,41",683-415_1.jpg,https://www.san-nishimura.co.jp/product/item/?key_word=683-415
683-416,±ネジG 1.7×3.0,±나사G 1.7×3.0,ネジ交換・固定,ゆるみや紛失時に対応しやすい,나사 교체 및 고정,풀림이나 분실에 대응하기 쉬움,5100,KRW,22本,"カタログP.40,41",683-416_1.jpg,https://www.san-nishimura.co.jp/product/item/?key_word=683-416
683-417,±ネジG 1.7×4.0,±나사G 1.7×4.0,ネジ交換・固定,ゆるみや紛失時に対応しやすい,나사 교체 및 고정,풀림이나 분실에 대응하기 쉬움,5100,KRW,22本,"カタログP.40,41",683-417_1.jpg,https://www.san-nishimura.co.jp/product/item/?key_word=683-417
683-418,±ネジG 1.7×5.0,±나사G 1.7×5.0,ネジ交換・固定,ゆるみや紛失時に対応しやすい,나사 교체 및 고정,풀림이나 분실에 대응하기 쉬움,5100,KRW,22本,"カタログP.40,41",683-418_1.jpg,https://www.san-nishimura.co.jp/product/item/?key_word=683-418
683-419,±ネジG 1.7×6.0,±나사G 1.7×6.0,ネジ交換・固定,ゆるみや紛失時に対応しやすい,나사 교체 및 고정,풀림이나 분실에 대응하기 쉬움,5100,KRW,22本,"カタログP.40,41",683-419_1.jpg,https://www.san-nishimura.co.jp/product/item/?key_word=683-419
683-510,±ネジG 1.0×4.0×1.8,±나사G 1.0×4.0×1.8,ネジ交換・固定,ゆるみや紛失時に対応しやすい,나사 교체 및 고정,풀림이나 분실에 대응하기 쉬움,5100,KRW,22本,"カタログP.40,41",683-510_1.jpg,https://www.san-nishimura.co.jp/product/item/?key_word=683-510
683-511,±ネジG 1.2×4.0×2.0,±나사G 1.2×4.0×2.0,ネジ交換・固定,ゆるみや紛失時に対応しやすい,나사 교체 및 고정,풀림이나 분실에 대응하기 쉬움,5100,KRW,22本,"カタログP.40,41",683-511_1.jpg,https://www.san-nishimura.co.jp/product/item/?key_word=683-511
685,ノンスリップクロスセット,클리닝 천세트,清掃・仕上げ,お渡し前の見た目を整えやすい,청소 및 최종 마감,전달 전 외관을 정돈하기 쉬움,88000,KRW,,カタログP.99,685_1.jpg,https://www.san-nishimura.co.jp/product/item/%e3%83%8e%e3%83%b3%e3%82%b9%e3%83%aa%e3%83%83%e3%83%97%e3%82%af%e3%83%ad%e3%82%b9/
688,鼻盛セット(載せタイプ),코받침 보강 패드세트(타입),鼻盛り・掛け位置調整,低い鼻当てでも掛け位置を整えやすい,코받침 보정 및 착용 위치 조정,낮은 코받침도 착용 위치를 맞추기 쉬움,92900,KRW,,"カタログP.28,29,231",,https://www.san-nishimura.co.jp/product/item/?key_word=688
688-C,鼻盛パット19×7,코받침 보강 패드코받침19×7,鼻盛り・掛け位置調整,低い鼻当てでも掛け位置を整えやすい,코받침 보정 및 착용 위치 조정,낮은 코받침도 착용 위치를 맞추기 쉬움,14700,KRW,6組,"カタログP.29,231",688-C_1.jpg,https://www.san-nishimura.co.jp/product/item/?key_word=688-C
688-D,鼻盛パット15×7,코받침 보강 패드코받침15×7,鼻盛り・掛け位置調整,低い鼻当てでも掛け位置を整えやすい,코받침 보정 및 착용 위치 조정,낮은 코받침도 착용 위치를 맞추기 쉬움,14700,KRW,6組,カタログP.231,688-D_1.jpg,https://www.san-nishimura.co.jp/product/item/?key_word=688-D
689,瞬間接着剤,접착제,接着・ゆるみ止め,補修後の固定を安定させやすい,접착 및 풀림 방지,보수 후 고정을 안정시키기 쉬움,19600,KRW,,"カタログP.77,261",689_1.jpg,https://www.san-nishimura.co.jp/product/item/%e3%83%a2%e3%83%80%e3%83%b3-%e3%82%b7%e3%83%a5%e3%83%aa%e3%83%b3%e3%82%af%e3%83%81%e3%83%a5%e3%83%bc%e3%83%96%e5%b0%82%e7%94%a8%e7%9e%ac%e9%96%93%e6%8e%a5%e7%9d%80%e5%89%a4/
690-3,超音波洗浄器(1槽式)架台(スノコ)[No.691-3]兼用,세척 (1) ()[No.691-3],清掃・仕上げ,お渡し前の見た目を整えやすい,청소 및 최종 마감,전달 전 외관을 정돈하기 쉬움,21500,KRW,,,,https://www.san-nishimura.co.jp/product/item/?key_word=690-3
692-430,±ネジK18 1.0×3.7×2.0,±나사K18 1.0×3.7×2.0,ネジ交換・固定,ゆるみや紛失時に対応しやすい,나사 교체 및 고정,풀림이나 분실에 대응하기 쉬움,68000,KRW,1本,カタログP.47,692-430_1.jpg,https://www.san-nishimura.co.jp/product/item/?key_word=692-430
692-431,±ネジK18 1.2×3.7×2.0,±나사K18 1.2×3.7×2.0,ネジ交換・固定,ゆるみや紛失時に対応しやすい,나사 교체 및 고정,풀림이나 분실에 대응하기 쉬움,68000,KRW,1本,カタログP.47,692-431_1.jpg,https://www.san-nishimura.co.jp/product/item/?key_word=692-431
692-432,±ネジK18 1.2×4.0×1.8,±나사K18 1.2×4.0×1.8,ネジ交換・固定,ゆるみや紛失時に対応しやすい,나사 교체 및 고정,풀림이나 분실에 대응하기 쉬움,71400,KRW,1本,カタログP.47,692-432_1.jpg,https://www.san-nishimura.co.jp/product/item/?key_word=692-432
692-433,±ネジK18 1.4×2.5×2.0,±나사K18 1.4×2.5×2.0,ネジ交換・固定,ゆるみや紛失時に対応しやすい,나사 교체 및 고정,풀림이나 분실에 대응하기 쉬움,74800,KRW,1本,カタログP.47,692-433_1.jpg,https://www.san-nishimura.co.jp/product/item/?key_word=692-433
692-434,±ネジK18 1.4×2.7×2.0,±나사K18 1.4×2.7×2.0,ネジ交換・固定,ゆるみや紛失時に対応しやすい,나사 교체 및 고정,풀림이나 분실에 대응하기 쉬움,76500,KRW,1本,カタログP.47,692-434_1.jpg,https://www.san-nishimura.co.jp/product/item/?key_word=692-434
692-435,±ネジK18 1.4×3.0×2.0,±나사K18 1.4×3.0×2.0,ネジ交換・固定,ゆるみや紛失時に対応しやすい,나사 교체 및 고정,풀림이나 분실에 대응하기 쉬움,76500,KRW,1本,カタログP.47,692-435_1.jpg,https://www.san-nishimura.co.jp/product/item/?key_word=692-435
692-436,±ネジK18 1.4×3.2×2.0,±나사K18 1.4×3.2×2.0,ネジ交換・固定,ゆるみや紛失時に対応しやすい,나사 교체 및 고정,풀림이나 분실에 대응하기 쉬움,78200,KRW,1本,カタログP.47,692-436_1.jpg,https://www.san-nishimura.co.jp/product/item/?key_word=692-436
692-437,±ネジK18 1.4×3.5×2.0,±나사K18 1.4×3.5×2.0,ネジ交換・固定,ゆるみや紛失時に対応しやすい,나사 교체 및 고정,풀림이나 분실에 대응하기 쉬움,78200,KRW,1本,カタログP.47,692-437_1.jpg,https://www.san-nishimura.co.jp/product/item/?key_word=692-437
692-438,±ネジK18 1.4×3.7×2.0,±나사K18 1.4×3.7×2.0,ネジ交換・固定,ゆるみや紛失時に対応しやすい,나사 교체 및 고정,풀림이나 분실에 대응하기 쉬움,78200,KRW,1本,カタログP.47,692-438_1.jpg,https://www.san-nishimura.co.jp/product/item/?key_word=692-438
692-439,±ネジK18 1.4×4.0×2.0,±나사K18 1.4×4.0×2.0,ネジ交換・固定,ゆるみや紛失時に対応しやすい,나사 교체 및 고정,풀림이나 분실에 대응하기 쉬움,78200,KRW,1本,カタログP.47,692-439_1.jpg,https://www.san-nishimura.co.jp/product/item/?key_word=692-439
692-440,±ネジK18 1.4×4.0×2.2,±나사K18 1.4×4.0×2.2,ネジ交換・固定,ゆるみや紛失時に対応しやすい,나사 교체 및 고정,풀림이나 분실에 대응하기 쉬움,79900,KRW,1本,カタログP.47,692-440_1.jpg,https://www.san-nishimura.co.jp/product/item/?key_word=692-440
692-441,±ネジK18 1.4×4.2×2.0,±나사K18 1.4×4.2×2.0,ネジ交換・固定,ゆるみや紛失時に対応しやすい,나사 교체 및 고정,풀림이나 분실에 대응하기 쉬움,79900,KRW,1本,カタログP.47,692-441_1.jpg,https://www.san-nishimura.co.jp/product/item/?key_word=692-441
692-442,±ネジK18 1.4×4.5×2.0,±나사K18 1.4×4.5×2.0,ネジ交換・固定,ゆるみや紛失時に対応しやすい,나사 교체 및 고정,풀림이나 분실에 대응하기 쉬움,79900,KRW,1本,カタログP.47,692-442_1.jpg,https://www.san-nishimura.co.jp/product/item/?key_word=692-442
692-443,±ネジK18 1.4×8.0×2.2,±나사K18 1.4×8.0×2.2,ネジ交換・固定,ゆるみや紛失時に対応しやすい,나사 교체 및 고정,풀림이나 분실에 대응하기 쉬움,168300,KRW,1本,カタログP.47,692-443_1.jpg,https://www.san-nishimura.co.jp/product/item/?key_word=692-443
692-444,六角ネジK18 1.4×8.0×2.25,각형나사K18 1.4×8.0×2.25,ネジ交換・固定,ゆるみや紛失時に対応しやすい,나사 교체 및 고정,풀림이나 분실에 대응하기 쉬움,187000,KRW,1本,カタログP.47,692-444_1.jpg,https://www.san-nishimura.co.jp/product/item/?key_word=692-444
692-445,六角ナットK18 1.4×2.25×1.0,육각 너트K18 1.4×2.25×1.0,ナット固定・交換,ガタつきを抑えて仕上がりを安定させやすい,너트 고정 및 교체,흔들림을 줄이고 마감을 안정시키기 쉬움,76500,KRW,1ヶ,カタログP.47,692-445_1.jpg,https://www.san-nishimura.co.jp/product/item/%e3%83%8a%e3%83%83%e3%83%88k18/
692-446,六角底付ナットK18 1.4×2.25×2.0,육각 바닥 너트K18 1.4×2.25×2.0,ナット固定・交換,ガタつきを抑えて仕上がりを安定させやすい,너트 고정 및 교체,흔들림을 줄이고 마감을 안정시키기 쉬움,306000,KRW,1ヶ,カタログP.47,692-446_1.jpg,https://www.san-nishimura.co.jp/product/item/%e3%83%8a%e3%83%83%e3%83%88k18/
692-447,ワッシャK18 2.5×0.4×1.4,와셔K18 2.5×0.4×1.4,固定補助,当たりやガタつきを抑えやすい,고정 보조,닿는 손상과 흔들림을 줄이기 쉬움,52700,KRW,1ヶ,カタログP.47,692-447_1.jpg,https://www.san-nishimura.co.jp/product/item/%e3%83%af%e3%83%83%e3%82%b7%e3%83%a3k18/
692-448L,箱蝶K18 左 17×8,박스형 코받침K18 17×8,鼻パッド交換・調整,当たりと掛け心地を整えやすい,코패드 교체 및 조정,맞닿는 느낌과 착용감을 조정하기 쉬움,280500,KRW,1ヶ,カタログP.47,692-448L_1.jpg,https://www.san-nishimura.co.jp/product/item/?key_word=692-448L
692-448R,箱蝶K18 右 17×8,박스형 코받침K18 17×8,鼻パッド交換・調整,当たりと掛け心地を整えやすい,코패드 교체 및 조정,맞닿는 느낌과 착용감을 조정하기 쉬움,280500,KRW,1ヶ,カタログP.47,692-448R_1.jpg,https://www.san-nishimura.co.jp/product/item/?key_word=692-448R
692-496,ロックナットK18,잠금너트K18,ナット固定・交換,ガタつきを抑えて仕上がりを安定させやすい,너트 고정 및 교체,흔들림을 줄이고 마감을 안정시키기 쉬움,83300,KRW,1ヶ,カタログP.47,692-496_1.jpg,https://www.san-nishimura.co.jp/product/item/%e3%83%8a%e3%83%83%e3%83%88k18/
693-452,±ネジK14W 1.2×3.7×2.0,±나사K14W 1.2×3.7×2.0,ネジ交換・固定,ゆるみや紛失時に対応しやすい,나사 교체 및 고정,풀림이나 분실에 대응하기 쉬움,13700,KRW,1本,カタログP.47,693-452_1.jpg,https://www.san-nishimura.co.jp/product/item/%e3%83%8d%e3%82%b8k14w/
693-453,±ネジK14W 1.2×4.0×1.8,±나사K14W 1.2×4.0×1.8,ネジ交換・固定,ゆるみや紛失時に対応しやすい,나사 교체 및 고정,풀림이나 분실에 대응하기 쉬움,25400,KRW,1本,カタログP.47,693-453_1.jpg,https://www.san-nishimura.co.jp/product/item/?key_word=693-453
693-461,±ネジK14W 1.4×4.0×2.2,±나사K14W 1.4×4.0×2.2,ネジ交換・固定,ゆるみや紛失時に対応しやすい,나사 교체 및 고정,풀림이나 분실에 대응하기 쉬움,25400,KRW,1本,カタログP.47,693-461_1.jpg,https://www.san-nishimura.co.jp/product/item/?key_word=693-461
693-462,±ネジK14W 1.4×4.2×2.0,±나사K14W 1.4×4.2×2.0,ネジ交換・固定,ゆるみや紛失時に対応しやすい,나사 교체 및 고정,풀림이나 분실에 대응하기 쉬움,23500,KRW,1本,カタログP.47,693-462_1.jpg,https://www.san-nishimura.co.jp/product/item/?key_word=693-462
693-463,±ネジK14W 1.4×4.5×2.0,±나사K14W 1.4×4.5×2.0,ネジ交換・固定,ゆるみや紛失時に対応しやすい,나사 교체 및 고정,풀림이나 분실에 대응하기 쉬움,21500,KRW,1本,カタログP.47,693-463_1.jpg,https://www.san-nishimura.co.jp/product/item/?key_word=693-463
693-497,ロックナットK14W,잠금너트K14W,ナット固定・交換,ガタつきを抑えて仕上がりを安定させやすい,너트 고정 및 교체,흔들림을 줄이고 마감을 안정시키기 쉬움,23500,KRW,1ヶ,カタログP.47,693-497_1.jpg,https://www.san-nishimura.co.jp/product/item/%e3%83%8a%e3%83%83%e3%83%88k14w/
694,デジモーター,디지 모터,レンズ・フレーム加工,加工精度や仕上がりをそろえやすい,렌즈 및 프레임 가공,가공 정밀도와 마감을 일정하게 하기 쉬움,2975000,KRW,,"カタログP.218,222",694_1.jpg,https://www.san-nishimura.co.jp/product/item/%e3%83%87%e3%82%b8%e3%83%a2%e3%83%bc%e3%82%bf%e3%83%bc/
699,溝堀レンズはずし(細),렌즈 (얇은),ナイロール・溝まわり調整,レンズ保持を安定させやすい,나일론 림·홈 주변 조정,렌즈 고정을 안정시키기 쉬움,14700,KRW,,"カタログP.61,161",699_1.jpg,https://www.san-nishimura.co.jp/product/item/%e6%ba%9d%e6%8e%98%e3%82%8a%e3%83%ac%e3%83%b3%e3%82%ba%e3%81%af%e3%81%9a%e3%81%97/
699S,溝堀レンズはずし(極細),렌즈 (얇은),ナイロール・溝まわり調整,レンズ保持を安定させやすい,나일론 림·홈 주변 조정,렌즈 고정을 안정시키기 쉬움,14700,KRW,,"カタログP.61,161",699S_1.jpg,https://www.san-nishimura.co.jp/product/item/%e6%ba%9d%e6%8e%98%e3%82%8a%e3%83%ac%e3%83%b3%e3%82%ba%e3%81%af%e3%81%9a%e3%81%97/
703,顔幅測定器,얼굴 폭 측정기,検査・測定,状態確認と加工判断をしやすい,검사 및 측정,상태 확인과 가공 판단이 쉬움,166200,KRW,,カタログP.176,703_1.jpg,https://www.san-nishimura.co.jp/product/item/%e9%a1%94%e5%b9%85%e6%b8%ac%e5%ae%9a%e5%99%a8/
704N,レンズ保護テープ(粘着強力)25×40mm,렌즈보호테이프()25×40mm,作業時の保護,キズや汚れを防ぎやすい,작업 중 보호,흠집과 오염을 막기 쉬움,46900,KRW,1000ヶ,カタログP.248,704N_1.jpg,https://www.san-nishimura.co.jp/product/item/?key_word=704N
704N-B,レンズ保護テープ 粘着強力(100シート)25×40mm,렌즈보호테이프 (100시트)25×40mm,作業時の保護,キズや汚れを防ぎやすい,작업 중 보호,흠집과 오염을 막기 쉬움,445700,KRW,1000ヶ,カタログP.248,,https://www.san-nishimura.co.jp/product/item/?key_word=704N-B
704S,レンズ保護テープ(粘着強力)小型22×40mm,렌즈보호테이프()소형22×40mm,作業時の保護,キズや汚れを防ぎやすい,작업 중 보호,흠집과 오염을 막기 쉬움,46900,KRW,1000ヶ,カタログP.248,704S_1.jpg,https://www.san-nishimura.co.jp/product/item/?key_word=704S
704S-B,レンズ保護テープ 粘着強力(100シート)22×40mm,렌즈보호테이프 (100시트)22×40mm,作業時の保護,キズや汚れを防ぎやすい,작업 중 보호,흠집과 오염을 막기 쉬움,445700,KRW,1000ヶ,カタログP.248,,https://www.san-nishimura.co.jp/product/item/?key_word=704S-B
705N,丁番のクスリ,힌지,丁番・テンプル開閉部の補修,開閉の動きやガタつきを整えやすい,힌지 및 템플 개폐부 보수,개폐 움직임과 흔들림을 정돈하기 쉬움,16800,KRW,,カタログP.260,705N_1.jpg,https://www.san-nishimura.co.jp/product/item/%e4%b8%81%e7%95%aa%e3%81%ae%e3%82%af%e3%82%b9%e3%83%aa/
706,コジ明け片刃(5mm),(5mm),腕時計の分解・調整,細かな時計作業を安定させやすい,손목시계 분해 및 조정,세밀한 시계 작업을 안정시키기 쉬움,11100,KRW,,カタログP.244,706_1.jpg,https://www.san-nishimura.co.jp/product/item/%e3%82%a2%e3%83%b3%e3%82%b0%e3%83%ab%e3%82%a2%e3%82%b8%e3%83%a3%e3%82%b9%e3%83%88%e3%83%91%e3%83%83%e3%83%88/
710,ツーポイント部品セット,무테 투포인트부품세트,交換部品の一括準備,急な修理に備えやすい,교체 부품 일괄 준비,갑작스러운 수리에 대비하기 쉬움,109500,KRW,22ヶ,カタログP.51,710_1.jpg,https://www.san-nishimura.co.jp/product/item/?key_word=710
711-52,おしゃれ仮枠52,시험테52,試験枠での検眼,装用位置を合わせて確認しやすい,시험테 검안,착용 위치를 맞춰 확인하기 쉬움,149600,KRW,,,711-52_1.jpg,https://www.san-nishimura.co.jp/product/item/?key_word=711-52
711-54,おしゃれ仮枠54,시험테54,試験枠での検眼,装用位置を合わせて確認しやすい,시험테 검안,착용 위치를 맞춰 확인하기 쉬움,149600,KRW,,,711-54_1.jpg,https://www.san-nishimura.co.jp/product/item/?key_word=711-54
711-56,おしゃれ仮枠56,시험테56,試験枠での検眼,装用位置を合わせて確認しやすい,시험테 검안,착용 위치를 맞춰 확인하기 쉬움,149600,KRW,,,,https://www.san-nishimura.co.jp/product/item/?key_word=711-56
711-58,おしゃれ仮枠58,시험테58,試験枠での検眼,装用位置を合わせて確認しやすい,시험테 검안,착용 위치를 맞춰 확인하기 쉬움,149600,KRW,,,711-58_1.jpg,https://www.san-nishimura.co.jp/product/item/?key_word=711-58
711-60,おしゃれ仮枠60,시험테60,試験枠での検眼,装用位置を合わせて確認しやすい,시험테 검안,착용 위치를 맞춰 확인하기 쉬움,149600,KRW,,,711-60_1.jpg,https://www.san-nishimura.co.jp/product/item/?key_word=711-60
711-62,おしゃれ仮枠62,시험테62,試験枠での検眼,装用位置を合わせて確認しやすい,시험테 검안,착용 위치를 맞춰 확인하기 쉬움,149600,KRW,,,711-62_1.jpg,https://www.san-nishimura.co.jp/product/item/?key_word=711-62
711-64,おしゃれ仮枠64,시험테64,試験枠での検眼,装用位置を合わせて確認しやすい,시험테 검안,착용 위치를 맞춰 확인하기 쉬움,149600,KRW,,,711-64_1.jpg,https://www.san-nishimura.co.jp/product/item/?key_word=711-64
711-66,おしゃれ仮枠66,시험테66,試験枠での検眼,装用位置を合わせて確認しやすい,시험테 검안,착용 위치를 맞춰 확인하기 쉬움,149600,KRW,,,711-66_1.jpg,https://www.san-nishimura.co.jp/product/item/?key_word=711-66
711-68,おしゃれ仮枠68,시험테68,試験枠での検眼,装用位置を合わせて確認しやすい,시험테 검안,착용 위치를 맞춰 확인하기 쉬움,149600,KRW,,,711-68_1.jpg,https://www.san-nishimura.co.jp/product/item/?key_word=711-68
711-70,おしゃれ仮枠70,시험테70,試験枠での検眼,装用位置を合わせて確認しやすい,시험테 검안,착용 위치를 맞춰 확인하기 쉬움,149600,KRW,,,711-70_1.jpg,https://www.san-nishimura.co.jp/product/item/?key_word=711-70
712,シリコンモダンDXセット,실리콘팁DX세트,モダン交換,耳まわりの掛け心地と見た目を整えやすい,모던 교체,귀 주변 착용감과 외관을 정돈하기 쉬움,51000,KRW,,カタログP.73,712_1.jpg,https://www.san-nishimura.co.jp/product/item/?key_word=712
712-BK,シリコンモダンDXセット(ブラック),실리콘팁DX세트(블랙),モダン交換,耳まわりの掛け心地と見た目を整えやすい,모던 교체,귀 주변 착용감과 외관을 정돈하기 쉬움,51000,KRW,,,712-BK_1.jpg,https://www.san-nishimura.co.jp/product/item/?key_word=712-BK
712-BR,シリコンモダンDXセット(ブラウン),실리콘팁DX세트(브라운),モダン交換,耳まわりの掛け心地と見た目を整えやすい,모던 교체,귀 주변 착용감과 외관을 정돈하기 쉬움,51000,KRW,,,712-BR_1.jpg,https://www.san-nishimura.co.jp/product/item/?key_word=712-BR
712-DM,シリコンモダンDXセット(デミアンバー),실리콘팁DX세트(데미 앰버),モダン交換,耳まわりの掛け心地と見た目を整えやすい,모던 교체,귀 주변 착용감과 외관을 정돈하기 쉬움,51000,KRW,,,712-DM_1.jpg,https://www.san-nishimura.co.jp/product/item/?key_word=712-DM
713,ダイヤモンドヤスリ(平),다이아몬드줄(평면),削り・仕上げ加工,細かな形状調整と面取りをしやすい,절삭 및 마감 가공,세밀한 형상 조정과 면취가 쉬움,86000,KRW,,カタログP.164,713_1.jpg,https://www.san-nishimura.co.jp/product/item/%e3%83%80%e3%82%a4%e3%83%a4%e3%83%a2%e3%83%b3%e3%83%89%e3%83%a4%e3%82%b9%e3%83%aa%e5%b9%b3-2-3/
714,ダイヤモンドヤスリ(丸),다이아몬드줄(원형),削り・仕上げ加工,細かな形状調整と面取りをしやすい,절삭 및 마감 가공,세밀한 형상 조정과 면취가 쉬움,62600,KRW,,カタログP.164,714_1.jpg,https://www.san-nishimura.co.jp/product/item/%e3%83%80%e3%82%a4%e3%83%a4%e3%83%a2%e3%83%b3%e3%83%89%e3%83%a4%e3%82%b9%e3%83%aa%e5%b9%b3-2-3-2/
716,ヤットコ,플라이어,テンプル角度・前傾角調整,掛け位置と視線バランスを整えやすい,템플 각도·전경각 조정,착용 위치와 시선 균형을 맞추기 쉬움,81600,KRW,,カタログP.135,716_1.jpg,https://www.san-nishimura.co.jp/product/item/%e3%83%a4%e3%83%83%e3%83%88%e3%82%b3716/
716-A,ヤットコ先ビニール(6ケ入),플라이어 (6 입),ヤットコ先端交換・保護,調整時のキズを抑えやすい,플라이어 팁 교체 및 보호,조정 중 흠집을 줄이기 쉬움,5900,KRW,6ヶ,カタログP.135,,https://www.san-nishimura.co.jp/product/item/?key_word=716-A
717,ヤットコ,플라이어,ヤットコ先端交換・保護,調整時のキズを抑えやすい,플라이어 팁 교체 및 보호,조정 중 흠집을 줄이기 쉬움,90100,KRW,,カタログP.133,717_1.jpg,https://www.san-nishimura.co.jp/product/item/%e3%83%a4%e3%83%83%e3%83%88%e3%82%b3717/
717-1,No.717ヤットコ先プラスチック,No.717플라이어플라스틱 팁스틱,ヤットコ先端交換・保護,調整時のキズを抑えやすい,플라이어 팁 교체 및 보호,조정 중 흠집을 줄이기 쉬움,6900,KRW,,,,https://www.san-nishimura.co.jp/product/item/?key_word=717-1
718,工具台(木製),공구대(),工具整理・収納,必要な工具を取り出しやすい,공구 정리 및 수납,필요한 공구를 꺼내기 쉬움,45900,KRW,,カタログP.169,718_1.jpg,https://www.san-nishimura.co.jp/product/item/%e5%b7%a5%e5%85%b7%e5%8f%b0-3/
719,ヤットコ,플라이어,フレーム調整・部品保持,狙った部分を安定してつかみやすい,프레임 조정 및 부품 고정,원하는 부분을 안정적으로 잡기 쉬움,62900,KRW,,カタログP.134,719_1.jpg,https://www.san-nishimura.co.jp/product/item/%e3%83%a4%e3%83%83%e3%83%88%e3%82%b3719/
720,ヤットコ(小型),플라이어(소형),ブリッジ角度調整,前面バランスを整えやすい,브리지 각도 조정,전면 밸런스를 맞추기 쉬움,81600,KRW,,"カタログP.139,170",720_1.jpg,https://www.san-nishimura.co.jp/product/item/%e3%83%a4%e3%83%83%e3%83%88%e3%82%b3720/
720-1,No.720ヤットコ先プラスチック(凹),No.720플라이어플라스틱 팁스틱(오목),ヤットコ先端交換・保護,調整時のキズを抑えやすい,플라이어 팁 교체 및 보호,조정 중 흠집을 줄이기 쉬움,6900,KRW,,,720-1_1.jpg,https://www.san-nishimura.co.jp/product/item/?key_word=720-1
720-2,No.720ヤットコ先プラスチック(凸),No.720플라이어플라스틱 팁스틱(볼록),ヤットコ先端交換・保護,調整時のキズを抑えやすい,플라이어 팁 교체 및 보호,조정 중 흠집을 줄이기 쉬움,6900,KRW,,,720-2_1.jpg,https://www.san-nishimura.co.jp/product/item/?key_word=720-2
721,ステレオバタフライテスト(ランダムドット),테스트(),視力検査の補助,検査条件を整えやすい,시력검사 보조,검사 조건을 갖추기 쉬움,1020000,KRW,,カタログP.199,721_1.jpg,https://www.san-nishimura.co.jp/product/item/%e5%a4%aa%e7%9b%ae%e3%83%8d%e3%82%b8/
722,偏光板,편광판,日差し・まぶしさ対策,用途や濃度を説明しやすい,햇빛·눈부심 대책,용도와 농도를 설명하기 쉬움,123200,KRW,,カタログP.199,722_1.jpg,https://www.san-nishimura.co.jp/product/item/%e3%83%84%e3%82%a4%e3%83%b3%e3%83%91%e3%83%83%e3%83%88/
723-A,レンズロックテープ(10シート、100ヶ入),렌즈잠금테이프(10시트、100 입),作業時の保護,キズや汚れを防ぎやすい,작업 중 보호,흠집과 오염을 막기 쉬움,23500,KRW,100ヶ,カタログP.246,723-A_1.jpg,https://www.san-nishimura.co.jp/product/item/?key_word=723-A
723-B,レンズロックテープ(1ロール、1000ヶ入),렌즈잠금테이프(1롤、1000 입),作業時の保護,キズや汚れを防ぎやすい,작업 중 보호,흠집과 오염을 막기 쉬움,211100,KRW,1000ヶ,カタログP.246,723-B_1.jpg,https://www.san-nishimura.co.jp/product/item/?key_word=723-B
724,除菌洗浄液(ブルー)(サンメガウォッシュアクア),제균세척 (블루)(Mega),清掃・仕上げ,お渡し前の見た目を整えやすい,청소 및 최종 마감,전달 전 외관을 정돈하기 쉬움,13700,KRW,,カタログP.243,724_1.jpg,https://www.san-nishimura.co.jp/product/item/%e3%82%b5%e3%83%b3%e3%83%a1%e3%82%ac%e3%82%a6%e3%82%a9%e3%83%83%e3%82%b7%e3%83%a5%e3%82%a2%e3%82%af%e3%82%a2/
726,ネジ締めスタンド,나사 스탠드,ネジ交換・固定,ゆるみや紛失時に対応しやすい,나사 교체 및 고정,풀림이나 분실에 대응하기 쉬움,110500,KRW,,カタログP.215,726_1.jpg,https://www.san-nishimura.co.jp/product/item/?key_word=726
726-A,ドライバー先丈+2.0mm,드라이버 +2.0mm,ネジ調整,日常修理をスムーズにしやすい,나사 조정,일상 수리를 원활하게 하기 쉬움,7500,KRW,1本,カタログP.215,726-A_1.jpg,https://www.san-nishimura.co.jp/product/item/?key_word=726-A
726-B,ドライバー先丈-2.0mm,드라이버 -2.0mm,ネジ調整,日常修理をスムーズにしやすい,나사 조정,일상 수리를 원활하게 하기 쉬움,7500,KRW,1本,カタログP.215,726-B_1.jpg,https://www.san-nishimura.co.jp/product/item/?key_word=726-B
726-C,六角ナット廻し先丈2.0mm,육각 너트 2.0mm,ナット締め外し,小さなナットを確実に扱いやすい,너트 조임 및 분리,작은 너트를 확실하게 다루기 쉬움,7500,KRW,1本,カタログP.215,726-C_1.jpg,https://www.san-nishimura.co.jp/product/item/?key_word=726-C
726-D,六角ナット廻し先丈2.3mm,육각 너트 2.3mm,ナット締め外し,小さなナットを確実に扱いやすい,너트 조임 및 분리,작은 너트를 확실하게 다루기 쉬움,7500,KRW,1本,カタログP.215,726-D_1.jpg,https://www.san-nishimura.co.jp/product/item/?key_word=726-D
726-E,六角ナット廻し先丈2.5mm,육각 너트 2.5mm,ナット締め外し,小さなナットを確実に扱いやすい,너트 조임 및 분리,작은 너트를 확실하게 다루기 쉬움,7500,KRW,1本,カタログP.215,726-E_1.jpg,https://www.san-nishimura.co.jp/product/item/?key_word=726-E
726-F,花型ナット廻し先丈2.6mm,꽃형 너트 2.6mm,ナット締め外し,小さなナットを確実に扱いやすい,너트 조임 및 분리,작은 너트를 확실하게 다루기 쉬움,7500,KRW,1本,カタログP.215,726-F_1.jpg,https://www.san-nishimura.co.jp/product/item/?key_word=726-F
727,拭き取りクロス(ティッシュ型・オプティネット),클리닝 천(),清掃・仕上げ,お渡し前の見た目を整えやすい,청소 및 최종 마감,전달 전 외관을 정돈하기 쉬움,13300,KRW,,カタログP.243,727_1.jpg,https://www.san-nishimura.co.jp/product/item/?key_word=727
728,フォローゲージ,게이지,検査・測定,状態確認と加工判断をしやすい,검사 및 측정,상태 확인과 가공 판단이 쉬움,33200,KRW,,カタログP.175,728_1.jpg,https://www.san-nishimura.co.jp/product/item/%e3%83%95%e3%82%a9%e3%83%ad%e3%83%bc%e3%82%b2%e3%83%bc%e3%82%b8/
729-1,のぼり(メガネBigバーゲン),배너(안경Big),展示・販売促進,商品やサービスを見せやすい,진열 및 판매 촉진,상품과 서비스를 보여주기 쉬움,39100,KRW,,"カタログP.268,269",729-1_1.jpg,https://www.san-nishimura.co.jp/product/item/?key_word=729-1
729-2,のぼり(シニアグラス),배너(돋보기 안경),展示・販売促進,商品やサービスを見せやすい,진열 및 판매 촉진,상품과 서비스를 보여주기 쉬움,39100,KRW,,カタログP.268,729-2_1.jpg,https://www.san-nishimura.co.jp/product/item/%e3%82%b7%e3%83%8b%e3%82%a2%e3%82%b0%e3%83%a9%e3%82%b9%e3%81%ae%e3%81%bc%e3%82%8a/
729-3,のぼり(時計宝飾メガネ),배너(안경),展示・販売促進,商品やサービスを見せやすい,진열 및 판매 촉진,상품과 서비스를 보여주기 쉬움,39100,KRW,,カタログP.269,729-3_1.jpg,https://www.san-nishimura.co.jp/product/item/?key_word=729-3
729-4,のぼり(UV対応レンズ),배너(UV 렌즈),展示・販売促進,商品やサービスを見せやすい,진열 및 판매 촉진,상품과 서비스를 보여주기 쉬움,39100,KRW,,カタログP.268,729-4_1.jpg,https://www.san-nishimura.co.jp/product/item/uv%e5%af%be%e5%bf%9c%e3%83%ac%e3%83%b3%e3%82%ba%e3%81%ae%e3%81%bc%e3%82%8a/
729-5,のぼり(メガネ・コンタクト),배너(안경),展示・販売促進,商品やサービスを見せやすい,진열 및 판매 촉진,상품과 서비스를 보여주기 쉬움,39100,KRW,,カタログP.269,729-5_1.jpg,https://www.san-nishimura.co.jp/product/item/?key_word=729-5
729-6,のぼり(子供用メガネ),배너(안경),展示・販売促進,商品やサービスを見せやすい,진열 및 판매 촉진,상품과 서비스를 보여주기 쉬움,39100,KRW,,カタログP.268,729-6_1.jpg,https://www.san-nishimura.co.jp/product/item/%e3%82%b7%e3%83%8b%e3%82%a2%e3%82%b0%e3%83%a9%e3%82%b9%e3%81%ae%e3%81%bc%e3%82%8a-2/
729-7,のぼり(トータルコーディネート),배너(),展示・販売促進,商品やサービスを見せやすい,진열 및 판매 촉진,상품과 서비스를 보여주기 쉬움,39100,KRW,,カタログP.268,729-7_1.jpg,https://www.san-nishimura.co.jp/product/item/%e3%83%88%e3%83%bc%e3%82%bf%e3%83%ab%e3%82%b3%e3%83%bc%e3%83%87%e3%82%a3%e3%83%8d%e3%83%bc%e3%83%88%e3%81%ae%e3%81%bc%e3%82%8a/
729-8,のぼり(フレッシュフェア),배너(),展示・販売促進,商品やサービスを見せやすい,진열 및 판매 촉진,상품과 서비스를 보여주기 쉬움,39100,KRW,,カタログP.269,729-8_1.jpg,https://www.san-nishimura.co.jp/product/item/?key_word=729-8
729-10,のぼり(花粉防止メガネ),배너(안경),展示・販売促進,商品やサービスを見せやすい,진열 및 판매 촉진,상품과 서비스를 보여주기 쉬움,39100,KRW,,カタログP.268,729-10_1.jpg,https://www.san-nishimura.co.jp/product/item/%e8%8a%b1%e7%b2%89%e9%98%b2%e6%ad%a2%e3%83%a1%e3%82%ac%e3%83%8d%e3%81%ae%e3%81%bc%e3%82%8a/
729-11,のぼり(メガネ決算セール),배너(안경),展示・販売促進,商品やサービスを見せやすい,진열 및 판매 촉진,상품과 서비스를 보여주기 쉬움,39100,KRW,,カタログP.269,729-11_1.jpg,https://www.san-nishimura.co.jp/product/item/?key_word=729-11
729-13,のぼり(点検・調整・クリーニング),배너(),展示・販売促進,商品やサービスを見せやすい,진열 및 판매 촉진,상품과 서비스를 보여주기 쉬움,39100,KRW,,カタログP.268,729-13_1.jpg,https://www.san-nishimura.co.jp/product/item/%e7%82%b9%e6%a4%9c%e3%83%bb%e8%aa%bf%e6%95%b4%e3%83%bb%e3%82%af%e3%83%aa%e3%83%bc%e3%83%8b%e3%83%b3%e3%82%b0%e3%81%ae%e3%81%bc%e3%82%8a/
729-14,のぼり(大切なメガネ直します),배너(대 안경),展示・販売促進,商品やサービスを見せやすい,진열 및 판매 촉진,상품과 서비스를 보여주기 쉬움,39100,KRW,,カタログP.269,729-14_1.jpg,https://www.san-nishimura.co.jp/product/item/?key_word=729-14
729-15,のぼり(メガネ・ふうせん),배너(안경),展示・販売促進,商品やサービスを見せやすい,진열 및 판매 촉진,상품과 서비스를 보여주기 쉬움,39100,KRW,,カタログP.268,729-15_1.jpg,https://www.san-nishimura.co.jp/product/item/%e3%83%a1%e3%82%ac%e3%83%8d%e3%83%bb%e3%81%b5%e3%81%86%e3%81%9b%e3%82%93%e3%83%a1%e3%82%ac%e3%83%8d%e3%81%ae%e3%81%bc%e3%82%8a/
729-16,のぼり(PCメガネ),배너(PC안경),展示・販売促進,商品やサービスを見せやすい,진열 및 판매 촉진,상품과 서비스를 보여주기 쉬움,39100,KRW,,カタログP.268,729-16_1.jpg,https://www.san-nishimura.co.jp/product/item/pc%e3%83%a1%e3%82%ac%e3%83%8d%e3%81%ae%e3%81%bc%e3%82%8a/
729-17,のぼり(メガネフェア),배너(안경),展示・販売促進,商品やサービスを見せやすい,진열 및 판매 촉진,상품과 서비스를 보여주기 쉬움,39100,KRW,,カタログP.269,729-17_1.jpg,https://www.san-nishimura.co.jp/product/item/?key_word=729-17
729-18,のぼり(下取りセール),배너(),展示・販売促進,商品やサービスを見せやすい,진열 및 판매 촉진,상품과 서비스를 보여주기 쉬움,39100,KRW,,カタログP.269,729-18_1.jpg,https://www.san-nishimura.co.jp/product/item/?key_word=729-18
729-19,のぼり(メガネレンズ交換),배너(안경렌즈),展示・販売促進,商品やサービスを見せやすい,진열 및 판매 촉진,상품과 서비스를 보여주기 쉬움,39100,KRW,,カタログP.268,729-19_1.jpg,https://www.san-nishimura.co.jp/product/item/%e3%83%a1%e3%82%ac%e3%83%8d%e3%83%ac%e3%83%b3%e3%82%ba%e4%ba%a4%e6%8f%9b%e3%81%ae%e3%81%bc%e3%82%8a/
729-20,のぼり(EYE GLASSES),배너(EYE GLASSES),展示・販売促進,商品やサービスを見せやすい,진열 및 판매 촉진,상품과 서비스를 보여주기 쉬움,39100,KRW,,カタログP.267,729-20_1.jpg,https://www.san-nishimura.co.jp/product/item/eyeglasses%e3%81%ae%e3%81%bc%e3%82%8a-2/
729-21,のぼり(WELCOME),배너(WELCOME),展示・販売促進,商品やサービスを見せやすい,진열 및 판매 촉진,상품과 서비스를 보여주기 쉬움,39100,KRW,,カタログP.267,729-21_1.jpg,https://www.san-nishimura.co.jp/product/item/%e3%81%ae%e3%81%bc%e3%82%8a/
729-22,のぼり(Now Open),배너(Now Open),展示・販売促進,商品やサービスを見せやすい,진열 및 판매 촉진,상품과 서비스를 보여주기 쉬움,39100,KRW,,カタログP.267,729-22_1.jpg,https://www.san-nishimura.co.jp/product/item/nowopen%e3%81%ae%e3%81%bc%e3%82%8a/
729-23,のぼり(BIG SALE),배너(BIG SALE),展示・販売促進,商品やサービスを見せやすい,진열 및 판매 촉진,상품과 서비스를 보여주기 쉬움,39100,KRW,,カタログP.267,729-23_1.jpg,https://www.san-nishimura.co.jp/product/item/bigsale%e3%81%ae%e3%81%bc%e3%82%8a/
729-24,のぼり(眼鏡作製技能士),배너(),展示・販売促進,商品やサービスを見せやすい,진열 및 판매 촉진,상품과 서비스를 보여주기 쉬움,39100,KRW,,カタログP.269,729-24_1.jpg,https://www.san-nishimura.co.jp/product/item/?key_word=729-24
729-25,のぼり(サングラス・オレンジ),배너(선글라스 오렌지),展示・販売促進,商品やサービスを見せやすい,진열 및 판매 촉진,상품과 서비스를 보여주기 쉬움,39100,KRW,,カタログP.268,729-25_1.jpg,https://www.san-nishimura.co.jp/product/item/%e3%82%b5%e3%83%b3%e3%82%b0%e3%83%a9%e3%82%b9%e3%83%bb%e3%82%aa%e3%83%ac%e3%83%b3%e3%82%b8%e3%81%ae%e3%81%bc%e3%82%8a/
729-26,のぼり(カラーレンズ取扱店),배너(렌즈),展示・販売促進,商品やサービスを見せやすい,진열 및 판매 촉진,상품과 서비스를 보여주기 쉬움,39100,KRW,,カタログP.269,729-26_1.jpg,https://www.san-nishimura.co.jp/product/item/%e3%82%ab%e3%83%a9%e3%83%bc%e3%83%ac%e3%83%b3%e3%82%ba%e5%8f%96%e6%89%b1%e5%ba%97%e3%81%ae%e3%81%bc%e3%82%8a/
729-A,のぼり(ブランド品),배너(),展示・販売促進,商品やサービスを見せやすい,진열 및 판매 촉진,상품과 서비스를 보여주기 쉬움,39100,KRW,,カタログP.268,729-A_1.jpg,https://www.san-nishimura.co.jp/product/item/%e3%83%96%e3%83%a9%e3%83%b3%e3%83%89%e5%93%81%e3%81%ae%e3%81%bc%e3%82%8a/
729-C,のぼり(遠近両用),배너(원근),展示・販売促進,商品やサービスを見せやすい,진열 및 판매 촉진,상품과 서비스를 보여주기 쉬움,39100,KRW,,カタログP.268,729-C_1.jpg,https://www.san-nishimura.co.jp/product/item/%e9%81%a0%e8%bf%91%e4%b8%a1%e7%94%a8%e3%81%ae%e3%81%bc%e3%82%8a/
729-D,のぼり(メガネフレーム),배너(안경프레임),展示・販売促進,商品やサービスを見せやすい,진열 및 판매 촉진,상품과 서비스를 보여주기 쉬움,39100,KRW,,カタログP.269,729-D_1.jpg,https://www.san-nishimura.co.jp/product/item/?key_word=729-D
729-E,のぼり(調整クリーニング),배너(),展示・販売促進,商品やサービスを見せやすい,진열 및 판매 촉진,상품과 서비스를 보여주기 쉬움,39100,KRW,,カタログP.268,729-E_1.jpg,https://www.san-nishimura.co.jp/product/item/%e8%aa%bf%e6%95%b4%e3%82%af%e3%83%aa%e3%83%bc%e3%83%8b%e3%83%b3%e3%82%b0%e3%81%ae%e3%81%bc%e3%82%8a/
729-F,のぼり(各種メガネ),배너(각종안경),展示・販売促進,商品やサービスを見せやすい,진열 및 판매 촉진,상품과 서비스를 보여주기 쉬움,39100,KRW,,カタログP.268,729-F_1.jpg,https://www.san-nishimura.co.jp/product/item/%e5%90%84%e7%a8%ae%e3%83%a1%e3%82%ac%e3%83%8d%e3%81%ae%e3%81%bc%e3%82%8a/
729-G,のぼり(セット),배너(세트),展示・販売促進,商品やサービスを見せやすい,진열 및 판매 촉진,상품과 서비스를 보여주기 쉬움,39100,KRW,,カタログP.268,729-G_1.jpg,https://www.san-nishimura.co.jp/product/item/%e3%82%bb%e3%83%83%e3%83%88%e3%81%ae%e3%81%bc%e3%82%8a/
729-H,のぼり(補聴器),배너(),補聴器・集音器の装着補助,耳への収まりを整えやすい,청각기기 착용 보조,귀에 맞는 착용감을 정돈하기 쉬움,39100,KRW,,カタログP.269,729-H_1.jpg,https://www.san-nishimura.co.jp/product/item/?key_word=729-H
729-I,のぼり(視力測定),배너(),展示・販売促進,商品やサービスを見せやすい,진열 및 판매 촉진,상품과 서비스를 보여주기 쉬움,39100,KRW,,カタログP.268,729-I_1.jpg,https://www.san-nishimura.co.jp/product/item/%e8%a6%96%e5%8a%9b%e6%b8%ac%e5%ae%9a%e3%81%ae%e3%81%bc%e3%82%8a/
729-J,のぼり(時計),배너(),展示・販売促進,商品やサービスを見せやすい,진열 및 판매 촉진,상품과 서비스를 보여주기 쉬움,39100,KRW,,カタログP.269,729-J_1.jpg,https://www.san-nishimura.co.jp/product/item/?key_word=729-J
729-KA,のぼり用注水立て台(11L) ホワイト,배너 (11L) 화이트,展示・販売促進,商品やサービスを見せやすい,진열 및 판매 촉진,상품과 서비스를 보여주기 쉬움,40800,KRW,,カタログP.267,729-KA_1.jpg,https://www.san-nishimura.co.jp/product/item/%e6%b3%a8%e6%b0%b4%e5%9e%8b%e7%ab%8b%e3%81%a6%e5%8f%b0/
729-L,のぼり竿,배너,展示・販売促進,商品やサービスを見せやすい,진열 및 판매 촉진,상품과 서비스를 보여주기 쉬움,20400,KRW,,カタログP.267,729-L_1.jpg,https://www.san-nishimura.co.jp/product/item/%e3%81%ae%e3%81%bc%e3%82%8a%e7%ab%bf/
729-L-1,のぼり竿 部品 横棒のみ,배너 부품 단품,展示・販売促進,商品やサービスを見せやすい,진열 및 판매 촉진,상품과 서비스를 보여주기 쉬움,8500,KRW,,カタログP.267,729-L-1_1.jpg,https://www.san-nishimura.co.jp/product/item/?key_word=729-L-1
729-L-2,のぼり竿 部品 回転柱(キャップ)のみ,배너 부품 (캡)단품,展示・販売促進,商品やサービスを見せやすい,진열 및 판매 촉진,상품과 서비스를 보여주기 쉬움,6800,KRW,,カタログP.267,,https://www.san-nishimura.co.jp/product/item/?key_word=729-L-2
729-M,のぼり(超撥水レンズ),배너(렌즈),展示・販売促進,商品やサービスを見せやすい,진열 및 판매 촉진,상품과 서비스를 보여주기 쉬움,39100,KRW,,カタログP.268,729-M_1.jpg,https://www.san-nishimura.co.jp/product/item/%e8%b6%85%e6%92%a5%e6%b0%b4%e3%83%ac%e3%83%b3%e3%82%ba%e3%81%ae%e3%81%bc%e3%82%8a/
729-N,のぼり(眼科処方せん),배너(),展示・販売促進,商品やサービスを見せやすい,진열 및 판매 촉진,상품과 서비스를 보여주기 쉬움,39100,KRW,,カタログP.268,729-N_1.jpg,https://www.san-nishimura.co.jp/product/item/%e7%9c%bc%e7%a7%91%e5%87%a6%e6%96%b9%e3%81%9b%e3%82%93%e3%81%ae%e3%81%bc%e3%82%8a/
729-P4,のぼり(Sale),배너(Sale),展示・販売促進,商品やサービスを見せやすい,진열 및 판매 촉진,상품과 서비스를 보여주기 쉬움,39100,KRW,,カタログP.269,729-P4_1.jpg,https://www.san-nishimura.co.jp/product/item/?key_word=729-P4
729-T,のぼり(10月1日メガネの日),배너(10 1 안경),展示・販売促進,商品やサービスを見せやすい,진열 및 판매 촉진,상품과 서비스를 보여주기 쉬움,39100,KRW,,カタログP.269,729-T_1.jpg,https://www.san-nishimura.co.jp/product/item/?key_word=729-T
729-U,のぼり(深視力測定できます),배너(),展示・販売促進,商品やサービスを見せやすい,진열 및 판매 촉진,상품과 서비스를 보여주기 쉬움,39100,KRW,,"カタログP.198,268",729-U_1.jpg,https://www.san-nishimura.co.jp/product/item/%e6%b7%b1%e8%a6%96%e5%8a%9b%e6%b8%ac%e5%ae%9a%e3%81%ae%e3%81%bc%e3%82%8a/
729-V,のぼり(あなたのまちのメガネ屋さん),배너(안경),展示・販売促進,商品やサービスを見せやすい,진열 및 판매 촉진,상품과 서비스를 보여주기 쉬움,39100,KRW,,カタログP.269,729-V_1.jpg,https://www.san-nishimura.co.jp/product/item/?key_word=729-V
729-X,のぼり(40代からのメガネ 遠近両用フェア),배너(40 안경 원근),展示・販売促進,商品やサービスを見せやすい,진열 및 판매 촉진,상품과 서비스를 보여주기 쉬움,39100,KRW,,カタログP.268,729-X_1.jpg,https://www.san-nishimura.co.jp/product/item/%e9%81%a0%e8%bf%91%e4%b8%a1%e7%94%a8%e3%83%95%e3%82%a7%e3%82%a2%e3%81%ae%e3%81%bc%e3%82%8a/
729-Z,のぼり(時計電池交換),배너(),展示・販売促進,商品やサービスを見せやすい,진열 및 판매 촉진,상품과 서비스를 보여주기 쉬움,39100,KRW,,カタログP.269,729-Z_1.jpg,https://www.san-nishimura.co.jp/product/item/?key_word=729-Z
736-B-36,ビーバ ブルー(36) ケーブルタイプ,Beaver 블루(36) 케이블타입,子ども用フレーム・部品,サイズや色を合わせて提案しやすい,어린이용 프레임·부품,사이즈와 색상에 맞춰 제안하기 쉬움,161500,KRW,,,736-B-36_1.jpg,https://www.san-nishimura.co.jp/product/item/?key_word=736-B-36
736-B-38,ビーバ ブルー(38) ケーブルタイプ,Beaver 블루(38) 케이블타입,子ども用フレーム・部品,サイズや色を合わせて提案しやすい,어린이용 프레임·부품,사이즈와 색상에 맞춰 제안하기 쉬움,161500,KRW,,,736-B-38_1.jpg,https://www.san-nishimura.co.jp/product/item/?key_word=736-B-38
736-P-36,ビーバ ピンク(36) ケーブルタイプ,Beaver 핑크(36) 케이블타입,子ども用フレーム・部品,サイズや色を合わせて提案しやすい,어린이용 프레임·부품,사이즈와 색상에 맞춰 제안하기 쉬움,161500,KRW,,,736-P-36_1.jpg,https://www.san-nishimura.co.jp/product/item/?key_word=736-P-36
736-P-38,ビーバ ピンク(38) ケーブルタイプ,Beaver 핑크(38) 케이블타입,子ども用フレーム・部品,サイズや色を合わせて提案しやすい,어린이용 프레임·부품,사이즈와 색상에 맞춰 제안하기 쉬움,161500,KRW,,,736-P-38_1.jpg,https://www.san-nishimura.co.jp/product/item/?key_word=736-P-38
741N,フィッティングメジャー,피팅 메저,検査・測定,状態確認と加工判断をしやすい,검사 및 측정,상태 확인과 가공 판단이 쉬움,76500,KRW,,カタログP.176,741N_1.jpg,https://www.san-nishimura.co.jp/product/item/?key_word=741N
743-A,加工整理箱用カード(100枚入),가공 (100 입),工具整理・収納,必要な工具を取り出しやすい,공구 정리 및 수납,필요한 공구를 꺼내기 쉬움,7800,KRW,100枚,カタログP.251,,https://www.san-nishimura.co.jp/product/item/?key_word=743-A
749-DA-4,リメイクカバー(デミ) グレー(細),리메이크 커버() 그레이(얇은),モダン交換,耳まわりの掛け心地と見た目を整えやすい,모던 교체,귀 주변 착용감과 외관을 정돈하기 쉬움,14200,KRW,,,749-DA-4_1.jpg,https://www.san-nishimura.co.jp/product/item/?key_word=749-DA-4
749-DB-4,リメイクカバー(デミ) ブルー(細),리메이크 커버() 블루(얇은),モダン交換,耳まわりの掛け心地と見た目を整えやすい,모던 교체,귀 주변 착용감과 외관을 정돈하기 쉬움,14200,KRW,,,749-DB-4_1.jpg,https://www.san-nishimura.co.jp/product/item/?key_word=749-DB-4
749-DC-4,リメイクカバー(デミ) グリーン(細),리메이크 커버() 그린(얇은),モダン交換,耳まわりの掛け心地と見た目を整えやすい,모던 교체,귀 주변 착용감과 외관을 정돈하기 쉬움,14200,KRW,,,749-DC-4_1.jpg,https://www.san-nishimura.co.jp/product/item/?key_word=749-DC-4
749-OA,リメイクカバー(ストライプ) ホワイト/ブラック,리메이크 커버(스트라이프) 화이트/블랙,モダン交換,耳まわりの掛け心地と見た目を整えやすい,모던 교체,귀 주변 착용감과 외관을 정돈하기 쉬움,14200,KRW,,,749-OA_1.jpg,https://www.san-nishimura.co.jp/product/item/?key_word=749-OA
749-OE,リメイクカバー(ストライプ) パープル/ネイビー,리메이크 커버(스트라이프) 퍼플/네이비,モダン交換,耳まわりの掛け心地と見た目を整えやすい,모던 교체,귀 주변 착용감과 외관을 정돈하기 쉬움,14200,KRW,,,749-OE_1.jpg,https://www.san-nishimura.co.jp/product/item/?key_word=749-OE
749-OF,リメイクカバー(ストライプ) イエロー/グリーン,리메이크 커버(스트라이프) 옐로/그린,モダン交換,耳まわりの掛け心地と見た目を整えやすい,모던 교체,귀 주변 착용감과 외관을 정돈하기 쉬움,14200,KRW,,,749-OF_1.jpg,https://www.san-nishimura.co.jp/product/item/?key_word=749-OF
749-OG,リメイクカバー(ストライプ) グリーン/レッド,리메이크 커버(스트라이프) 그린/레드,モダン交換,耳まわりの掛け心地と見た目を整えやすい,모던 교체,귀 주변 착용감과 외관을 정돈하기 쉬움,14200,KRW,,,749-OG_1.jpg,https://www.san-nishimura.co.jp/product/item/?key_word=749-OG
749-OH,リメイクカバー(ストライプ) グレー/レッド,리메이크 커버(스트라이프) 그레이/레드,モダン交換,耳まわりの掛け心地と見た目を整えやすい,모던 교체,귀 주변 착용감과 외관을 정돈하기 쉬움,14200,KRW,,,749-OH_1.jpg,https://www.san-nishimura.co.jp/product/item/?key_word=749-OH
749-OI,リメイクカバー(ストライプ) ブラウン/レッド,리메이크 커버(스트라이프) 브라운/레드,モダン交換,耳まわりの掛け心地と見た目を整えやすい,모던 교체,귀 주변 착용감과 외관을 정돈하기 쉬움,14200,KRW,,,749-OI_1.jpg,https://www.san-nishimura.co.jp/product/item/?key_word=749-OI
749-OJ,リメイクカバー(ストライプ) オレンジ/レッド,리메이크 커버(스트라이프) 오렌지/레드,モダン交換,耳まわりの掛け心地と見た目を整えやすい,모던 교체,귀 주변 착용감과 외관을 정돈하기 쉬움,14200,KRW,,,749-OJ_1.jpg,https://www.san-nishimura.co.jp/product/item/?key_word=749-OJ
749-OK,リメイクカバー(ストライプ) バイオレット/レッド,리메이크 커버(스트라이프) /레드,モダン交換,耳まわりの掛け心地と見た目を整えやすい,모던 교체,귀 주변 착용감과 외관을 정돈하기 쉬움,14200,KRW,,,749-OK_1.jpg,https://www.san-nishimura.co.jp/product/item/?key_word=749-OK
749-PC-2,リメイクカバー(パール) モスグリーン(太),리메이크 커버() 그린(굵은),モダン交換,耳まわりの掛け心地と見た目を整えやすい,모던 교체,귀 주변 착용감과 외관을 정돈하기 쉬움,14200,KRW,,,749-PC-2_1.jpg,https://www.san-nishimura.co.jp/product/item/?key_word=749-PC-2
749-PC-4,リメイクカバー(パール) モスグリーン(細),리메이크 커버() 그린(얇은),モダン交換,耳まわりの掛け心地と見た目を整えやすい,모던 교체,귀 주변 착용감과 외관을 정돈하기 쉬움,14200,KRW,,,749-PC-4_1.jpg,https://www.san-nishimura.co.jp/product/item/?key_word=749-PC-4
749-SC-2,リメイクカバー(スタンダード) ブルー(太),리메이크 커버() 블루(굵은),モダン交換,耳まわりの掛け心地と見た目を整えやすい,모던 교체,귀 주변 착용감과 외관을 정돈하기 쉬움,14200,KRW,,,749-SC-2_1.jpg,https://www.san-nishimura.co.jp/product/item/?key_word=749-SC-2
749-SC-4,リメイクカバー(スタンダード) ブルー(細),리메이크 커버() 블루(얇은),モダン交換,耳まわりの掛け心地と見た目を整えやすい,모던 교체,귀 주변 착용감과 외관을 정돈하기 쉬움,14200,KRW,,,749-SC-4_1.jpg,https://www.san-nishimura.co.jp/product/item/?key_word=749-SC-4
749-SD-2,リメイクカバー(スタンダード) グリーン(太),리메이크 커버() 그린(굵은),モダン交換,耳まわりの掛け心地と見た目を整えやすい,모던 교체,귀 주변 착용감과 외관을 정돈하기 쉬움,14200,KRW,,,749-SD-2_1.jpg,https://www.san-nishimura.co.jp/product/item/?key_word=749-SD-2
749-SD-4,リメイクカバー(スタンダード) グリーン(細),리메이크 커버() 그린(얇은),モダン交換,耳まわりの掛け心地と見た目を整えやすい,모던 교체,귀 주변 착용감과 외관을 정돈하기 쉬움,14200,KRW,,,749-SD-4_1.jpg,https://www.san-nishimura.co.jp/product/item/?key_word=749-SD-4
749-SE-2,リメイクカバー(スタンダード) イエロー(太),리메이크 커버() 옐로(굵은),モダン交換,耳まわりの掛け心地と見た目を整えやすい,모던 교체,귀 주변 착용감과 외관을 정돈하기 쉬움,14200,KRW,,,749-SE-2_1.jpg,https://www.san-nishimura.co.jp/product/item/?key_word=749-SE-2
749-SE-4,リメイクカバー(スタンダード) イエロー(細),리메이크 커버() 옐로(얇은),モダン交換,耳まわりの掛け心地と見た目を整えやすい,모던 교체,귀 주변 착용감과 외관을 정돈하기 쉬움,14200,KRW,,,749-SE-4_1.jpg,https://www.san-nishimura.co.jp/product/item/?key_word=749-SE-4
749-SF-2,リメイクカバー(スタンダード) オレンジ(太),리메이크 커버() 오렌지(굵은),モダン交換,耳まわりの掛け心地と見た目を整えやすい,모던 교체,귀 주변 착용감과 외관을 정돈하기 쉬움,14200,KRW,,,749-SF-2_1.jpg,https://www.san-nishimura.co.jp/product/item/?key_word=749-SF-2
749-SG-2,リメイクカバー(スタンダード) レッド(太),리메이크 커버() 레드(굵은),モダン交換,耳まわりの掛け心地と見た目を整えやすい,모던 교체,귀 주변 착용감과 외관을 정돈하기 쉬움,14200,KRW,,,749-SG-2_1.jpg,https://www.san-nishimura.co.jp/product/item/?key_word=749-SG-2
749-TB,リメイクカバー(透明ストライプ) クリア/ブルー,리메이크 커버(투명스트라이프) 클리어/블루,モダン交換,耳まわりの掛け心地と見た目を整えやすい,모던 교체,귀 주변 착용감과 외관을 정돈하기 쉬움,14200,KRW,,,749-TB_1.jpg,https://www.san-nishimura.co.jp/product/item/?key_word=749-TB
749-TC,リメイクカバー(透明ストライプ) クリア/レッド,리메이크 커버(투명스트라이프) 클리어/레드,モダン交換,耳まわりの掛け心地と見た目を整えやすい,모던 교체,귀 주변 착용감과 외관을 정돈하기 쉬움,14200,KRW,,,749-TC_1.jpg,https://www.san-nishimura.co.jp/product/item/?key_word=749-TC
749-TD,リメイクカバー(透明ストライプ) グレー/ブルー,리메이크 커버(투명스트라이프) 그레이/블루,モダン交換,耳まわりの掛け心地と見た目を整えやすい,모던 교체,귀 주변 착용감과 외관을 정돈하기 쉬움,14200,KRW,,,749-TD_1.jpg,https://www.san-nishimura.co.jp/product/item/?key_word=749-TD
749-TE,リメイクカバー(透明ストライプ) ピンク/レッド,리메이크 커버(투명스트라이프) 핑크/레드,モダン交換,耳まわりの掛け心地と見た目を整えやすい,모던 교체,귀 주변 착용감과 외관을 정돈하기 쉬움,14200,KRW,,,749-TE_1.jpg,https://www.san-nishimura.co.jp/product/item/?key_word=749-TE
749-TF,リメイクカバー(透明ストライプ) ピンク/ブルー,리메이크 커버(투명스트라이프) 핑크/블루,モダン交換,耳まわりの掛け心地と見た目を整えやすい,모던 교체,귀 주변 착용감과 외관을 정돈하기 쉬움,14200,KRW,,,749-TF_1.jpg,https://www.san-nishimura.co.jp/product/item/?key_word=749-TF
749-TG,リメイクカバー(透明ストライプ) レッド/ブルー,리메이크 커버(투명스트라이프) 레드/블루,モダン交換,耳まわりの掛け心地と見た目を整えやすい,모던 교체,귀 주변 착용감과 외관을 정돈하기 쉬움,14200,KRW,,,749-TG_1.jpg,https://www.san-nishimura.co.jp/product/item/?key_word=749-TG
750-A,鼻盛液,코받침 보강 패드,鼻盛り・掛け位置調整,低い鼻当てでも掛け位置を整えやすい,코받침 보정 및 착용 위치 조정,낮은 코받침도 착용 위치를 맞추기 쉬움,25400,KRW,,カタログP.227,750-A_1.jpg,https://www.san-nishimura.co.jp/product/item/?key_word=750-A
750-B,保持台,고정 받침대,機器部品交換・補修,機器を使い続けやすい,장비 부품 교체 및 보수,장비를 계속 사용하기 쉬움,58700,KRW,,カタログP.227,750-B_1.jpg,https://www.san-nishimura.co.jp/product/item/?key_word=750-B
750-C,"UVライトC[177,750]兼用","UV라이트C[177,750]",レンズ・状態確認,店頭デモで説明しやすい,렌즈·상태 확인,매장 데모에서 설명하기 쉬움,46900,KRW,,カタログP.227,750-C_1.jpg,https://www.san-nishimura.co.jp/product/item/?key_word=750-C
750-D,鼻盛液用ヘラ(5本入),코받침 보강 패드 (5개),鼻盛り・掛け位置調整,低い鼻当てでも掛け位置を整えやすい,코받침 보정 및 착용 위치 조정,낮은 코받침도 착용 위치를 맞추기 쉬움,6900,KRW,5本,カタログP.227,750-D_1.jpg,https://www.san-nishimura.co.jp/product/item/?key_word=750-D
750-E,紫外線硬化型樹脂 鼻パット張り合わせ用,코받침,鼻パッド交換・調整,当たりと掛け心地を整えやすい,코패드 교체 및 조정,맞닿는 느낌과 착용감을 조정하기 쉬움,25400,KRW,,カタログP.227,750-E_1.jpg,https://www.san-nishimura.co.jp/product/item/?key_word=750-E
751,スーパーロック,잠금,接着・ゆるみ止め,補修後の固定を安定させやすい,접착 및 풀림 방지,보수 후 고정을 안정시키기 쉬움,24700,KRW,,カタログP.263,751_1.jpg,https://www.san-nishimura.co.jp/product/item/%e3%82%b9%e3%83%bc%e3%83%91%e3%83%bc%e3%83%ad%e3%83%83%e3%82%af/
752-1,横田流フィッティング術実践編パート5,5,教育・技術確認,スタッフ教育に使いやすい,교육 및 기술 확인,직원 교육에 쓰기 좋음,48600,KRW,,カタログP.277,752-1_1.jpg,https://www.san-nishimura.co.jp/product/item/?key_word=752-1
752-2,横田流フィッティング術25のテクニック,25,教育・技術確認,スタッフ教育に使いやすい,교육 및 기술 확인,직원 교육에 쓰기 좋음,53300,KRW,,カタログP.277,752-2_1.jpg,https://www.san-nishimura.co.jp/product/item/%e6%a8%aa%e7%94%b0%e6%b5%81%e3%83%95%e3%82%a3%e3%83%83%e3%83%86%e3%82%a3%e3%83%b3%e3%82%b0%e8%a1%93%e3%80%8025%e3%81%ae%e3%83%86%e3%82%af%e3%83%8b%e3%83%83%e3%82%af/
752-3,国家検定資格「眼鏡作製技能士」の誕生と眼科専門医との連携,「 」,教育・技術確認,スタッフ教育に使いやすい,교육 및 기술 확인,직원 교육에 쓰기 좋음,20400,KRW,,カタログP.276,752-3_1.jpg,https://www.san-nishimura.co.jp/product/item/%e5%9b%bd%e5%ae%b6%e6%a4%9c%e5%ae%9a%e8%b3%87%e6%a0%bc%e3%80%8c%e7%9c%bc%e9%8f%a1%e4%bd%9c%e8%a3%bd%e6%8a%80%e8%83%bd%e5%a3%ab%e3%80%8d%e3%81%ae%e8%aa%95%e7%94%9f%e3%81%a8%e7%9c%bc%e7%a7%91%e5%b0%82/
752-A,科学的な眼鏡調製,과학적 안경 조정 서적,教育・技術確認,スタッフ教育に使いやすい,교육 및 기술 확인,직원 교육에 쓰기 좋음,85000,KRW,,カタログP.276,752-A_1.jpg,https://www.san-nishimura.co.jp/product/item/%e7%a7%91%e5%ad%a6%e7%9a%84%e3%81%aa%e7%9c%bc%e9%8f%a1%e8%aa%bf%e6%95%b4/
752-B,メガネは眼そのもの,안경,教育・技術確認,スタッフ教育に使いやすい,교육 및 기술 확인,직원 교육에 쓰기 좋음,18900,KRW,,カタログP.276,752-B_1.jpg,https://www.san-nishimura.co.jp/product/item/%e3%83%a1%e3%82%ac%e3%83%8d%e3%81%af%e7%9c%bc%e3%81%9d%e3%81%ae%e3%82%82%e3%81%ae/
752-C,野矢さんの眼鏡学講座,안경학 강좌 서적,教育・技術確認,スタッフ教育に使いやすい,교육 및 기술 확인,직원 교육에 쓰기 좋음,64800,KRW,,カタログP.276,752-C_1.jpg,https://www.san-nishimura.co.jp/product/item/%e9%87%8e%e7%9f%a2%e3%81%95%e3%82%93%e3%81%ae%e7%9c%bc%e9%8f%a1%e5%ad%a6%e8%ac%9b%e5%ba%a7/
752-D,野矢さんの眼鏡学講座2,2,教育・技術確認,スタッフ教育に使いやすい,교육 및 기술 확인,직원 교육에 쓰기 좋음,64800,KRW,,カタログP.276,752-D_1.jpg,https://www.san-nishimura.co.jp/product/item/%e9%87%8e%e7%9f%a2%e3%81%95%e3%82%93%e3%81%ae%e7%9c%bc%e9%8f%a1%e5%ad%a6%e8%ac%9b%e5%ba%a72/
752-L,基礎両眼視,기초 양안시 서적,教育・技術確認,スタッフ教育に使いやすい,교육 및 기술 확인,직원 교육에 쓰기 좋음,91800,KRW,,カタログP.277,752-L_1.jpg,https://www.san-nishimura.co.jp/product/item/?key_word=752-L
752-M,野矢さんの 眼鏡学講座3,3,教育・技術確認,スタッフ教育に使いやすい,교육 및 기술 확인,직원 교육에 쓰기 좋음,58300,KRW,,カタログP.276,752-M_1.jpg,https://www.san-nishimura.co.jp/product/item/?key_word=752-M
752-N,眼鏡用語辞典,안경 용어 사전,教育・技術確認,スタッフ教育に使いやすい,교육 및 기술 확인,직원 교육에 쓰기 좋음,40500,KRW,,カタログP.277,752-N_1.jpg,https://www.san-nishimura.co.jp/product/item/?key_word=752-N
752-P,装用テストの実際,테스트,教育・技術確認,スタッフ教育に使いやすい,교육 및 기술 확인,직원 교육에 쓰기 좋음,55100,KRW,,カタログP.276,752-P_1.jpg,https://www.san-nishimura.co.jp/product/item/?key_word=752-P
752-Q,近用眼鏡処方の手順,근용 안경 처방 가이드,近用・手元作業,度数や用途に合わせて提案しやすい,근거리 시야 및 손작업,도수와 용도에 맞춰 제안하기 쉬움,51800,KRW,,カタログP.276,752-Q_1.jpg,https://www.san-nishimura.co.jp/product/item/?key_word=752-Q
752-S,立体視検査,입체시 검사 서적,視力検査の補助,検査条件を整えやすい,시력검사 보조,검사 조건을 갖추기 쉬움,48600,KRW,,カタログP.277,752-S_1.jpg,https://www.san-nishimura.co.jp/product/item/?key_word=752-S
752-T,横田流フィッティング術テクニックブック,요코타식 피팅 기술 서적,教育・技術確認,スタッフ教育に使いやすい,교육 및 기술 확인,직원 교육에 쓰기 좋음,48600,KRW,,カタログP.277,752-T_1.jpg,https://www.san-nishimura.co.jp/product/item/?key_word=752-T
752-V,横田流フィッティング術実践編パート2,2,教育・技術確認,スタッフ教育に使いやすい,교육 및 기술 확인,직원 교육에 쓰기 좋음,48600,KRW,,カタログP.277,752-V_1.jpg,https://www.san-nishimura.co.jp/product/item/?key_word=752-V
752-W,すぐに役立つ眼鏡学 理論編,실용 안경학 이론편,教育・技術確認,スタッフ教育に使いやすい,교육 및 기술 확인,직원 교육에 쓰기 좋음,76500,KRW,,カタログP.277,752-W_1.jpg,https://www.san-nishimura.co.jp/product/item/?key_word=752-W
752-X,すぐに役立つ眼鏡学 実務編,실용 안경학 실무편,教育・技術確認,スタッフ教育に使いやすい,교육 및 기술 확인,직원 교육에 쓰기 좋음,81600,KRW,,カタログP.277,752-X_1.jpg,https://www.san-nishimura.co.jp/product/item/?key_word=752-X
752-Y,横田流フィッティング術実践編パート3,3,教育・技術確認,スタッフ教育に使いやすい,교육 및 기술 확인,직원 교육에 쓰기 좋음,48600,KRW,,カタログP.277,752-Y_1.jpg,https://www.san-nishimura.co.jp/product/item/?key_word=752-Y
752-Z,横田流フィッティング術実践編パート4,4,教育・技術確認,スタッフ教育に使いやすい,교육 및 기술 확인,직원 교육에 쓰기 좋음,48600,KRW,,カタログP.277,752-Z_1.jpg,https://www.san-nishimura.co.jp/product/item/?key_word=752-Z
752-WX,すぐに役立つ眼鏡学 (理論編・実務編 2冊セット),(2 세트),教育・技術確認,スタッフ教育に使いやすい,교육 및 기술 확인,직원 교육에 쓰기 좋음,153000,KRW,,カタログP.277,,https://www.san-nishimura.co.jp/product/item/?key_word=752-WX
754,保護テープカッター,보호테이프,作業時の保護,キズや汚れを防ぎやすい,작업 중 보호,흠집과 오염을 막기 쉬움,102000,KRW,,"カタログP.249,251",754_1.jpg,https://www.san-nishimura.co.jp/product/item/%e4%bf%9d%e8%ad%b7%e3%83%86%e3%83%bc%e3%83%97%e3%82%ab%e3%83%83%e3%82%bf%e3%83%bc/
755-B,エンジェルジュエリー専用段付ドリル1.5mm用,포함드릴1.5mm,穴あけ・穴調整,穴径や位置を整えやすい,구멍 가공 및 조정,구멍 크기와 위치를 맞추기 쉬움,58700,KRW,,カタログP.83,755-B_1.jpg,https://www.san-nishimura.co.jp/product/item/?key_word=755-B
755-C,エンジェルジュエリー専用段付ドリル2.25mm用,포함드릴2.25mm,穴あけ・穴調整,穴径や位置を整えやすい,구멍 가공 및 조정,구멍 크기와 위치를 맞추기 쉬움,58700,KRW,,カタログP.83,755-C_1.jpg,https://www.san-nishimura.co.jp/product/item/?key_word=755-C
756-D-2,天然石ダイヤ2.25mm(2個入),2.25mm(2개),装飾・カスタマイズ,店頭提案の幅を広げやすい,장식 및 커스터마이징,매장 제안 폭을 넓히기 쉬움,230700,KRW,2個,カタログP.83,756-D-2_1.jpg,https://www.san-nishimura.co.jp/product/item/?key_word=756-D-2
756-D-4,天然石ダイヤ1.5mm(10個入),1.5mm(10개),装飾・カスタマイズ,店頭提案の幅を広げやすい,장식 및 커스터마이징,매장 제안 폭을 넓히기 쉬움,293300,KRW,10個,カタログP.83,756-D-4_1.jpg,https://www.san-nishimura.co.jp/product/item/?key_word=756-D-4
756-R-2,天然石ルビー2.25mm(2個入),2.25mm(2개),装飾・カスタマイズ,店頭提案の幅を広げやすい,장식 및 커스터마이징,매장 제안 폭을 넓히기 쉬움,140800,KRW,2個,カタログP.83,756-R-2_1.jpg,https://www.san-nishimura.co.jp/product/item/?key_word=756-R-2
756-R-4,天然石ルビー1.5mm(10個入),1.5mm(10개),装飾・カスタマイズ,店頭提案の幅を広げやすい,장식 및 커스터마이징,매장 제안 폭을 넓히기 쉬움,215100,KRW,10個,カタログP.83,756-R-4_1.jpg,https://www.san-nishimura.co.jp/product/item/?key_word=756-R-4
756-S-2,天然石サファイヤ2.25mm(2個入),2.25mm(2개),装飾・カスタマイズ,店頭提案の幅を広げやすい,장식 및 커스터마이징,매장 제안 폭을 넓히기 쉬움,140800,KRW,2個,カタログP.83,756-S-2_1.jpg,https://www.san-nishimura.co.jp/product/item/?key_word=756-S-2
756-S-4,天然石サファイヤ1.5mm(10個入),1.5mm(10개),装飾・カスタマイズ,店頭提案の幅を広げやすい,장식 및 커스터마이징,매장 제안 폭을 넓히기 쉬움,215100,KRW,10個,カタログP.83,756-S-4_1.jpg,https://www.san-nishimura.co.jp/product/item/?key_word=756-S-4
757-BR-4,合成石CZ(ブラウン)1.5mm(80個入),CZ(브라운)1.5mm(80개),装飾・カスタマイズ,店頭提案の幅を広げやすい,장식 및 커스터마이징,매장 제안 폭을 넓히기 쉬움,125100,KRW,80個,,757-BR-4_1.jpg,https://www.san-nishimura.co.jp/product/item/?key_word=757-BR-4
757-GY-2,合成石CZ(ゴールデンイエロー)2.25mm(80個入),CZ(옐로)2.25mm(80개),装飾・カスタマイズ,店頭提案の幅を広げやすい,장식 및 커스터마이징,매장 제안 폭을 넓히기 쉬움,156400,KRW,80個,,757-GY-2_1.jpg,https://www.san-nishimura.co.jp/product/item/?key_word=757-GY-2
757-OR-2,合成石CZ(オレンジ)2.25mm(80個入),CZ(오렌지)2.25mm(80개),装飾・カスタマイズ,店頭提案の幅を広げやすい,장식 및 커스터마이징,매장 제안 폭을 넓히기 쉬움,156400,KRW,80個,,757-OR-2_1.jpg,https://www.san-nishimura.co.jp/product/item/?key_word=757-OR-2
759N,ノンフロンクリーンエース(エアダスター),(),清掃・仕上げ,お渡し前の見た目を整えやすい,청소 및 최종 마감,전달 전 외관을 정돈하기 쉬움,20200,KRW,,カタログP.257,759N_1.jpg,https://www.san-nishimura.co.jp/product/item/?key_word=759N
765,ヤットコ(3mm),플라이어(3mm),智固定・調整補助,フレームを安定させて角度調整しやすい,엔드피스 고정 및 조정 보조,프레임을 안정시켜 각도 조정이 쉬움,100300,KRW,,"カタログP.130,134,170,172",765_1.jpg,https://www.san-nishimura.co.jp/product/item/%e3%83%a4%e3%83%83%e3%83%88%e3%82%b3765/
765-1,先プラスチック(3mm),플라스틱 팁스틱(3mm),ヤットコ先端交換・保護,調整時のキズを抑えやすい,플라이어 팁 교체 및 보호,조정 중 흠집을 줄이기 쉬움,8200,KRW,,,765-1_1.jpg,https://www.san-nishimura.co.jp/product/item/?key_word=765-1
766,ヤットコ(5mm),플라이어(5mm),ヤットコ先端交換・保護,調整時のキズを抑えやすい,플라이어 팁 교체 및 보호,조정 중 흠집을 줄이기 쉬움,100300,KRW,,"カタログP.130,134,170",766_1.jpg,https://www.san-nishimura.co.jp/product/item/%e3%83%a4%e3%83%83%e3%83%88%e3%82%b3766/
766-1,先プラスチック(5mm),플라스틱 팁스틱(5mm),ヤットコ先端交換・保護,調整時のキズを抑えやすい,플라이어 팁 교체 및 보호,조정 중 흠집을 줄이기 쉬움,6900,KRW,,,766-1_1.jpg,https://www.san-nishimura.co.jp/product/item/?key_word=766-1
767,サーモレックス,써모렉스,フレーム加熱・調整,素材を焦がしにくく調整しやすい,프레임 가열 및 조정,타는 위험을 줄이며 조정하기 쉬움,772200,KRW,,"カタログP.202,203",767_1.jpg,https://www.san-nishimura.co.jp/product/item/%e3%82%b5%e3%83%bc%e3%83%a2%e3%83%ac%e3%83%83%e3%82%af%e3%82%b9/
768-C,プライスホルダーC(100枚入),가격표홀더C(100 입),展示・販売促進,商品やサービスを見せやすい,진열 및 판매 촉진,상품과 서비스를 보여주기 쉬움,28100,KRW,100枚,カタログP.275,768-C_1.jpg,https://www.san-nishimura.co.jp/product/item/%e3%83%97%e3%83%a9%e3%82%a4%e3%82%b9%e3%83%9b%e3%83%ab%e3%83%80%e3%83%bc/
769-A,値札(ホワイト)税込価格(1000枚入),(화이트) (1000 입),展示・販売促進,商品やサービスを見せやすい,진열 및 판매 촉진,상품과 서비스를 보여주기 쉬움,78200,KRW,1000枚,カタログP.275,769-A_1.jpg,https://www.san-nishimura.co.jp/product/item/%e5%80%a4%e6%9c%ad/
769-B,値札(ブルー)税込価格(1000枚入),(블루) (1000 입),展示・販売促進,商品やサービスを見せやすい,진열 및 판매 촉진,상품과 서비스를 보여주기 쉬움,78200,KRW,1000枚,カタログP.275,769-B_1.jpg,https://www.san-nishimura.co.jp/product/item/?key_word=769-B
769-F,値札(ホワイト)税抜価格(1000枚入),(화이트) (1000 입),展示・販売促進,商品やサービスを見せやすい,진열 및 판매 촉진,상품과 서비스를 보여주기 쉬움,78200,KRW,1000枚,カタログP.275,,https://www.san-nishimura.co.jp/product/item/?key_word=769-F
769-K,値札用回転印(欧文5号6連),(5 6),展示・販売促進,商品やサービスを見せやすい,진열 및 판매 촉진,상품과 서비스를 보여주기 쉬움,30600,KRW,,カタログP.274,769-K_1.jpg,https://www.san-nishimura.co.jp/product/item/%e5%80%a4%e6%9c%ad%e7%94%a8%e5%9b%9e%e8%bb%a2%e5%8d%b0%e6%ac%a7%e6%96%875%e5%8f%b76%e9%80%a3/
772,スライドバネ丁番セット,스프링 힌지세트,丁番・テンプル開閉部の補修,開閉の動きやガタつきを整えやすい,힌지 및 템플 개폐부 보수,개폐 움직임과 흔들림을 정돈하기 쉬움,144500,KRW,,カタログP.57,772_1.jpg,https://www.san-nishimura.co.jp/product/item/%e3%82%b9%e3%83%a9%e3%82%a4%e3%83%89%e3%83%90%e3%83%8d%e4%b8%81%e7%95%aa%e3%83%97%e3%83%a9%e3%83%b3%e3%82%b8%e3%83%a3%e3%83%bc/
772-518,スライドバネ丁番スライドケースG,스프링 힌지 케이스G,丁番・テンプル開閉部の補修,開閉の動きやガタつきを整えやすい,힌지 및 템플 개폐부 보수,개폐 움직임과 흔들림을 정돈하기 쉬움,13900,KRW,1組,カタログP.57,772-518_1.jpg,https://www.san-nishimura.co.jp/product/item/?key_word=772-518
772-519,スライドバネ丁番スライドケースW,스프링 힌지 케이스W,丁番・テンプル開閉部の補修,開閉の動きやガタつきを整えやすい,힌지 및 템플 개폐부 보수,개폐 움직임과 흔들림을 정돈하기 쉬움,13900,KRW,1組,カタログP.57,772-519_1.jpg,https://www.san-nishimura.co.jp/product/item/?key_word=772-519
772-520,スプリングボルト,볼트,丁番・テンプル開閉部の補修,開閉の動きやガタつきを整えやすい,힌지 및 템플 개폐부 보수,개폐 움직임과 흔들림을 정돈하기 쉬움,12800,KRW,10個,カタログP.57,772-520_1.jpg,https://www.san-nishimura.co.jp/product/item/?key_word=772-520
772-521,バネ,스프링,丁番・テンプル開閉部の補修,開閉の動きやガタつきを整えやすい,힌지 및 템플 개폐부 보수,개폐 움직임과 흔들림을 정돈하기 쉬움,12800,KRW,10個,カタログP.57,772-521_1.jpg,https://www.san-nishimura.co.jp/product/item/?key_word=772-521
772-522,プランジャー,플런저,丁番・テンプル開閉部の補修,開閉の動きやガタつきを整えやすい,힌지 및 템플 개폐부 보수,개폐 움직임과 흔들림을 정돈하기 쉬움,21300,KRW,,カタログP.57,772-522_1.jpg,https://www.san-nishimura.co.jp/product/item/?key_word=772-522
773-523,スライドバネ丁番スライドケースG,스프링 힌지 케이스G,丁番・テンプル開閉部の補修,開閉の動きやガタつきを整えやすい,힌지 및 템플 개폐부 보수,개폐 움직임과 흔들림을 정돈하기 쉬움,13900,KRW,1組,カタログP.57,773-523_1.jpg,https://www.san-nishimura.co.jp/product/item/?key_word=773-523
773-524,スライドバネ丁番スライドケースW,스프링 힌지 케이스W,丁番・テンプル開閉部の補修,開閉の動きやガタつきを整えやすい,힌지 및 템플 개폐부 보수,개폐 움직임과 흔들림을 정돈하기 쉬움,13900,KRW,1組,カタログP.57,773-524_1.jpg,https://www.san-nishimura.co.jp/product/item/?key_word=773-524
773-525,スライドバネ丁番スライドケースG,스프링 힌지 케이스G,丁番・テンプル開閉部の補修,開閉の動きやガタつきを整えやすい,힌지 및 템플 개폐부 보수,개폐 움직임과 흔들림을 정돈하기 쉬움,13900,KRW,1組,カタログP.57,773-525_1.jpg,https://www.san-nishimura.co.jp/product/item/?key_word=773-525
773-526,スライドバネ丁番スライドケースW,스프링 힌지 케이스W,丁番・テンプル開閉部の補修,開閉の動きやガタつきを整えやすい,힌지 및 템플 개폐부 보수,개폐 움직임과 흔들림을 정돈하기 쉬움,13900,KRW,1組,カタログP.57,773-526_1.jpg,https://www.san-nishimura.co.jp/product/item/?key_word=773-526
773-527,スプリングボルト,볼트,ツーポイント固定・補修,寸法を合わせて外れを補修しやすい,무테 프레임 고정 및 보수,치수를 맞춰 이탈 부위를 보수하기 쉬움,12800,KRW,10個,カタログP.57,773-527_1.jpg,https://www.san-nishimura.co.jp/product/item/?key_word=773-527
773-528,バネ,스프링,丁番・テンプル開閉部の補修,開閉の動きやガタつきを整えやすい,힌지 및 템플 개폐부 보수,개폐 움직임과 흔들림을 정돈하기 쉬움,12800,KRW,10個,カタログP.57,773-528_1.jpg,https://www.san-nishimura.co.jp/product/item/?key_word=773-528
773-529,ロッキングデバイス,락킹 디바이스,丁番・テンプル開閉部の補修,開閉の動きやガタつきを整えやすい,힌지 및 템플 개폐부 보수,개폐 움직임과 흔들림을 정돈하기 쉬움,21300,KRW,,カタログP.57,773-529_1.jpg,https://www.san-nishimura.co.jp/product/item/?key_word=773-529
775,方眼シール(50枚入),(50 입),レンズの位置決め,アイポイントや加工位置を確認しやすい,렌즈 위치 결정,아이포인트와 가공 위치를 확인하기 쉬움,19600,KRW,50枚,カタログP.259,775_1.jpg,https://www.san-nishimura.co.jp/product/item/%e6%96%b9%e7%9c%bc%e3%82%b7%e3%83%bc%e3%83%ab/
778,電子ガスバーナー,전자 가스 버너,ロウ付け・加熱補修,必要箇所を固定・補修しやすい,납땜 및 가열 보수,필요한 부위를 고정·보수하기 쉬움,176000,KRW,,カタログP.234,778_1.jpg,https://www.san-nishimura.co.jp/product/item/%e9%9b%bb%e5%ad%90%e3%82%ac%e3%82%b9%e3%83%90%e3%83%bc%e3%83%8a%e3%83%bc/
787,25通ポータブルレンズセット(アルミケース仕様),25 렌즈세트(케이스),検眼・見え方確認,必要な度数を選んで確認しやすい,검안 및 시야 확인,필요한 도수를 골라 확인하기 쉬움,1555500,KRW,,"カタログP.77,191",787_1.jpg,https://www.san-nishimura.co.jp/product/item/25%e9%80%9a%e3%83%9d%e3%83%bc%e3%82%bf%e3%83%96%e3%83%ab%e3%83%ac%e3%83%b3%e3%82%ba%e3%82%bb%e3%83%83%e3%83%88/
788,35通ポータブルレンズセット(アルミケース仕様),35 렌즈세트(케이스),検眼・見え方確認,必要な度数を選んで確認しやすい,검안 및 시야 확인,필요한 도수를 골라 확인하기 쉬움,2104600,KRW,1枚,カタログP.191,788_1.jpg,https://www.san-nishimura.co.jp/product/item/35%e9%80%9a%e3%83%9d%e3%83%bc%e3%82%bf%e3%83%96%e3%83%ab%e3%83%ac%e3%83%b3%e3%82%ba%e3%82%bb%e3%83%83%e3%83%88/
789,強力マグネットツールバー,강력 자석 툴바,工具整理・収納,必要な工具を取り出しやすい,공구 정리 및 수납,필요한 공구를 꺼내기 쉬움,33200,KRW,,カタログP.169,789_1.jpg,https://www.san-nishimura.co.jp/product/item/?key_word=789
791-B,ターンディスプレイ(ブルー),(블루),展示・販売促進,商品やサービスを見せやすい,진열 및 판매 촉진,상품과 서비스를 보여주기 쉬움,73300,KRW,,カタログP.272,791-B_1.jpg,https://www.san-nishimura.co.jp/product/item/?key_word=791-B
791-BK,ターンディスプレイ(ブラック),(블랙),展示・販売促進,商品やサービスを見せやすい,진열 및 판매 촉진,상품과 서비스를 보여주기 쉬움,73300,KRW,,カタログP.272,791-BK_1.jpg,https://www.san-nishimura.co.jp/product/item/?key_word=791-BK
791-RE,ターンディスプレイ(レッド),(레드),展示・販売促進,商品やサービスを見せやすい,진열 및 판매 촉진,상품과 서비스를 보여주기 쉬움,73300,KRW,,カタログP.272,791-RE_1.jpg,https://www.san-nishimura.co.jp/product/item/?key_word=791-RE
792,ミニルーター(100Vタイプ),미니 (100V타입),レンズ・フレーム加工,加工精度や仕上がりをそろえやすい,렌즈 및 프레임 가공,가공 정밀도와 마감을 일정하게 하기 쉬움,336300,KRW,,カタログP.204,792_1.jpg,https://www.san-nishimura.co.jp/product/item/%e3%83%9f%e3%83%8b%e3%83%ab%e3%83%bc%e3%82%bf%e3%83%bc100v%e3%82%bf%e3%82%a4%e3%83%97/
793,オイルスプレー(CRC5-56),오일 (CRC5-56),丁番・可動部の潤滑,開閉を滑らかにしやすい,힌지 및 가동부 윤활,개폐를 부드럽게 하기 쉬움,12700,KRW,,カタログP.257,793_1.jpg,https://www.san-nishimura.co.jp/product/item/%e3%83%8f%e3%83%bc%e3%83%89%e3%83%91%e3%83%83%e3%83%88%e3%82%af%e3%83%ad%e3%82%b9%e3%82%a4%e3%83%b3%e3%82%b5%e3%83%bc%e3%83%88/
794,(+)チェンジドライバーセット(2本入),(+)교체드라이버세트(2개),ネジ調整,日常修理をスムーズにしやすい,나사 조정,일상 수리를 원활하게 하기 쉬움,28000,KRW,2本,カタログP.155,794_1.jpg,https://www.san-nishimura.co.jp/product/item/?key_word=794
794-1,"チェンジドライバ-柄[No.794,795]兼用","교체 - [No.794,795]",ネジ調整,日常修理をスムーズにしやすい,나사 조정,일상 수리를 원활하게 하기 쉬움,13900,KRW,,カタログP.154,794-1_1.jpg,https://www.san-nishimura.co.jp/product/item/%e3%83%81%e3%82%a7%e3%83%b3%e3%82%b8%e3%83%89%e3%83%a9%e3%82%a4%e3%83%90%e3%83%bc%e3%80%80%e6%9f%84%e3%81%ae%e3%81%bf/
794S,(+)チェンジドライバーセット(3本入),(+)교체드라이버세트(3개),ネジ調整,日常修理をスムーズにしやすい,나사 조정,일상 수리를 원활하게 하기 쉬움,34000,KRW,3本,カタログP.155,794S_1.jpg,https://www.san-nishimura.co.jp/product/item/?key_word=794S
795,(-)チェンジドライバーセット(3本入),(-)교체드라이버세트(3개),ネジ調整,日常修理をスムーズにしやすい,나사 조정,일상 수리를 원활하게 하기 쉬움,34000,KRW,3本,カタログP.155,795_1.jpg,https://www.san-nishimura.co.jp/product/item/?key_word=795
796-GL,マイクロクロスクリーン(大判) グレー,클리닝 천 (대) 그레이,清掃・仕上げ,お渡し前の見た目を整えやすい,청소 및 최종 마감,전달 전 외관을 정돈하기 쉬움,9600,KRW,,カタログP.99,796-GL_1.jpg,https://www.san-nishimura.co.jp/product/item/?key_word=796-GL
796-NB,マイクロクロスクリーン(大判) ネイビーブルー,클리닝 천 (대) 네이비블루,清掃・仕上げ,お渡し前の見た目を整えやすい,청소 및 최종 마감,전달 전 외관을 정돈하기 쉬움,9600,KRW,,カタログP.99,796-NB_1.jpg,https://www.san-nishimura.co.jp/product/item/?key_word=796-NB
796-SB,マイクロクロスクリーン(大判) スカイブルー,클리닝 천 (대) 블루,清掃・仕上げ,お渡し前の見た目を整えやすい,청소 및 최종 마감,전달 전 외관을 정돈하기 쉬움,9600,KRW,,カタログP.99,796-SB_1.jpg,https://www.san-nishimura.co.jp/product/item/?key_word=796-SB
796-YE,マイクロクロスクリーン(大判) イエロー,클리닝 천 (대) 옐로,清掃・仕上げ,お渡し前の見た目を整えやすい,청소 및 최종 마감,전달 전 외관을 정돈하기 쉬움,9600,KRW,,カタログP.99,796-YE_1.jpg,https://www.san-nishimura.co.jp/product/item/?key_word=796-YE
796-1-GL,マイクロクロスクリーン(大判)台紙なし(グレー) 兼用,클리닝 천 (대) (그레이),清掃・仕上げ,お渡し前の見た目を整えやすい,청소 및 최종 마감,전달 전 외관을 정돈하기 쉬움,8200,KRW,,,,https://www.san-nishimura.co.jp/product/item/?key_word=796-1-GL
796-1-NB,マイクロクロスクリーン(大判)台紙なし(ネイビーブルー) 兼用,클리닝 천 (대) (네이비블루),清掃・仕上げ,お渡し前の見た目を整えやすい,청소 및 최종 마감,전달 전 외관을 정돈하기 쉬움,8200,KRW,,,,https://www.san-nishimura.co.jp/product/item/?key_word=796-1-NB
796-1-SB,マイクロクロスクリーン(大判)台紙なし(スカイブルー)兼用,클리닝 천 (대) (블루),清掃・仕上げ,お渡し前の見た目を整えやすい,청소 및 최종 마감,전달 전 외관을 정돈하기 쉬움,8200,KRW,,,,https://www.san-nishimura.co.jp/product/item/?key_word=796-1-SB
796-1-YE,マイクロクロスクリーン(大判)台紙なし(イエロー)兼用,클리닝 천 (대) (옐로),清掃・仕上げ,お渡し前の見た目を整えやすい,청소 및 최종 마감,전달 전 외관을 정돈하기 쉬움,8200,KRW,,,,https://www.san-nishimura.co.jp/product/item/?key_word=796-1-YE
797-P,ノンスリップクロスL ピンク,클리닝 천L 핑크,清掃・仕上げ,お渡し前の見た目を整えやすい,청소 및 최종 마감,전달 전 외관을 정돈하기 쉬움,9600,KRW,1枚,カタログP.99,797-P_1.jpg,https://www.san-nishimura.co.jp/product/item/?key_word=797-P
797-SB,ノンスリップクロスL スカイブルー,클리닝 천L 블루,清掃・仕上げ,お渡し前の見た目を整えやすい,청소 및 최종 마감,전달 전 외관을 정돈하기 쉬움,9600,KRW,,カタログP.99,797-SB_1.jpg,https://www.san-nishimura.co.jp/product/item/?key_word=797-SB
797,ノンスリップクロスL,클리닝 천L,清掃・仕上げ,お渡し前の見た目を整えやすい,청소 및 최종 마감,전달 전 외관을 정돈하기 쉬움,115000,KRW,,カタログP.99,797_1.jpg,https://www.san-nishimura.co.jp/product/item/%e3%83%8e%e3%83%b3%e3%82%b9%e3%83%aa%e3%83%83%e3%83%97%e3%82%af%e3%83%ad%e3%82%b9%e5%a4%a7%e5%88%a4/
798-A,レンズロックテープ ワイドカップ用(10シート、100ヶ入),렌즈잠금테이프 와이드 (10시트、100 입),作業時の保護,キズや汚れを防ぎやすい,작업 중 보호,흠집과 오염을 막기 쉬움,23500,KRW,100ヶ,カタログP.246,798-A_1.jpg,https://www.san-nishimura.co.jp/product/item/?key_word=798-A
798-B,レンズロックテープ ワイドカップ用(1ロール、1000ヶ入),렌즈잠금테이프 와이드 (1롤、1000 입),作業時の保護,キズや汚れを防ぎやすい,작업 중 보호,흠집과 오염을 막기 쉬움,211100,KRW,1000ヶ,カタログP.246,798-B_1.jpg,https://www.san-nishimura.co.jp/product/item/?key_word=798-B
799-1,No.799ヤットコ先プラスチック(1組中1ヶ分),No.799플라이어플라스틱 팁스틱(1 중1),ヤットコ先端交換・保護,調整時のキズを抑えやすい,플라이어 팁 교체 및 보호,조정 중 흠집을 줄이기 쉬움,6900,KRW,1組,,,https://www.san-nishimura.co.jp/product/item/?key_word=799-1
800-1,No.800ヤットコ先プラスチック,No.800플라이어플라스틱 팁스틱,ヤットコ先端交換・保護,調整時のキズを抑えやすい,플라이어 팁 교체 및 보호,조정 중 흠집을 줄이기 쉬움,6900,KRW,,,,https://www.san-nishimura.co.jp/product/item/?key_word=800-1
801N-BK,SWANSスポーツベルトDX ブラック,SWANS DX 블랙,眼鏡固定,動いてもズレ落ちを防ぎやすい,안경 고정,움직일 때 흘러내림을 줄이기 쉬움,10200,KRW,,カタログP.101,801N-BK_1.jpg,https://www.san-nishimura.co.jp/product/item/%e3%82%b9%e3%83%af%e3%83%b3%e3%82%ba%e3%82%b9%e3%83%9d%e3%83%bc%e3%83%84%e3%83%99%e3%83%ab%e3%83%88dx/
803EX,メガネのシャンプー 除菌EX(ミンティ)200ml,안경 샴푸 제균EX()200ml,清掃・仕上げ,お渡し前の見た目を整えやすい,청소 및 최종 마감,전달 전 외관을 정돈하기 쉬움,6000,KRW,,カタログP.91,803EX_1.jpg,https://www.san-nishimura.co.jp/product/item/%e3%83%a1%e3%82%ac%e3%83%8d%e3%81%ae%e3%82%b7%e3%83%a3%e3%83%b3%e3%83%97%e3%83%bc%e9%99%a4%e8%8f%8cex/
803EX-A,メガネのシャンプー 除菌EX(ミンティ)詰替用160ml,안경 샴푸 제균EX() 160ml,清掃・仕上げ,お渡し前の見た目を整えやすい,청소 및 최종 마감,전달 전 외관을 정돈하기 쉬움,4800,KRW,,カタログP.91,803EX-A_1.jpg,https://www.san-nishimura.co.jp/product/item/?key_word=803EX-A
803EX-B,メガネのシャンプー 除菌EX(アクア)200ml,안경 샴푸 제균EX()200ml,清掃・仕上げ,お渡し前の見た目を整えやすい,청소 및 최종 마감,전달 전 외관을 정돈하기 쉬움,6000,KRW,,カタログP.91,803EX-B_1.jpg,https://www.san-nishimura.co.jp/product/item/%e3%83%a1%e3%82%ac%e3%83%8d%e3%81%ae%e3%82%b7%e3%83%a3%e3%83%b3%e3%83%97%e3%83%bc%e9%99%a4%e8%8f%8cex/
803EX-B-A,メガネのシャンプー 除菌EX(アクア)詰替用160ml,안경 샴푸 제균EX() 160ml,清掃・仕上げ,お渡し前の見た目を整えやすい,청소 및 최종 마감,전달 전 외관을 정돈하기 쉬움,4800,KRW,,カタログP.91,803EX-B-A_1.jpg,https://www.san-nishimura.co.jp/product/item/?key_word=803EX-B-A
803EX-CL,メガネのシャンプー 除菌EX (無香料)200ml,안경 샴푸 제균EX ()200ml,清掃・仕上げ,お渡し前の見た目を整えやすい,청소 및 최종 마감,전달 전 외관을 정돈하기 쉬움,6000,KRW,,カタログP.91,803EX-CL_1.jpg,https://www.san-nishimura.co.jp/product/item/%e3%83%a1%e3%82%ac%e3%83%8d%e3%81%ae%e3%82%b7%e3%83%a3%e3%83%b3%e3%83%97%e3%83%bc%e9%99%a4%e8%8f%8cex/
803EX-CL-A,メガネのシャンプー 除菌EX (無香料)詰替用160ml,안경 샴푸 제균EX () 160ml,清掃・仕上げ,お渡し前の見た目を整えやすい,청소 및 최종 마감,전달 전 외관을 정돈하기 쉬움,4800,KRW,,カタログP.91,803EX-CL-A_1.jpg,https://www.san-nishimura.co.jp/product/item/?key_word=803EX-CL-A
803EX-R,メガネのシャンプー 除菌EX(フローラル)200ml,안경 샴푸 제균EX()200ml,清掃・仕上げ,お渡し前の見た目を整えやすい,청소 및 최종 마감,전달 전 외관을 정돈하기 쉬움,6000,KRW,,カタログP.91,803EX-R_1.jpg,https://www.san-nishimura.co.jp/product/item/%e3%83%a1%e3%82%ac%e3%83%8d%e3%81%ae%e3%82%b7%e3%83%a3%e3%83%b3%e3%83%97%e3%83%bc%e9%99%a4%e8%8f%8cex/
803EX-R-A,メガネのシャンプー 除菌EX(フローラル)詰替用160ml,안경 샴푸 제균EX() 160ml,清掃・仕上げ,お渡し前の見た目を整えやすい,청소 및 최종 마감,전달 전 외관을 정돈하기 쉬움,4800,KRW,,カタログP.91,803EX-R-A_1.jpg,https://www.san-nishimura.co.jp/product/item/?key_word=803EX-R-A
803EX-V,メガネのシャンプー 除菌EX(ムスク)200ml,안경 샴푸 제균EX()200ml,清掃・仕上げ,お渡し前の見た目を整えやすい,청소 및 최종 마감,전달 전 외관을 정돈하기 쉬움,6000,KRW,,カタログP.91,803EX-V_1.jpg,https://www.san-nishimura.co.jp/product/item/%e3%83%a1%e3%82%ac%e3%83%8d%e3%81%ae%e3%82%b7%e3%83%a3%e3%83%b3%e3%83%97%e3%83%bc%e9%99%a4%e8%8f%8cex/
803EX-YE,メガネのシャンプー 除菌EX(トロピカル)200ml,안경 샴푸 제균EX()200ml,清掃・仕上げ,お渡し前の見た目を整えやすい,청소 및 최종 마감,전달 전 외관을 정돈하기 쉬움,6000,KRW,,カタログP.91,803EX-YE_1.jpg,https://www.san-nishimura.co.jp/product/item/%e3%83%a1%e3%82%ac%e3%83%8d%e3%81%ae%e3%82%b7%e3%83%a3%e3%83%b3%e3%83%97%e3%83%bc%e9%99%a4%e8%8f%8cex/
805-L,クラッチグラスII左用,안경II,眼瞼下垂の視界補助,まぶたを支えて視界を確保しやすい,안검하수 시야 보조,눈꺼풀을 받쳐 시야를 확보하기 쉬움,47600,KRW,,カタログP.106,805-L_1.jpg,https://www.san-nishimura.co.jp/product/item/?key_word=805-L
805-R,クラッチグラスII右用,안경II,眼瞼下垂の視界補助,まぶたを支えて視界を確保しやすい,안검하수 시야 보조,눈꺼풀을 받쳐 시야를 확보하기 쉬움,47600,KRW,,カタログP.106,805-R_1.jpg,https://www.san-nishimura.co.jp/product/item/?key_word=805-R
805N-R,クラッチグラスα右用,안경α,眼瞼下垂の視界補助,まぶたを支えて視界を確保しやすい,안검하수 시야 보조,눈꺼풀을 받쳐 시야를 확보하기 쉬움,56100,KRW,,カタログP.106,805N-R_1.jpg,https://www.san-nishimura.co.jp/product/item/?key_word=805N-R
805N-L,クラッチグラスα左用,안경α,眼瞼下垂の視界補助,まぶたを支えて視界を確保しやすい,안검하수 시야 보조,눈꺼풀을 받쳐 시야를 확보하기 쉬움,56100,KRW,,カタログP.106,805N-L_1.jpg,https://www.san-nishimura.co.jp/product/item/?key_word=805N-L
806,ミニルーター(12Vタイプ),미니 (12V타입),レンズ・フレーム加工,加工精度や仕上がりをそろえやすい,렌즈 및 프레임 가공,가공 정밀도와 마감을 일정하게 하기 쉬움,263900,KRW,,"カタログP.204,211",806_1.jpg,https://www.san-nishimura.co.jp/product/item/%e3%83%9f%e3%83%8b%e3%83%ab%e3%83%bc%e3%82%bf%e3%83%bc12v%e3%82%bf%e3%82%a4%e3%83%97/
806-A,ハンドドリル,드릴,穴あけ・穴調整,穴径や位置を整えやすい,구멍 가공 및 조정,구멍 크기와 위치를 맞추기 쉬움,176000,KRW,1個,カタログP.204,806-A_1.jpg,https://www.san-nishimura.co.jp/product/item/?key_word=806-A
806-B,電源トランス,전원 트랜스,機器部品交換・補修,機器を使い続けやすい,장비 부품 교체 및 보수,장비를 계속 사용하기 쉬움,88000,KRW,,カタログP.204,806-B_1.jpg,https://www.san-nishimura.co.jp/product/item/?key_word=806-B
806-C,削込カバー,삭감 커버,機器部品交換・補修,機器を使い続けやすい,장비 부품 교체 및 보수,장비를 계속 사용하기 쉬움,19200,KRW,,カタログP.204,806-C_1.jpg,https://www.san-nishimura.co.jp/product/item/?key_word=806-C
806-D,削込ダイヤモンド砥石,다이아몬드연마석,削り・仕上げ加工,細かな形状調整と面取りをしやすい,절삭 및 마감 가공,세밀한 형상 조정과 면취가 쉬움,68400,KRW,,"カタログP.204,208",806-D_1.jpg,https://www.san-nishimura.co.jp/product/item/%e5%89%8a%e8%be%bc%e3%83%80%e3%82%a4%e3%83%a4%e3%83%a2%e3%83%b3%e3%83%89%e7%a0%a5%e7%9f%b3/
807-A-GL,贈答用クロス(大判) 粗品 グレー,클리닝 천(대) 그레이,清掃・仕上げ,お渡し前の見た目を整えやすい,청소 및 최종 마감,전달 전 외관을 정돈하기 쉬움,9600,KRW,,,807-A-GL_1.jpg,https://www.san-nishimura.co.jp/product/item/?key_word=807-A-GL
807-A-NB,贈答用クロス(大判) 粗品 ネイビーブルー,클리닝 천(대) 네이비블루,清掃・仕上げ,お渡し前の見た目を整えやすい,청소 및 최종 마감,전달 전 외관을 정돈하기 쉬움,9600,KRW,,,807-A-NB_1.jpg,https://www.san-nishimura.co.jp/product/item/?key_word=807-A-NB
807-A-SB,贈答用クロス(大判) 粗品 スカイブルー,클리닝 천(대) 블루,清掃・仕上げ,お渡し前の見た目を整えやすい,청소 및 최종 마감,전달 전 외관을 정돈하기 쉬움,9600,KRW,,,807-A-SB_1.jpg,https://www.san-nishimura.co.jp/product/item/?key_word=807-A-SB
807-A-YE,贈答用クロス(大判) 粗品 イエロー,클리닝 천(대) 옐로,清掃・仕上げ,お渡し前の見た目を整えやすい,청소 및 최종 마감,전달 전 외관을 정돈하기 쉬움,9600,KRW,,,807-A-YE_1.jpg,https://www.san-nishimura.co.jp/product/item/?key_word=807-A-YE
807-B-GL,贈答用クロス(大判) お年賀 グレー,클리닝 천(대) 그레이,清掃・仕上げ,お渡し前の見た目を整えやすい,청소 및 최종 마감,전달 전 외관을 정돈하기 쉬움,9600,KRW,,,807-B-GL_1.jpg,https://www.san-nishimura.co.jp/product/item/?key_word=807-B-GL
807-B-NB,贈答用クロス(大判) お年賀 ネイビーブルー,클리닝 천(대) 네이비블루,清掃・仕上げ,お渡し前の見た目を整えやすい,청소 및 최종 마감,전달 전 외관을 정돈하기 쉬움,9600,KRW,,,807-B-NB_1.jpg,https://www.san-nishimura.co.jp/product/item/?key_word=807-B-NB
807-B-SB,贈答用クロス(大判) お年賀 スカイブルー,클리닝 천(대) 블루,清掃・仕上げ,お渡し前の見た目を整えやすい,청소 및 최종 마감,전달 전 외관을 정돈하기 쉬움,9600,KRW,,,807-B-SB_1.jpg,https://www.san-nishimura.co.jp/product/item/?key_word=807-B-SB
807-B-YE,贈答用クロス(大判) お年賀 イエロー,클리닝 천(대) 옐로,清掃・仕上げ,お渡し前の見た目を整えやすい,청소 및 최종 마감,전달 전 외관을 정돈하기 쉬움,9600,KRW,,,807-B-YE_1.jpg,https://www.san-nishimura.co.jp/product/item/?key_word=807-B-YE
807-C-GL,贈答用クロス(大判) 無地 グレー,클리닝 천(대) 그레이,清掃・仕上げ,お渡し前の見た目を整えやすい,청소 및 최종 마감,전달 전 외관을 정돈하기 쉬움,9600,KRW,,,807-C-GL_1.jpg,https://www.san-nishimura.co.jp/product/item/?key_word=807-C-GL
807-C-NB,贈答用クロス(大判) 無地 ネイビーブルー,클리닝 천(대) 네이비블루,清掃・仕上げ,お渡し前の見た目を整えやすい,청소 및 최종 마감,전달 전 외관을 정돈하기 쉬움,9600,KRW,,,807-C-NB_1.jpg,https://www.san-nishimura.co.jp/product/item/?key_word=807-C-NB
807-C-SB,贈答用クロス(大判) 無地 スカイブルー,클리닝 천(대) 블루,清掃・仕上げ,お渡し前の見た目を整えやすい,청소 및 최종 마감,전달 전 외관을 정돈하기 쉬움,9600,KRW,,,807-C-SB_1.jpg,https://www.san-nishimura.co.jp/product/item/?key_word=807-C-SB
807-C-YE,贈答用クロス(大判) 無地 イエロー,클리닝 천(대) 옐로,清掃・仕上げ,お渡し前の見た目を整えやすい,청소 및 최종 마감,전달 전 외관을 정돈하기 쉬움,9600,KRW,,,807-C-YE_1.jpg,https://www.san-nishimura.co.jp/product/item/?key_word=807-C-YE
808-AE,ステッドラー(極細) 黒,(얇은),印点・マーキング,必要な印を見やすく入れやすい,인점 및 마킹,필요한 표시를 보기 좋게 넣기 쉬움,5900,KRW,,カタログP.258,808-AE_1.jpg,https://www.san-nishimura.co.jp/product/item/%e3%82%b9%e3%83%86%e3%83%83%e3%83%89%e3%83%a9%e3%83%bc%e6%a5%b5%e7%b4%b0/
809-B,ビーバ お徳用セット (ブルー),Beaver 대용량세트 (블루),子ども用フレーム・部品,サイズや色を合わせて提案しやすい,어린이용 프레임·부품,사이즈와 색상에 맞춰 제안하기 쉬움,354500,KRW,6ヶ,カタログP.102,809-B_1.jpg,https://www.san-nishimura.co.jp/product/item/?key_word=809-B
809-P,ビーバ お徳用セット (ピンク),Beaver 대용량세트 (핑크),子ども用フレーム・部品,サイズや色を合わせて提案しやすい,어린이용 프레임·부품,사이즈와 색상에 맞춰 제안하기 쉬움,354500,KRW,6ヶ,カタログP.102,809-P_1.jpg,https://www.san-nishimura.co.jp/product/item/?key_word=809-P
810-A,テグス(ナイロールフレーム用) 0.6mm トーメイ,(롤프레임) 0.6mm,ナイロール用テグス交換,レンズを安定して固定しやすい,나일론 림 줄 교체,렌즈를 안정적으로 고정하기 쉬움,11500,KRW,,カタログP.60,810-A_1.jpg,https://www.san-nishimura.co.jp/product/item/%e3%83%86%e3%82%b0%e3%82%b90-6%e3%8e%9c/
814,ピンセット(ネジつかみ),핀셋(나사),小部品保持,細かな部品を落とさず扱いやすい,작은 부품 집기,작은 부품을 떨어뜨리지 않고 다루기 쉬움,54700,KRW,,カタログP.167,814_1.jpg,https://www.san-nishimura.co.jp/product/item/%e3%83%94%e3%83%b3%e3%82%bb%e3%83%83%e3%83%88-814/
815,万国式近点表(山地氏),(),近距離視力の確認,近用の見え方を確認しやすい,근거리 시력 확인,근용 시야를 확인하기 쉬움,69700,KRW,,カタログP.197,815_1.jpg,https://www.san-nishimura.co.jp/product/item/%e4%b8%87%e5%9b%bd%e5%bc%8f%e8%bf%91%e7%82%b9%e8%a1%a8/
817,ランドルド環視標0.1,0.1,視力・見え方の確認,検査条件をそろえやすい,시력 및 시야 확인,검사 조건을 맞추기 쉬움,34000,KRW,,カタログP.197,817_1.jpg,https://www.san-nishimura.co.jp/product/item/%e3%83%a9%e3%83%b3%e3%83%89%e3%83%ab%e3%83%88%e7%92%b0%e8%a6%96%e6%a8%990-1/
818,メガネ用検眼テスト枠,안경 시험테,視力検査の補助,検査条件を整えやすい,시력검사 보조,검사 조건을 갖추기 쉬움,255000,KRW,,カタログP.194,818_1.jpg,https://www.san-nishimura.co.jp/product/item/%e3%83%a1%e3%82%ac%e3%83%8d%e7%94%a8%e6%a4%9c%e7%9c%bc%e3%83%86%e3%82%b9%e3%83%88%e6%9e%a0/
819,メガネ用遮閉器,안경,視力検査の補助,検査条件を整えやすい,시력검사 보조,검사 조건을 갖추기 쉬움,102000,KRW,,カタログP.194,819_1.jpg,https://www.san-nishimura.co.jp/product/item/%e3%83%a1%e3%82%ac%e3%83%8d%e7%94%a8%e9%81%ae%e8%94%bd%e5%99%a8/
820,超音波洗浄器専用クリーナー,세척 클리너,清掃・仕上げ,お渡し前の見た目を整えやすい,청소 및 최종 마감,전달 전 외관을 정돈하기 쉬움,11200,KRW,,"カタログP.242,243",820_1.jpg,https://www.san-nishimura.co.jp/product/item/?key_word=820
821-2,クリーンボックス 電球,교체용 전구,機器部品交換・補修,機器を使い続けやすい,장비 부품 교체 및 보수,장비를 계속 사용하기 쉬움,55700,KRW,,カタログP.195,,https://www.san-nishimura.co.jp/product/item/?key_word=821-2
821,クリーンボックス,클린 박스,トライアルフレームの衛生管理,次の検査に清潔な状態で備えやすい,시험테 위생 관리,다음 검사에 깨끗한 상태로 대비하기 쉬움,841500,KRW,,カタログP.195,821_1.jpg,https://www.san-nishimura.co.jp/product/item/%e3%82%af%e3%83%aa%e3%83%bc%e3%83%b3%e3%83%9c%e3%83%83%e3%82%af%e3%82%b9/
823,ピタームW ハイ・ロー各種5ペア,피타암W 각종5쌍,鼻パッド交換・調整,当たりと掛け心地を整えやすい,코패드 교체 및 조정,맞닿는 느낌과 착용감을 조정하기 쉬움,117300,KRW,5ペア,"カタログP.25,229",823_1.jpg,https://www.san-nishimura.co.jp/product/item/%e3%83%94%e3%82%bf%e3%83%bc%e3%83%a0/
823-556,ピタームW 箱蝶 ハイポジション 6.2,피타암W 박스형 코받침 6.2,鼻パッド交換・調整,当たりと掛け心地を整えやすい,코패드 교체 및 조정,맞닿는 느낌과 착용감을 조정하기 쉬움,11700,KRW,1組,"カタログP.22,25,229",823-556_1.jpg,https://www.san-nishimura.co.jp/product/item/%e3%83%94%e3%82%bf%e3%83%bc%e3%83%a0/
823-556-ASS,ピタームW 箱蝶ハイポジション 6.2 アーム5ペア入,피타암W 박스형 코받침 6.2 5쌍입,鼻パッド交換・調整,当たりと掛け心地を整えやすい,코패드 교체 및 조정,맞닿는 느낌과 착용감을 조정하기 쉬움,43000,KRW,5ペア,"カタログP.25,229",823-556-ASS_1.jpg,https://www.san-nishimura.co.jp/product/item/?key_word=823-556-ASS
823-556SS,ピタームW 箱蝶 ハイポジション 6.2 5ペア,피타암W 박스형 코받침 6.2 5쌍,鼻パッド交換・調整,当たりと掛け心地を整えやすい,코패드 교체 및 조정,맞닿는 느낌과 착용감을 조정하기 쉬움,58700,KRW,5ペア,"カタログP.25,229",823-556SS_1.jpg,https://www.san-nishimura.co.jp/product/item/?key_word=823-556SS
823-557,ピタームW 箱蝶 ローポジション 4.8,피타암W 박스형 코받침 4.8,鼻パッド交換・調整,当たりと掛け心地を整えやすい,코패드 교체 및 조정,맞닿는 느낌과 착용감을 조정하기 쉬움,11700,KRW,1組,"カタログP.22,25,229",823-557_1.jpg,https://www.san-nishimura.co.jp/product/item/%e3%83%94%e3%82%bf%e3%83%bc%e3%83%a0/
823-557-ASS,ピタームW 箱蝶ローポジション 4.8 アーム5ペア入,피타암W 박스형 코받침 4.8 5쌍입,鼻パッド交換・調整,当たりと掛け心地を整えやすい,코패드 교체 및 조정,맞닿는 느낌과 착용감을 조정하기 쉬움,43000,KRW,5ペア,"カタログP.25,229",823-557-ASS_1.jpg,https://www.san-nishimura.co.jp/product/item/?key_word=823-557-ASS
823-557SS,ピタームW 箱蝶 ローポジション 4.8 5ペア,피타암W 박스형 코받침 4.8 5쌍,鼻パッド交換・調整,当たりと掛け心地を整えやすい,코패드 교체 및 조정,맞닿는 느낌과 착용감을 조정하기 쉬움,58700,KRW,5ペア,"カタログP.25,229",823-557SS_1.jpg,https://www.san-nishimura.co.jp/product/item/?key_word=823-557SS
823-730,ピタームBS W 箱蝶 3.6,피타암BS W 박스형 코받침 3.6,鼻パッド交換・調整,当たりと掛け心地を整えやすい,코패드 교체 및 조정,맞닿는 느낌과 착용감을 조정하기 쉬움,11700,KRW,1組,"カタログP.22,25,229",823-730_1.jpg,https://www.san-nishimura.co.jp/product/item/%e3%83%94%e3%82%bf%e3%83%bc%e3%83%a0/
823-730-ASS,ピタームBS W 箱蝶 3.6 アーム 5ペア,피타암BS W 박스형 코받침 3.6 5쌍,鼻パッド交換・調整,当たりと掛け心地を整えやすい,코패드 교체 및 조정,맞닿는 느낌과 착용감을 조정하기 쉬움,43000,KRW,5ペア,"カタログP.25,229",,https://www.san-nishimura.co.jp/product/item/?key_word=823-730-ASS
823-730SS,ピタームBS W 箱蝶 3.6 5ペア,피타암BS W 박스형 코받침 3.6 5쌍,鼻パッド交換・調整,当たりと掛け心地を整えやすい,코패드 교체 및 조정,맞닿는 느낌과 착용감을 조정하기 쉬움,58700,KRW,5ペア,"カタログP.25,229",,https://www.san-nishimura.co.jp/product/item/?key_word=823-730SS
824,アイアームW 大中小各種5ペア,아이암W 대중소각종5쌍,パッド足交換・補修,必要な形状だけを選んで補修しやすい,코패드 암 교체 및 수리,필요한 형태만 골라 보수하기 쉬움,176000,KRW,5ペア,"カタログP.24,228",824_1.jpg,https://www.san-nishimura.co.jp/product/item/%e3%82%a2%e3%82%a4%e3%82%a2%e3%83%bc%e3%83%a0/
824-558,アイアームW(小) 9.5×6.2,아이암W(소) 9.5×6.2,パッド足交換・補修,必要な形状だけを選んで補修しやすい,코패드 암 교체 및 수리,필요한 형태만 골라 보수하기 쉬움,11700,KRW,,"カタログP.22,24,228",824-558_1.jpg,https://www.san-nishimura.co.jp/product/item/%e3%82%a2%e3%82%a4%e3%82%a2%e3%83%bc%e3%83%a0/
824-558-ASS,アイアームW(小)9.5×6.2 アーム5ペア入,아이암W(소)9.5×6.2 5쌍입,パッド足交換・補修,必要な形状だけを選んで補修しやすい,코패드 암 교체 및 수리,필요한 형태만 골라 보수하기 쉬움,45000,KRW,5ペア,"カタログP.24,228",824-558-ASS_1.jpg,https://www.san-nishimura.co.jp/product/item/?key_word=824-558-ASS
824-558SS,アイアームW(小) 9.5×6.2 5ペア,아이암W(소) 9.5×6.2 5쌍,パッド足交換・補修,必要な形状だけを選んで補修しやすい,코패드 암 교체 및 수리,필요한 형태만 골라 보수하기 쉬움,58700,KRW,5ペア,"カタログP.24,228",824-558SS_1.jpg,https://www.san-nishimura.co.jp/product/item/?key_word=824-558SS
824-559,アイアームW(中)12.5×6.2,아이암W(중)12.5×6.2,パッド足交換・補修,必要な形状だけを選んで補修しやすい,코패드 암 교체 및 수리,필요한 형태만 골라 보수하기 쉬움,11700,KRW,,"カタログP.22,24,228",824-559_1.jpg,https://www.san-nishimura.co.jp/product/item/%e3%82%a2%e3%82%a4%e3%82%a2%e3%83%bc%e3%83%a0/
824-559-ASS,アイアームW(中)12.5×6.2 アーム5ペア入,아이암W(중)12.5×6.2 5쌍입,パッド足交換・補修,必要な形状だけを選んで補修しやすい,코패드 암 교체 및 수리,필요한 형태만 골라 보수하기 쉬움,45000,KRW,5ペア,"カタログP.24,228",824-559-ASS_1.jpg,https://www.san-nishimura.co.jp/product/item/?key_word=824-559-ASS
824-559SS,アイアームW(中)12.5×6.2 5ペア,아이암W(중)12.5×6.2 5쌍,パッド足交換・補修,必要な形状だけを選んで補修しやすい,코패드 암 교체 및 수리,필요한 형태만 골라 보수하기 쉬움,58700,KRW,5ペア,"カタログP.24,228",824-559SS_1.jpg,https://www.san-nishimura.co.jp/product/item/?key_word=824-559SS
824-560,アイアームW(大)15.5×6.2,아이암W(대)15.5×6.2,パッド足交換・補修,必要な形状だけを選んで補修しやすい,코패드 암 교체 및 수리,필요한 형태만 골라 보수하기 쉬움,11700,KRW,,"カタログP.22,24,228",824-560_1.jpg,https://www.san-nishimura.co.jp/product/item/%e3%82%a2%e3%82%a4%e3%82%a2%e3%83%bc%e3%83%a0/
824-560-ASS,アイアームW(大)15.5×6.2 アーム5ペア入,아이암W(대)15.5×6.2 5쌍입,パッド足交換・補修,必要な形状だけを選んで補修しやすい,코패드 암 교체 및 수리,필요한 형태만 골라 보수하기 쉬움,45000,KRW,5ペア,"カタログP.24,228",824-560-ASS_1.jpg,https://www.san-nishimura.co.jp/product/item/?key_word=824-560-ASS
824-560SS,アイアームW(大)15.5×6.2 5ペア,아이암W(대)15.5×6.2 5쌍,パッド足交換・補修,必要な形状だけを選んで補修しやすい,코패드 암 교체 및 수리,필요한 형태만 골라 보수하기 쉬움,58700,KRW,5ペア,"カタログP.24,228",824-560SS_1.jpg,https://www.san-nishimura.co.jp/product/item/?key_word=824-560SS
825-561,アップダウンパット(小)箱蝶 15×7.3,코받침(소)박스형 코받침 15×7.3,鼻パッド交換・調整,当たりと掛け心地を整えやすい,코패드 교체 및 조정,맞닿는 느낌과 착용감을 조정하기 쉬움,7400,KRW,1ペア,カタログP.80,825-561_1.jpg,https://www.san-nishimura.co.jp/product/item/?key_word=825-561
825-561SS,アップダウンパット(小)箱蝶 15×7.3 5ペア,코받침(소)박스형 코받침 15×7.3 5쌍,鼻パッド交換・調整,当たりと掛け心地を整えやすい,코패드 교체 및 조정,맞닿는 느낌과 착용감을 조정하기 쉬움,36500,KRW,5ペア,カタログP.80,825-561SS_1.jpg,https://www.san-nishimura.co.jp/product/item/?key_word=825-561SS
826-562,アップダウンパット(大)箱蝶 18×9,코받침(대)박스형 코받침 18×9,鼻パッド交換・調整,当たりと掛け心地を整えやすい,코패드 교체 및 조정,맞닿는 느낌과 착용감을 조정하기 쉬움,7400,KRW,5ペア,カタログP.80,,https://www.san-nishimura.co.jp/product/item/?key_word=826-562
826-562SS,アップダウンパット(大)箱蝶 18×9 5ペア,코받침(대)박스형 코받침 18×9 5쌍,鼻パッド交換・調整,当たりと掛け心地を整えやすい,코패드 교체 및 조정,맞닿는 느낌과 착용감을 조정하기 쉬움,36500,KRW,5ペア,カタログP.80,826-562SS_1.jpg,https://www.san-nishimura.co.jp/product/item/?key_word=826-562SS
827-563SS,ガード二本足(小型)W 5ペア,(소형)W 5쌍,パッド足交換・補修,必要な形状だけを選んで補修しやすい,코패드 암 교체 및 수리,필요한 형태만 골라 보수하기 쉬움,52800,KRW,5ペア,,827-563SS_1.jpg,https://www.san-nishimura.co.jp/product/item/?key_word=827-563SS
827-563,ガード二本足(小型)W,(소형)W,パッド足交換・補修,必要な形状だけを選んで補修しやすい,코패드 암 교체 및 수리,필요한 형태만 골라 보수하기 쉬움,10800,KRW,,"カタログP.22,23",827-563_1.jpg,https://www.san-nishimura.co.jp/product/item/%e3%82%ac%e3%83%bc%e3%83%89%e4%ba%8c%e6%9c%ac%e8%b6%b3/
828-B-36,ビーバ(ブルー)36 ケーブル+バンドタイプ,Beaver(블루)36 케이블+ 타입,子ども用フレーム・部品,サイズや色を合わせて提案しやすい,어린이용 프레임·부품,사이즈와 색상에 맞춰 제안하기 쉬움,191300,KRW,,,828-B-36_1.jpg,https://www.san-nishimura.co.jp/product/item/?key_word=828-B-36
828-B-38,ビーバ(ブルー)38 ケーブル+バンドタイプ,Beaver(블루)38 케이블+ 타입,子ども用フレーム・部品,サイズや色を合わせて提案しやすい,어린이용 프레임·부품,사이즈와 색상에 맞춰 제안하기 쉬움,191300,KRW,,,828-B-38_1.jpg,https://www.san-nishimura.co.jp/product/item/?key_word=828-B-38
828-P-36,ビーバ(ピンク)36 ケーブル+バンドタイプ,Beaver(핑크)36 케이블+ 타입,子ども用フレーム・部品,サイズや色を合わせて提案しやすい,어린이용 프레임·부품,사이즈와 색상에 맞춰 제안하기 쉬움,191300,KRW,,,828-P-36_1.jpg,https://www.san-nishimura.co.jp/product/item/?key_word=828-P-36
828-P-38,ビーバ(ピンク)38 ケーブル+バンドタイプ,Beaver(핑크)38 케이블+ 타입,子ども用フレーム・部品,サイズや色を合わせて提案しやすい,어린이용 프레임·부품,사이즈와 색상에 맞춰 제안하기 쉬움,191300,KRW,,,828-P-38_1.jpg,https://www.san-nishimura.co.jp/product/item/?key_word=828-P-38
829-B-36,ビーバ(ブルー)36 T字タイプ,Beaver(블루)36 T 타입,子ども用フレーム・部品,サイズや色を合わせて提案しやすい,어린이용 프레임·부품,사이즈와 색상에 맞춰 제안하기 쉬움,191300,KRW,,,829-B-36_1.jpg,https://www.san-nishimura.co.jp/product/item/?key_word=829-B-36
829-B-38,ビーバ(ブルー)38 T字タイプ,Beaver(블루)38 T 타입,子ども用フレーム・部品,サイズや色を合わせて提案しやすい,어린이용 프레임·부품,사이즈와 색상에 맞춰 제안하기 쉬움,191300,KRW,,,829-B-38_1.jpg,https://www.san-nishimura.co.jp/product/item/?key_word=829-B-38
829-P-36,ビーバ(ピンク)36 T字タイプ,Beaver(핑크)36 T 타입,子ども用フレーム・部品,サイズや色を合わせて提案しやすい,어린이용 프레임·부품,사이즈와 색상에 맞춰 제안하기 쉬움,191300,KRW,,,829-P-36_1.jpg,https://www.san-nishimura.co.jp/product/item/?key_word=829-P-36
829-P-38,ビーバ(ピンク)38 T字タイプ,Beaver(핑크)38 T 타입,子ども用フレーム・部品,サイズや色を合わせて提案しやすい,어린이용 프레임·부품,사이즈와 색상에 맞춰 제안하기 쉬움,191300,KRW,,,829-P-38_1.jpg,https://www.san-nishimura.co.jp/product/item/?key_word=829-P-38
830-B-36,ビーバ(ブルー)36 ゴーグルタイプ,Beaver(블루)36 타입,子ども用フレーム・部品,サイズや色を合わせて提案しやすい,어린이용 프레임·부품,사이즈와 색상에 맞춰 제안하기 쉬움,191300,KRW,,,830-B-36_1.jpg,https://www.san-nishimura.co.jp/product/item/?key_word=830-B-36
830-B-38,ビーバ(ブルー)38 ゴーグルタイプ,Beaver(블루)38 타입,子ども用フレーム・部品,サイズや色を合わせて提案しやすい,어린이용 프레임·부품,사이즈와 색상에 맞춰 제안하기 쉬움,191300,KRW,,,830-B-38_1.jpg,https://www.san-nishimura.co.jp/product/item/?key_word=830-B-38
830-P-36,ビーバ(ピンク)36 ゴーグルタイプ,Beaver(핑크)36 타입,子ども用フレーム・部品,サイズや色を合わせて提案しやすい,어린이용 프레임·부품,사이즈와 색상에 맞춰 제안하기 쉬움,191300,KRW,,,830-P-36_1.jpg,https://www.san-nishimura.co.jp/product/item/?key_word=830-P-36
830-P-38,ビーバ(ピンク)38 ゴーグルタイプ,Beaver(핑크)38 타입,子ども用フレーム・部品,サイズや色を合わせて提案しやすい,어린이용 프레임·부품,사이즈와 색상에 맞춰 제안하기 쉬움,191300,KRW,,,830-P-38_1.jpg,https://www.san-nishimura.co.jp/product/item/?key_word=830-P-38
831-B-36,ビーバ(ブルー)36 たすきタイプ,Beaver(블루)36 타입,子ども用フレーム・部品,サイズや色を合わせて提案しやすい,어린이용 프레임·부품,사이즈와 색상에 맞춰 제안하기 쉬움,221000,KRW,,,831-B-36_1.jpg,https://www.san-nishimura.co.jp/product/item/?key_word=831-B-36
831-B-38,ビーバ(ブルー)38 たすきタイプ,Beaver(블루)38 타입,子ども用フレーム・部品,サイズや色を合わせて提案しやすい,어린이용 프레임·부품,사이즈와 색상에 맞춰 제안하기 쉬움,221000,KRW,,,831-B-38_1.jpg,https://www.san-nishimura.co.jp/product/item/?key_word=831-B-38
831-P-36,ビーバ(ピンク)36 たすきタイプ,Beaver(핑크)36 타입,子ども用フレーム・部品,サイズや色を合わせて提案しやすい,어린이용 프레임·부품,사이즈와 색상에 맞춰 제안하기 쉬움,221000,KRW,,,831-P-36_1.jpg,https://www.san-nishimura.co.jp/product/item/?key_word=831-P-36
831-P-38,ビーバ(ピンク)38 たすきタイプ,Beaver(핑크)38 타입,子ども用フレーム・部品,サイズや色を合わせて提案しやすい,어린이용 프레임·부품,사이즈와 색상에 맞춰 제안하기 쉬움,221000,KRW,,,831-P-38_1.jpg,https://www.san-nishimura.co.jp/product/item/?key_word=831-P-38
834,ヤットコ,플라이어,鼻パッド角度調整,取付金具を安定してつかみやすい,코패드 각도 조정,장착 금구를 안정적으로 잡기 쉬움,90100,KRW,,"カタログP.23,24,145,228",834_1.jpg,https://www.san-nishimura.co.jp/product/item/%e3%83%a4%e3%83%83%e3%83%88%e3%82%b3-834/
834-1,No.834ヤットコ先プラスチック,No.834플라이어플라스틱 팁스틱,ヤットコ先端交換・保護,調整時のキズを抑えやすい,플라이어 팁 교체 및 보호,조정 중 흠집을 줄이기 쉬움,6900,KRW,,,,https://www.san-nishimura.co.jp/product/item/?key_word=834-1
836,穴切りドライバ-セット(丸切・角切),-세트(원형 각형),ネジ調整,日常修理をスムーズにしやすい,나사 조정,일상 수리를 원활하게 하기 쉬움,25000,KRW,,カタログP.166,836_1.jpg,https://www.san-nishimura.co.jp/product/item/%e7%a9%b4%e5%88%87%e3%82%8a%e3%83%89%e3%83%a9%e3%82%a4%e3%83%90%e3%83%bc%e3%82%bb%e3%83%83%e3%83%88/
836-A,穴切ドライバー(丸切),드라이버(원형),ネジ調整,日常修理をスムーズにしやすい,나사 조정,일상 수리를 원활하게 하기 쉬움,12600,KRW,,カタログP.166,836-A_1.jpg,https://www.san-nishimura.co.jp/product/item/?key_word=836-A
837,木製ドライバーナット廻し(六角・2.25mm),드라이버너트 드라이버(각형 2.25mm),ネジ調整,日常修理をスムーズにしやすい,나사 조정,일상 수리를 원활하게 하기 쉬움,18600,KRW,,カタログP.148,837_1.jpg,https://www.san-nishimura.co.jp/product/item/?key_word=837
838,木製ドライバーナット廻し(花型・2.6mm),드라이버너트 드라이버(꽃형 2.6mm),ネジ調整,日常修理をスムーズにしやすい,나사 조정,일상 수리를 원활하게 하기 쉬움,18600,KRW,,カタログP.148,838_1.jpg,https://www.san-nishimura.co.jp/product/item/?key_word=838
840-A,メガネブク ハンディスプレー(くもりどめ)50ヶ入,안경 세척제 ()50 입,清掃・仕上げ,お渡し前の見た目を整えやすい,청소 및 최종 마감,전달 전 외관을 정돈하기 쉬움,339200,KRW,50ヶ,カタログP.97,,https://www.san-nishimura.co.jp/product/item/?key_word=840-A
840,メガネブク ハンディスプレー(くもりどめ)12ヶ入,안경 세척제 ()12 입,レンズのくもり止め,視界をクリアに保ちやすい,렌즈 김서림 방지,시야를 선명하게 유지하기 쉬움,85700,KRW,12ヶ,カタログP.97,840_1.jpg,https://www.san-nishimura.co.jp/product/item/%e3%83%a1%e3%82%ac%e3%83%8d%e3%83%96%e3%82%af-%e3%83%8f%e3%83%b3%e3%83%87%e3%82%a3%e3%82%b9%e3%83%97%e3%83%ac%e3%83%bc%e3%81%8f%e3%82%82%e3%82%8a%e6%ad%a2%e3%82%81/
841-A,メガネブク ハンディスプレー(クリーナー)50ヶ入,안경 세척제 (클리너)50 입,清掃・仕上げ,お渡し前の見た目を整えやすい,청소 및 최종 마감,전달 전 외관을 정돈하기 쉬움,339200,KRW,50ヶ,カタログP.93,,https://www.san-nishimura.co.jp/product/item/?key_word=841-A
841,メガネブク ハンディスプレー(クリーナー)12ヶ入,안경 세척제 (클리너)12 입,レンズのくもり止め,視界をクリアに保ちやすい,렌즈 김서림 방지,시야를 선명하게 유지하기 쉬움,85700,KRW,12ヶ,カタログP.93,841_1.jpg,https://www.san-nishimura.co.jp/product/item/%e3%83%8f%e3%83%b3%e3%83%87%e3%82%a3%e3%82%b9%e3%83%97%e3%83%ac%e3%83%bc%e3%82%af%e3%83%aa%e3%83%bc%e3%83%8a%e3%83%bc/
843,検査用クラッチグラス,안경,眼瞼下垂の視界補助,まぶたを支えて視界を確保しやすい,안검하수 시야 보조,눈꺼풀을 받쳐 시야를 확보하기 쉬움,110500,KRW,,"カタログP.183,184,187,188,194",843_1.jpg,https://www.san-nishimura.co.jp/product/item/%e6%a4%9c%e6%9f%bb%e7%94%a8%e3%82%af%e3%83%a9%e3%83%83%e3%83%81%e3%82%b0%e3%83%a9%e3%82%b9/
845-B,スワンズスポーツバンド (ブルー),스포츠 밴드 (블루),眼鏡固定,動いてもズレ落ちを防ぎやすい,안경 고정,움직일 때 흘러내림을 줄이기 쉬움,12200,KRW,,カタログP.101,845-B_1.jpg,https://www.san-nishimura.co.jp/product/item/?key_word=845-B
845-BK,スワンズスポーツバンド (ブラック),스포츠 밴드 (블랙),眼鏡固定,動いてもズレ落ちを防ぎやすい,안경 고정,움직일 때 흘러내림을 줄이기 쉬움,12200,KRW,,カタログP.101,845-BK_1.jpg,https://www.san-nishimura.co.jp/product/item/?key_word=845-BK
845-WRE,スワンズスポーツバンド (ワインレッド),스포츠 밴드 (와인레드),眼鏡固定,動いてもズレ落ちを防ぎやすい,안경 고정,움직일 때 흘러내림을 줄이기 쉬움,12200,KRW,,カタログP.101,845-WRE_1.jpg,https://www.san-nishimura.co.jp/product/item/?key_word=845-WRE
846,先曲ロックホルダー(ロウ付け用),잠금홀더(납땜),ロウ付け・加熱補修,必要箇所を固定・補修しやすい,납땜 및 가열 보수,필요한 부위를 고정·보수하기 쉬움,27400,KRW,,カタログP.235,846_1.jpg,https://www.san-nishimura.co.jp/product/item/?key_word=846
850,レンズ保護テープ 粘着強力型,렌즈보호테이프,作業時の保護,キズや汚れを防ぎやすい,작업 중 보호,흠집과 오염을 막기 쉬움,22100,KRW,,カタログP.249,850_1.jpg,https://www.san-nishimura.co.jp/product/item/%e3%83%ac%e3%83%b3%e3%82%ba%e4%bf%9d%e8%ad%b7%e3%83%86%e3%83%bc%e3%83%97%e5%bc%b7%e7%b2%98%e7%9d%80/
852,偏光サンバイザー,편광 선바이저,日差し・まぶしさ対策,用途や濃度を説明しやすい,햇빛·눈부심 대책,용도와 농도를 설명하기 쉬움,102000,KRW,,カタログP.107,852_1.jpg,https://www.san-nishimura.co.jp/product/item/?key_word=852
854,ヤットコ(先平細・先曲),플라이어(평면얇은),カット加工,狙った位置を切りやすい,절단 가공,원하는 위치를 자르기 쉬움,68000,KRW,,カタログP.122,854_1.jpg,https://www.san-nishimura.co.jp/product/item/%e3%83%a4%e3%83%83%e3%83%88%e3%82%b3854/
855,眼鏡カーブサシ,안경 커브 자,検査・測定,状態確認と加工判断をしやすい,검사 및 측정,상태 확인과 가공 판단이 쉬움,9800,KRW,,カタログP.173,855_1.jpg,https://www.san-nishimura.co.jp/product/item/%e7%9c%bc%e9%8f%a1%e3%82%ab%e3%83%bc%e3%83%96%e3%82%b5%e3%82%b7/
858,ヤットコ(先平・先曲),플라이어(평면),クリングス微調整,小さなパット足を正確につかみやすい,클링스 미세 조정,작은 패드 암을 정확히 잡기 쉬움,74800,KRW,,"カタログP.123,170",858_1.jpg,https://www.san-nishimura.co.jp/product/item/%e3%83%a4%e3%83%83%e3%83%88%e3%82%b3858/
859,ヤットコ,플라이어,カット加工,狙った位置を切りやすい,절단 가공,원하는 위치를 자르기 쉬움,90100,KRW,,カタログP.135,859_1.jpg,https://www.san-nishimura.co.jp/product/item/%e3%83%a4%e3%83%83%e3%83%88%e3%82%b3859/
859-A,ヤットコ先ビニール(6ケ入),플라이어 (6 입),ヤットコ先端交換・保護,調整時のキズを抑えやすい,플라이어 팁 교체 및 보호,조정 중 흠집을 줄이기 쉬움,5900,KRW,6ヶ,カタログP.135,,https://www.san-nishimura.co.jp/product/item/?key_word=859-A
862,累進レンズマーク検査器,누진렌즈,レンズ・状態確認,店頭デモで説明しやすい,렌즈·상태 확인,매장 데모에서 설명하기 쉬움,561000,KRW,,カタログP.179,862_1.jpg,https://www.san-nishimura.co.jp/product/item/%e7%b4%af%e9%80%b2%e3%83%ac%e3%83%b3%e3%82%ba%e3%83%9e%e3%83%bc%e3%82%af%e6%a4%9c%e6%9f%bb%e5%99%a8/
864,座金ゲージ,와셔게이지,丁番・テンプル開閉部の補修,開閉の動きやガタつきを整えやすい,힌지 및 템플 개폐부 보수,개폐 움직임과 흔들림을 정돈하기 쉬움,33200,KRW,,"カタログP.54,160",864_1.jpg,https://www.san-nishimura.co.jp/product/item/%e5%ba%a7%e9%87%91%e3%82%b2%e3%83%bc%e3%82%b8/
867,レンズメーター用印点インク(白)壺式用,렌즈 마킹 (),検査・測定,状態確認と加工判断をしやすい,검사 및 측정,상태 확인과 가공 판단이 쉬움,11700,KRW,,カタログP.181,867_1.jpg,https://www.san-nishimura.co.jp/product/item/?key_word=867
874,撥水レンズマーカー溶解液,렌즈마커,印点・マーキング,必要な印を見やすく入れやすい,인점 및 마킹,필요한 표시를 보기 좋게 넣기 쉬움,8800,KRW,,カタログP.258,874_1.jpg,https://www.san-nishimura.co.jp/product/item/?key_word=874
877-2,うすめ液のみ,단품,コーティング作業,被膜を均一に仕上げやすい,코팅 작업,피막을 균일하게 마감하기 쉬움,7000,KRW,,カタログP.119,877-2_1.jpg,https://www.san-nishimura.co.jp/product/item/%e3%83%a9%e3%83%83%e3%82%ab%e3%83%bc%e3%81%86%e3%81%99%e3%82%81%e6%b6%b2/
878,多機能電池チェッカー,다기능 배터리 체커,レンズ・状態確認,店頭デモで説明しやすい,렌즈·상태 확인,매장 데모에서 설명하기 쉬움,48900,KRW,,カタログP.244,,https://www.san-nishimura.co.jp/product/item/?key_word=878
879-B,撥水レンズマーカー(B 赤),렌즈마커(B),印点・マーキング,必要な印を見やすく入れやすい,인점 및 마킹,필요한 표시를 보기 좋게 넣기 쉬움,3900,KRW,,カタログP.258,879-B_1.jpg,https://www.san-nishimura.co.jp/product/item/?key_word=879-B
879-C,撥水レンズマーカー(C 青),렌즈마커(C),印点・マーキング,必要な印を見やすく入れやすい,인점 및 마킹,필요한 표시를 보기 좋게 넣기 쉬움,3900,KRW,,カタログP.258,879-C_1.jpg,https://www.san-nishimura.co.jp/product/item/?key_word=879-C
880,フレーム線引台(ラインマーカー),프레임 (마커),印点・マーキング,必要な印を見やすく入れやすい,인점 및 마킹,필요한 표시를 보기 좋게 넣기 쉬움,117300,KRW,,"カタログP.214,238",880_1.jpg,https://www.san-nishimura.co.jp/product/item/%e3%83%95%e3%83%ac%e3%83%bc%e3%83%a0%e7%b7%9a%e5%bc%95%e5%8f%b0/
883,βチタンネジセット(ゆるみ止め付),β티타늄나사세트(풀림 방지 포함),ネジ交換・固定,ゆるみや紛失時に対応しやすい,나사 교체 및 고정,풀림이나 분실에 대응하기 쉬움,41700,KRW,15本,カタログP.42,883_1.jpg,https://www.san-nishimura.co.jp/product/item/?key_word=883
883-605,βチタンネジ(ゆるみ止付) 1.0×3.8,β티타늄나사(풀림 방지 포함) 1.0×3.8,ネジ交換・固定,ゆるみや紛失時に対応しやすい,나사 교체 및 고정,풀림이나 분실에 대응하기 쉬움,5100,KRW,15本,カタログP.42,883-605_1.jpg,https://www.san-nishimura.co.jp/product/item/?key_word=883-605
883-606,βチタンネジ(ゆるみ止付) 1.2×3.8,β티타늄나사(풀림 방지 포함) 1.2×3.8,ネジ交換・固定,ゆるみや紛失時に対応しやすい,나사 교체 및 고정,풀림이나 분실에 대응하기 쉬움,5100,KRW,15本,カタログP.42,883-606_1.jpg,https://www.san-nishimura.co.jp/product/item/?key_word=883-606
883-607,βチタンネジ(ゆるみ止付) 1.4×2.0,β티타늄나사(풀림 방지 포함) 1.4×2.0,ネジ交換・固定,ゆるみや紛失時に対応しやすい,나사 교체 및 고정,풀림이나 분실에 대응하기 쉬움,5100,KRW,15本,カタログP.42,883-607_1.jpg,https://www.san-nishimura.co.jp/product/item/?key_word=883-607
883-608,βチタンネジ(ゆるみ止付) 1.4×2.5,β티타늄나사(풀림 방지 포함) 1.4×2.5,ネジ交換・固定,ゆるみや紛失時に対応しやすい,나사 교체 및 고정,풀림이나 분실에 대응하기 쉬움,5100,KRW,15本,カタログP.42,883-608_1.jpg,https://www.san-nishimura.co.jp/product/item/?key_word=883-608
883-609,βチタンネジ(ゆるみ止付) 1.4×3.0,β티타늄나사(풀림 방지 포함) 1.4×3.0,ネジ交換・固定,ゆるみや紛失時に対応しやすい,나사 교체 및 고정,풀림이나 분실에 대응하기 쉬움,5100,KRW,15本,カタログP.42,883-609_1.jpg,https://www.san-nishimura.co.jp/product/item/?key_word=883-609
883-610,βチタンネジ(ゆるみ止付) 1.4×3.5,β티타늄나사(풀림 방지 포함) 1.4×3.5,ネジ交換・固定,ゆるみや紛失時に対応しやすい,나사 교체 및 고정,풀림이나 분실에 대응하기 쉬움,5100,KRW,15本,カタログP.42,883-610_1.jpg,https://www.san-nishimura.co.jp/product/item/?key_word=883-610
883-611,βチタンネジ(ゆるみ止付) 1.4×4.0,β티타늄나사(풀림 방지 포함) 1.4×4.0,ネジ交換・固定,ゆるみや紛失時に対応しやすい,나사 교체 및 고정,풀림이나 분실에 대응하기 쉬움,5100,KRW,15本,カタログP.42,883-611_1.jpg,https://www.san-nishimura.co.jp/product/item/?key_word=883-611
883-612,βチタンネジ(ゆるみ止付) 1.4×4.5,β티타늄나사(풀림 방지 포함) 1.4×4.5,ネジ交換・固定,ゆるみや紛失時に対応しやすい,나사 교체 및 고정,풀림이나 분실에 대응하기 쉬움,5100,KRW,15本,カタログP.42,883-612_1.jpg,https://www.san-nishimura.co.jp/product/item/?key_word=883-612
885,+木製ドライバー 極小1.5mm,+ 드라이버 초소형1.5mm,ネジ調整,日常修理をスムーズにしやすい,나사 조정,일상 수리를 원활하게 하기 쉬움,12700,KRW,,カタログP.148,885_1.jpg,https://www.san-nishimura.co.jp/product/item/?key_word=885
886,パーツケース(一体型),부품케이스(),収納・保護,持ち帰りや保管に使いやすい,수납 및 보호,휴대와 보관에 쓰기 쉬움,19600,KRW,1ヶ,カタログP.58,886_1.jpg,https://www.san-nishimura.co.jp/product/item/?key_word=886
888-4C,メガロックV(4色アソートセット),Mega잠금V(4 세트),ズレ落ち防止,日常の掛け心地を安定させやすい,흘러내림 방지,일상 착용감을 안정시키기 쉬움,54400,KRW,2ペア,カタログP.75,888-4C_1.jpg,https://www.san-nishimura.co.jp/product/item/?key_word=888-4C
888-BL,メガロックV(ブラック),Mega잠금V(블랙),ズレ落ち防止,日常の掛け心地を安定させやすい,흘러내림 방지,일상 착용감을 안정시키기 쉬움,54400,KRW,,カタログP.75,888-BL_1.jpg,https://www.san-nishimura.co.jp/product/item/%e3%83%a1%e3%82%ac%e3%83%ad%e3%83%83%e3%82%afv/
888-BU,メガロックV(ブルー),Mega잠금V(블루),ズレ落ち防止,日常の掛け心地を安定させやすい,흘러내림 방지,일상 착용감을 안정시키기 쉬움,54400,KRW,,カタログP.75,888-BU_1.jpg,https://www.san-nishimura.co.jp/product/item/%e3%83%a1%e3%82%ac%e3%83%ad%e3%83%83%e3%82%afv/
888-GE,メガロックV(グリーン),Mega잠금V(그린),ズレ落ち防止,日常の掛け心地を安定させやすい,흘러내림 방지,일상 착용감을 안정시키기 쉬움,54400,KRW,,カタログP.75,888-GE_1.jpg,https://www.san-nishimura.co.jp/product/item/%e3%83%a1%e3%82%ac%e3%83%ad%e3%83%83%e3%82%afv/
888-PK,メガロックV(ピンク),Mega잠금V(핑크),ズレ落ち防止,日常の掛け心地を安定させやすい,흘러내림 방지,일상 착용감을 안정시키기 쉬움,54400,KRW,2ペア,カタログP.75,888-PK_1.jpg,https://www.san-nishimura.co.jp/product/item/%e3%83%a1%e3%82%ac%e3%83%ad%e3%83%83%e3%82%afv/
889,メガネのふくだけシート,안경 시트,レンズのくもり止め,視界をクリアに保ちやすい,렌즈 김서림 방지,시야를 선명하게 유지하기 쉬움,6700,KRW,,カタログP.95,889_1.jpg,https://www.san-nishimura.co.jp/product/item/%e3%83%a1%e3%82%ac%e3%83%8d%e3%81%ae%e3%81%b5%e3%81%8f%e3%81%a0%e3%81%91%e3%82%b7%e3%83%bc%e3%83%88/
892-A,眼鏡かける君(2段),(2),展示・販売促進,商品やサービスを見せやすい,진열 및 판매 촉진,상품과 서비스를 보여주기 쉬움,39100,KRW,,カタログP.272,,https://www.san-nishimura.co.jp/product/item/?key_word=892-A
893-1,シリコン液 60ml,실리콘 60ml,コーティング作業,被膜を均一に仕上げやすい,코팅 작업,피막을 균일하게 마감하기 쉬움,17000,KRW,,カタログP.76,893-1_1.jpg,https://www.san-nishimura.co.jp/product/item/%e8%80%b3%e3%83%94%e3%82%bf/
893-2,シリコン液 150ml (お徳用),실리콘 150ml (대용량),コーティング作業,被膜を均一に仕上げやすい,코팅 작업,피막을 균일하게 마감하기 쉬움,25500,KRW,,カタログP.76,893-2_1.jpg,https://www.san-nishimura.co.jp/product/item/%e8%80%b3%e3%83%94%e3%82%bf/
893-3,耳ピタ シリコン液 100ml,실리콘 100ml,コーティング作業,被膜を均一に仕上げやすい,코팅 작업,피막을 균일하게 마감하기 쉬움,20400,KRW,,カタログP.76,893-3_1.jpg,https://www.san-nishimura.co.jp/product/item/?key_word=893-3
893-2M,耳ピタ シリコンチューブ 内径2.0mm外径3.5mm 1m,실리콘 2.0mm 3.5mm 1m,ズレ落ち防止,日常の掛け心地を安定させやすい,흘러내림 방지,일상 착용감을 안정시키기 쉬움,17000,KRW,,カタログP.76,893-2M_1.jpg,https://www.san-nishimura.co.jp/product/item/?key_word=893-2M
893-2M5,耳ピタ シリコンチューブ 内径2.0mm外径3.5mm 5m,실리콘 2.0mm 3.5mm 5m,ズレ落ち防止,日常の掛け心地を安定させやすい,흘러내림 방지,일상 착용감을 안정시키기 쉬움,85000,KRW,,,893-2M5_1.jpg,https://www.san-nishimura.co.jp/product/item/?key_word=893-2M5
893-3L,耳ピタ シリコンチューブ 内径3.0mm 1m,실리콘 3.0mm 1m,ズレ落ち防止,日常の掛け心地を安定させやすい,흘러내림 방지,일상 착용감을 안정시키기 쉬움,17000,KRW,,カタログP.76,893-3L_1.jpg,https://www.san-nishimura.co.jp/product/item/?key_word=893-3L
893-3L5,耳ピタ シリコンチューブ 内径3.0mm 5m,실리콘 3.0mm 5m,ズレ落ち防止,日常の掛け心地を安定させやすい,흘러내림 방지,일상 착용감을 안정시키기 쉬움,85000,KRW,,,893-3L5_1.jpg,https://www.san-nishimura.co.jp/product/item/?key_word=893-3L5
893-4L,耳ピタ シリコンチューブ 内径4.0mm 1m,실리콘 4.0mm 1m,ズレ落ち防止,日常の掛け心地を安定させやすい,흘러내림 방지,일상 착용감을 안정시키기 쉬움,17000,KRW,,カタログP.76,893-4L_1.jpg,https://www.san-nishimura.co.jp/product/item/?key_word=893-4L
893-4L5,耳ピタ シリコンチューブ 内径4.0mm 5m,실리콘 4.0mm 5m,ズレ落ち防止,日常の掛け心地を安定させやすい,흘러내림 방지,일상 착용감을 안정시키기 쉬움,85000,KRW,,,893-4L5_1.jpg,https://www.san-nishimura.co.jp/product/item/?key_word=893-4L5
893-5L,耳ピタ シリコンチューブ 内径5.0mm 1m,실리콘 5.0mm 1m,ズレ落ち防止,日常の掛け心地を安定させやすい,흘러내림 방지,일상 착용감을 안정시키기 쉬움,17000,KRW,,カタログP.76,893-5L_1.jpg,https://www.san-nishimura.co.jp/product/item/?key_word=893-5L
893-5L5,耳ピタ シリコンチューブ 内径5.0mm 5m,실리콘 5.0mm 5m,ズレ落ち防止,日常の掛け心地を安定させやすい,흘러내림 방지,일상 착용감을 안정시키기 쉬움,85000,KRW,,,893-5L5_1.jpg,https://www.san-nishimura.co.jp/product/item/?key_word=893-5L5
893-A,耳ピタ Aセット,A세트,ズレ落ち防止,日常の掛け心地を安定させやすい,흘러내림 방지,일상 착용감을 안정시키기 쉬움,170000,KRW,,カタログP.76,893-A_1.jpg,https://www.san-nishimura.co.jp/product/item/?key_word=893-A
893-B,耳ピタ Bセット,B세트,ズレ落ち防止,日常の掛け心地を安定させやすい,흘러내림 방지,일상 착용감을 안정시키기 쉬움,85000,KRW,,カタログP.76,,https://www.san-nishimura.co.jp/product/item/?key_word=893-B
893-C,耳ピタ Cセット,C세트,ズレ落ち防止,日常の掛け心地を安定させやすい,흘러내림 방지,일상 착용감을 안정시키기 쉬움,59500,KRW,,カタログP.76,,https://www.san-nishimura.co.jp/product/item/?key_word=893-C
893-L,耳ピタ シリコンチューブ 内径2.5mm 1m,실리콘 2.5mm 1m,ズレ落ち防止,日常の掛け心地を安定させやすい,흘러내림 방지,일상 착용감을 안정시키기 쉬움,17000,KRW,,カタログP.76,893-L_1.jpg,https://www.san-nishimura.co.jp/product/item/?key_word=893-L
893-L5,耳ピタ シリコンチューブ 内径2.5mm 5m,실리콘 2.5mm 5m,ズレ落ち防止,日常の掛け心地を安定させやすい,흘러내림 방지,일상 착용감을 안정시키기 쉬움,85000,KRW,,,893-L5_1.jpg,https://www.san-nishimura.co.jp/product/item/?key_word=893-L5
893-M,耳ピタ シリコンチューブ 内径2.0mm 1m,실리콘 2.0mm 1m,ズレ落ち防止,日常の掛け心地を安定させやすい,흘러내림 방지,일상 착용감을 안정시키기 쉬움,17000,KRW,,カタログP.76,893-M_1.jpg,https://www.san-nishimura.co.jp/product/item/?key_word=893-M
893-M5,耳ピタ シリコンチューブ 内径2.0mm 5m,실리콘 2.0mm 5m,ズレ落ち防止,日常の掛け心地を安定させやすい,흘러내림 방지,일상 착용감을 안정시키기 쉬움,85000,KRW,,,893-M5_1.jpg,https://www.san-nishimura.co.jp/product/item/?key_word=893-M5
893-ML,耳ピタ シリコンチューブ 内径2.5mm外径3.5mm 1m,실리콘 2.5mm 3.5mm 1m,ズレ落ち防止,日常の掛け心地を安定させやすい,흘러내림 방지,일상 착용감을 안정시키기 쉬움,17000,KRW,,カタログP.76,893-ML_1.jpg,https://www.san-nishimura.co.jp/product/item/?key_word=893-ML
893-ML5,耳ピタ シリコンチューブ 内径2.5mm外径3.5mm 5m,실리콘 2.5mm 3.5mm 5m,ズレ落ち防止,日常の掛け心地を安定させやすい,흘러내림 방지,일상 착용감을 안정시키기 쉬움,85000,KRW,,,893-ML5_1.jpg,https://www.san-nishimura.co.jp/product/item/?key_word=893-ML5
893-S,耳ピタ シリコンチューブ 内径1.5mm 1m,실리콘 1.5mm 1m,ズレ落ち防止,日常の掛け心地を安定させやすい,흘러내림 방지,일상 착용감을 안정시키기 쉬움,17000,KRW,,カタログP.76,893-S_1.jpg,https://www.san-nishimura.co.jp/product/item/?key_word=893-S
893-S5,耳ピタ シリコンチューブ 内径1.5mm 5m,실리콘 1.5mm 5m,ズレ落ち防止,日常の掛け心地を安定させやすい,흘러내림 방지,일상 착용감을 안정시키기 쉬움,85000,KRW,,,893-S5_1.jpg,https://www.san-nishimura.co.jp/product/item/?key_word=893-S5
893-SS,耳ピタ シリコンチューブ 内径1.0mm 1m,실리콘 1.0mm 1m,ズレ落ち防止,日常の掛け心地を安定させやすい,흘러내림 방지,일상 착용감을 안정시키기 쉬움,17000,KRW,,カタログP.76,893-SS_1.jpg,https://www.san-nishimura.co.jp/product/item/?key_word=893-SS
893-SS5,耳ピタ シリコンチューブ 内径1.0mm 5m,실리콘 1.0mm 5m,ズレ落ち防止,日常の掛け心地を安定させやすい,흘러내림 방지,일상 착용감을 안정시키기 쉬움,85000,KRW,,,893-SS5_1.jpg,https://www.san-nishimura.co.jp/product/item/?key_word=893-SS5
893-SSS,耳ピタ シリコンチューブ 内径0.5mm 1m,실리콘 0.5mm 1m,ズレ落ち防止,日常の掛け心地を安定させやすい,흘러내림 방지,일상 착용감을 안정시키기 쉬움,17000,KRW,,カタログP.76,893-SSS_1.jpg,https://www.san-nishimura.co.jp/product/item/?key_word=893-SSS
893-SSS5,耳ピタ シリコンチューブ 内径0.5mm 5m,실리콘 0.5mm 5m,ズレ落ち防止,日常の掛け心地を安定させやすい,흘러내림 방지,일상 착용감을 안정시키기 쉬움,85000,KRW,,,893-SSS5_1.jpg,https://www.san-nishimura.co.jp/product/item/?key_word=893-SSS5
893-SSL,耳ピタ シュリングチューブ 内径1.0mm外径2.5mm厚さ0.75mm厚 1m,1.0mm 2.5mm 0.75mm 1m,ズレ落ち防止,日常の掛け心地を安定させやすい,흘러내림 방지,일상 착용감을 안정시키기 쉬움,17000,KRW,,カタログP.76,893-SSL_1.jpg,https://www.san-nishimura.co.jp/product/item/?key_word=893-SSL
893-SSL5,耳ピタ シュリングチューブ 内径1.0mm外径2.5mm厚さ0.75mm厚 5m,1.0mm 2.5mm 0.75mm 5m,ズレ落ち防止,日常の掛け心地を安定させやすい,흘러내림 방지,일상 착용감을 안정시키기 쉬움,85000,KRW,,,893-SSL5_1.jpg,https://www.san-nishimura.co.jp/product/item/?key_word=893-SSL5
893-SL,耳ピタ シュリングチューブ 内径1.5mm外径3.0mm厚さ0.75mm厚 1m,1.5mm 3.0mm 0.75mm 1m,ズレ落ち防止,日常の掛け心地を安定させやすい,흘러내림 방지,일상 착용감을 안정시키기 쉬움,17000,KRW,,カタログP.76,893-SL_1.jpg,https://www.san-nishimura.co.jp/product/item/?key_word=893-SL
893-SL5,耳ピタ シュリングチューブ 内径1.5mm外径3.0mm厚さ0.75mm厚 5m,1.5mm 3.0mm 0.75mm 5m,ズレ落ち防止,日常の掛け心地を安定させやすい,흘러내림 방지,일상 착용감을 안정시키기 쉬움,85000,KRW,,,893-SL5_1.jpg,https://www.san-nishimura.co.jp/product/item/?key_word=893-SL5
894N1,メガネクリンビュープラス12個,안경 12,清掃・仕上げ,お渡し前の見た目を整えやすい,청소 및 최종 마감,전달 전 외관을 정돈하기 쉬움,83600,KRW,12個,カタログP.97,894N1_1.jpg,https://www.san-nishimura.co.jp/product/item/%e3%83%a1%e3%82%ac%e3%83%8d%e3%82%af%e3%83%aa%e3%83%b3%e3%83%93%e3%83%a5%e3%83%bcplus-%e3%81%8f%e3%82%82%e3%82%8a%e6%ad%a2%e3%82%81%e9%99%a4%e8%8f%8c%e3%82%af%e3%83%aa%e3%83%bc%e3%83%8a%e3%83%bc/
894N1-A,メガネクリンビュープラス60個,안경 60,清掃・仕上げ,お渡し前の見た目を整えやすい,청소 및 최종 마감,전달 전 외관을 정돈하기 쉬움,397800,KRW,60個,カタログP.97,,https://www.san-nishimura.co.jp/product/item/?key_word=894N1-A
896N-C,メガネクリンビュークリア(くもり止めシートクリーナー)30包6箱入,안경 클리어(시트클리너)30 6 입,清掃・仕上げ,お渡し前の見た目を整えやすい,청소 및 최종 마감,전달 전 외관을 정돈하기 쉬움,37700,KRW,,カタログP.95,896N-C_1.jpg,https://www.san-nishimura.co.jp/product/item/?key_word=896N-C
895N1,メガネクリンビュープラス(レンズ汚れクリーナー)12個,안경 (렌즈 클리너)12,清掃・仕上げ,お渡し前の見た目を整えやすい,청소 및 최종 마감,전달 전 외관을 정돈하기 쉬움,77100,KRW,12個,カタログP.92,895N1_1.jpg,https://www.san-nishimura.co.jp/product/item/%e3%83%a1%e3%82%ac%e3%83%8d%e3%82%af%e3%83%aa%e3%83%b3%e3%83%93%e3%83%a5%e3%83%bcplus-%e3%81%be%e3%82%8b%e3%81%a3%e3%81%a8%e9%99%a4%e8%8f%8c%e3%82%af%e3%83%aa%e3%83%bc%e3%83%8a%e3%83%bc/
895N1-A,メガネクリンビュープラス 徳用(レンズ汚れクリーナー)60個,안경 (렌즈 클리너)60,清掃・仕上げ,お渡し前の見た目を整えやすい,청소 및 최종 마감,전달 전 외관을 정돈하기 쉬움,367200,KRW,60個,カタログP.92,895N1-A_1.jpg,https://www.san-nishimura.co.jp/product/item/?key_word=895N1-A
899,眼鏡サシ,안경 자,検査・測定,状態確認と加工判断をしやすい,검사 및 측정,상태 확인과 가공 판단이 쉬움,7800,KRW,,カタログP.173,899_1.jpg,https://www.san-nishimura.co.jp/product/item/%e7%9c%bc%e9%8f%a1%e3%82%b5%e3%82%b7-4/
900,アゴ紙,턱받침 종이,検査・測定,状態確認と加工判断をしやすい,검사 및 측정,상태 확인과 가공 판단이 쉬움,24700,KRW,1000枚,"カタログP.181,257",900_1.jpg,https://www.san-nishimura.co.jp/product/item/%e3%82%a2%e3%82%b4%e7%b4%99/
901-A,レンズロックテープ・セキュアエッジ(10シート、100ヶ入),렌즈잠금테이프 (10시트、100 입),作業時の保護,キズや汚れを防ぎやすい,작업 중 보호,흠집과 오염을 막기 쉬움,33200,KRW,100ヶ,カタログP.246,901-A_1.jpg,https://www.san-nishimura.co.jp/product/item/?key_word=901-A
901-B,レンズロックテープ・セキュアエッジ(1ロール、1000ヶ入),렌즈잠금테이프 (1롤、1000 입),作業時の保護,キズや汚れを防ぎやすい,작업 중 보호,흠집과 오염을 막기 쉬움,314500,KRW,1000ヶ,カタログP.246,901-B_1.jpg,https://www.san-nishimura.co.jp/product/item/?key_word=901-B
902-A,レンズロックテープ・セキュアエッジ(10シート、100ヶ入),렌즈잠금테이프 (10시트、100 입),作業時の保護,キズや汚れを防ぎやすい,작업 중 보호,흠집과 오염을 막기 쉬움,33200,KRW,100ヶ,カタログP.246,902-A_1.jpg,https://www.san-nishimura.co.jp/product/item/?key_word=902-A
902-B,レンズロックテープ・セキュアエッジ(1ロール、1000ヶ入),렌즈잠금테이프 (1롤、1000 입),作業時の保護,キズや汚れを防ぎやすい,작업 중 보호,흠집과 오염을 막기 쉬움,314500,KRW,1000ヶ,カタログP.246,902-B_1.jpg,https://www.san-nishimura.co.jp/product/item/?key_word=902-B
905,(-)ファインドライバー 1.5mm,(-)Fine드라이버 1.5mm,ネジ調整,日常修理をスムーズにしやすい,나사 조정,일상 수리를 원활하게 하기 쉬움,16600,KRW,,カタログP.149,905_1.jpg,https://www.san-nishimura.co.jp/product/item/?key_word=905
905G,(-)ファインドライバー(1.5mm)グリップ付,(-)Fine드라이버(1.5mm)그립포함,ネジ調整,日常修理をスムーズにしやすい,나사 조정,일상 수리를 원활하게 하기 쉬움,19600,KRW,,カタログP.149,905G_1.jpg,https://www.san-nishimura.co.jp/product/item/?key_word=905G
906,(-)ファインドライバー 2.0mm,(-)Fine드라이버 2.0mm,ネジ調整,日常修理をスムーズにしやすい,나사 조정,일상 수리를 원활하게 하기 쉬움,16600,KRW,,カタログP.149,906_1.jpg,https://www.san-nishimura.co.jp/product/item/?key_word=906
906G,(-)ファインドライバー(2.0mm)グリップ付,(-)Fine드라이버(2.0mm)그립포함,ネジ調整,日常修理をスムーズにしやすい,나사 조정,일상 수리를 원활하게 하기 쉬움,19600,KRW,,カタログP.149,906G_1.jpg,https://www.san-nishimura.co.jp/product/item/?key_word=906G
907,(-)ファインドライバー 2.5mm,(-)Fine드라이버 2.5mm,ネジ調整,日常修理をスムーズにしやすい,나사 조정,일상 수리를 원활하게 하기 쉬움,16600,KRW,,カタログP.149,907_1.jpg,https://www.san-nishimura.co.jp/product/item/?key_word=907
907G,(-)ファインドライバー(2.5mm)グリップ付,(-)Fine드라이버(2.5mm)그립포함,ネジ調整,日常修理をスムーズにしやすい,나사 조정,일상 수리를 원활하게 하기 쉬움,19600,KRW,,カタログP.149,907G_1.jpg,https://www.san-nishimura.co.jp/product/item/?key_word=907G
908,(+)ファインドライバー 1.5mm,(+)Fine드라이버 1.5mm,ネジ調整,日常修理をスムーズにしやすい,나사 조정,일상 수리를 원활하게 하기 쉬움,16600,KRW,,カタログP.149,908_1.jpg,https://www.san-nishimura.co.jp/product/item/?key_word=908
908G,(+)ファインドライバー(1.5mm)グリップ付,(+)Fine드라이버(1.5mm)그립포함,ネジ調整,日常修理をスムーズにしやすい,나사 조정,일상 수리를 원활하게 하기 쉬움,19600,KRW,,カタログP.149,908G_1.jpg,https://www.san-nishimura.co.jp/product/item/?key_word=908G
909,(+)ファインドライバー 2.0mm,(+)Fine드라이버 2.0mm,ネジ調整,日常修理をスムーズにしやすい,나사 조정,일상 수리를 원활하게 하기 쉬움,16600,KRW,,カタログP.149,909_1.jpg,https://www.san-nishimura.co.jp/product/item/?key_word=909
909G,(+)ファインドライバー(2.0mm)グリップ付,(+)Fine드라이버(2.0mm)그립포함,ネジ調整,日常修理をスムーズにしやすい,나사 조정,일상 수리를 원활하게 하기 쉬움,19600,KRW,,カタログP.149,909G_1.jpg,https://www.san-nishimura.co.jp/product/item/?key_word=909G
910,(+)ファインドライバー 2.5mm,(+)Fine드라이버 2.5mm,ネジ調整,日常修理をスムーズにしやすい,나사 조정,일상 수리를 원활하게 하기 쉬움,16600,KRW,,カタログP.149,910_1.jpg,https://www.san-nishimura.co.jp/product/item/?key_word=910
910G,(+)ファインドライバー(2.5mm)グリップ付,(+)Fine드라이버(2.5mm)그립포함,ネジ調整,日常修理をスムーズにしやすい,나사 조정,일상 수리를 원활하게 하기 쉬움,19600,KRW,,カタログP.149,910G_1.jpg,https://www.san-nishimura.co.jp/product/item/?key_word=910G
912,超音波洗浄器,세척,清掃・仕上げ,お渡し前の見た目を整えやすい,청소 및 최종 마감,전달 전 외관을 정돈하기 쉬움,1124100,KRW,,"カタログP.240,241",912_1.jpg,https://www.san-nishimura.co.jp/product/item/%e8%b6%85%e9%9f%b3%e6%b3%a2%e6%b4%97%e6%b5%84%e5%99%a8-912/
912-A,超音波洗浄器用架台,세척,清掃・仕上げ,お渡し前の見た目を整えやすい,청소 및 최종 마감,전달 전 외관을 정돈하기 쉬움,35200,KRW,,カタログP.241,912-A_1.jpg,https://www.san-nishimura.co.jp/product/item/?key_word=912-A
912-C,超音波洗浄器用ステンレスタンク,세척 스테인리스,清掃・仕上げ,お渡し前の見た目を整えやすい,청소 및 최종 마감,전달 전 외관을 정돈하기 쉬움,69700,KRW,,カタログP.241,912-C_1.jpg,https://www.san-nishimura.co.jp/product/item/?key_word=912-C
917,メガネソフトケース,안경소프트케이스,収納・保護,持ち帰りや保管に使いやすい,수납 및 보호,휴대와 보관에 쓰기 쉬움,1900,KRW,,カタログP.100,917_1.jpg,https://www.san-nishimura.co.jp/product/item/%e3%83%a1%e3%82%ac%e3%83%8d%e3%82%b1%e3%83%bc%e3%82%b9/
917-A,メガネソフトケースお徳用25ヶ入り,안경소프트케이스대용량25 입,収納・保護,持ち帰りや保管に使いやすい,수납 및 보호,휴대와 보관에 쓰기 쉬움,43000,KRW,25ヶ,カタログP.100,,https://www.san-nishimura.co.jp/product/item/?key_word=917-A
921-10,LEDスウィングルーペ クローバー・ベージュ,LED 확대경 베이지,拡大確認,細部を見やすくする,확대 확인,세부를 보기 쉽게 함,29800,KRW,,,921-10_1.jpg,https://www.san-nishimura.co.jp/product/item/?key_word=921-10
921-15,LEDスウィングルーペ 音符・黒,LED 확대경,拡大確認,細部を見やすくする,확대 확인,세부를 보기 쉽게 함,29800,KRW,,,921-15_1.jpg,https://www.san-nishimura.co.jp/product/item/?key_word=921-15
921-16,LEDスウィングルーペ オーストリッチ・黒,LED 확대경,拡大確認,細部を見やすくする,확대 확인,세부를 보기 쉽게 함,29800,KRW,,,921-16_1.jpg,https://www.san-nishimura.co.jp/product/item/?key_word=921-16
921-17,LEDスウィングルーペ オーストリッチ・ブラウン,LED 확대경 브라운,拡大確認,細部を見やすくする,확대 확인,세부를 보기 쉽게 함,29800,KRW,,,921-17_1.jpg,https://www.san-nishimura.co.jp/product/item/?key_word=921-17
921-19,LEDスウィングルーペ クロコ・赤,LED 확대경,拡大確認,細部を見やすくする,확대 확인,세부를 보기 쉽게 함,29800,KRW,,,921-19_1.jpg,https://www.san-nishimura.co.jp/product/item/?key_word=921-19
922-A,レンズロックテープ(10シート、100ヶ入),렌즈잠금테이프(10시트、100 입),作業時の保護,キズや汚れを防ぎやすい,작업 중 보호,흠집과 오염을 막기 쉬움,23500,KRW,100ヶ,カタログP.247,922-A_1.jpg,https://www.san-nishimura.co.jp/product/item/?key_word=922-A
922-B,レンズロックテープ(1ロール、1000ヶ入),렌즈잠금테이프(1롤、1000 입),作業時の保護,キズや汚れを防ぎやすい,작업 중 보호,흠집과 오염을 막기 쉬움,211100,KRW,1000ヶ,カタログP.247,922-B_1.jpg,https://www.san-nishimura.co.jp/product/item/?key_word=922-B
923-A,レンズロックテープ(10シート、100ヶ入),렌즈잠금테이프(10시트、100 입),作業時の保護,キズや汚れを防ぎやすい,작업 중 보호,흠집과 오염을 막기 쉬움,14100,KRW,100ヶ,カタログP.246,923-A_1.jpg,https://www.san-nishimura.co.jp/product/item/?key_word=923-A
923-B,レンズロックテープ(1ロール、1000ヶ入),렌즈잠금테이프(1롤、1000 입),作業時の保護,キズや汚れを防ぎやすい,작업 중 보호,흠집과 오염을 막기 쉬움,126700,KRW,1000ヶ,カタログP.246,923-B_1.jpg,https://www.san-nishimura.co.jp/product/item/?key_word=923-B
924,歪度計(コンパクトタイプ)照明付,(타입) 포함,検査・測定,状態確認と加工判断をしやすい,검사 및 측정,상태 확인과 가공 판단이 쉬움,265200,KRW,,カタログP.177,924_1.jpg,https://www.san-nishimura.co.jp/product/item/%e6%ad%aa%e5%ba%a6%e8%a8%88-%e3%82%b3%e3%83%b3%e3%83%91%e3%82%af%e3%83%88%e3%82%bf%e3%82%a4%e3%83%97/
927-A,プロテクトフィルムテープ38mm×100m,테이프38mm×100m,作業時の保護,キズや汚れを防ぎやすい,작업 중 보호,흠집과 오염을 막기 쉬움,24600,KRW,,カタログP.119,927-A_1.jpg,https://www.san-nishimura.co.jp/product/item/?key_word=927-A
927-B,プロテクトフィルムテープ18mm×100m,테이프18mm×100m,作業時の保護,キズや汚れを防ぎやすい,작업 중 보호,흠집과 오염을 막기 쉬움,16800,KRW,8本,カタログP.119,927-B_1.jpg,https://www.san-nishimura.co.jp/product/item/?key_word=927-B
928-B,メガネクリーナふきふき20包×6箱入,안경 20 ×6 입,清掃・仕上げ,お渡し前の見た目を整えやすい,청소 및 최종 마감,전달 전 외관을 정돈하기 쉬움,27500,KRW,,カタログP.94,928-B_1.jpg,https://www.san-nishimura.co.jp/product/item/%e3%83%a1%e3%82%ac%e3%83%8d%e3%82%af%e3%83%aa%e3%83%bc%e3%83%8a%e3%81%b5%e3%81%8d%e3%81%b5%e3%81%8d/
928-D,メガネクリーナふきふき40包×4箱入,안경 40 ×4 입,清掃・仕上げ,お渡し前の見た目を整えやすい,청소 및 최종 마감,전달 전 외관을 정돈하기 쉬움,31600,KRW,,カタログP.94,928-D_1.jpg,https://www.san-nishimura.co.jp/product/item/%e3%83%a1%e3%82%ac%e3%83%8d%e3%82%af%e3%83%aa%e3%83%bc%e3%83%8a%e3%81%b5%e3%81%8d%e3%81%b5%e3%81%8d/
928-E,メガネクリーナふきふき くもり止めプラス20包×6箱入,안경 20 ×6 입,レンズのくもり止め,視界をクリアに保ちやすい,렌즈 김서림 방지,시야를 선명하게 유지하기 쉬움,30100,KRW,,カタログP.95,928-E_1.jpg,https://www.san-nishimura.co.jp/product/item/?key_word=928-E
928-F,メガネクリーナふきふきくもり止め40包×4箱,안경 40 ×4,レンズのくもり止め,視界をクリアに保ちやすい,렌즈 김서림 방지,시야를 선명하게 유지하기 쉬움,34300,KRW,,カタログP.95,928-F_1.jpg,https://www.san-nishimura.co.jp/product/item/?key_word=928-F
929-2,ハイカーブグラス体験用パーツ(フレーム),안경체험용부품(프레임),ハイカーブレンズの見え方体験,装用前に見え方を比べやすい,하이커브 렌즈 시야 체험,착용 전에 보임을 비교하기 쉬움,61200,KRW,1ヶ,カタログP.195,,https://www.san-nishimura.co.jp/product/item/?key_word=929-2
929-3,ハイカーブグラス体験用パーツ(HCリング),안경체험용부품(HC),ハイカーブレンズの見え方体験,装用前に見え方を比べやすい,하이커브 렌즈 시야 체험,착용 전에 보임을 비교하기 쉬움,20400,KRW,1ペア,カタログP.195,,https://www.san-nishimura.co.jp/product/item/?key_word=929-3
929-4,ハイカーブグラス体験用パーツ(Cリング),안경체험용부품(C),ハイカーブレンズの見え方体験,装用前に見え方を比べやすい,하이커브 렌즈 시야 체험,착용 전에 보임을 비교하기 쉬움,15300,KRW,1ペア,カタログP.195,,https://www.san-nishimura.co.jp/product/item/?key_word=929-4
929-5,ハイカーブグラス体験用パーツ(軸度計),안경체험용부품(),ハイカーブレンズの見え方体験,装用前に見え方を比べやすい,하이커브 렌즈 시야 체험,착용 전에 보임을 비교하기 쉬움,20400,KRW,1ペア,カタログP.195,,https://www.san-nishimura.co.jp/product/item/?key_word=929-5
929-6,ハイカーブグラス体験用パーツ(ケース),안경체험용부품(케이스),ハイカーブレンズの見え方体験,装用前に見え方を比べやすい,하이커브 렌즈 시야 체험,착용 전에 보임을 비교하기 쉬움,91800,KRW,1ペア,カタログP.195,,https://www.san-nishimura.co.jp/product/item/?key_word=929-6
929-A,ハイカーブグラス体験用セット3ペア,안경체험용세트3쌍,ハイカーブレンズの見え方体験,装用前に見え方を比べやすい,하이커브 렌즈 시야 체험,착용 전에 보임을 비교하기 쉬움,221000,KRW,3ペア,カタログP.195,,https://www.san-nishimura.co.jp/product/item/?key_word=929-A
929-B,ハイカーブグラス体験用セット6ペア,안경체험용세트6쌍,ハイカーブレンズの見え方体験,装用前に見え方を比べやすい,하이커브 렌즈 시야 체험,착용 전에 보임을 비교하기 쉬움,272000,KRW,6ペア,カタログP.195,,https://www.san-nishimura.co.jp/product/item/?key_word=929-B
929-C,ハイカーブグラス体験用セット10ペア,안경체험용세트10쌍,ハイカーブレンズの見え方体験,装用前に見え方を比べやすい,하이커브 렌즈 시야 체험,착용 전에 보임을 비교하기 쉬움,340000,KRW,10ペア,カタログP.195,,https://www.san-nishimura.co.jp/product/item/?key_word=929-C
930,遠近Vパット12ペア(ディスプレイ),원근V코받침12쌍(),展示・販売促進,商品やサービスを見せやすい,진열 및 판매 촉진,상품과 서비스를 보여주기 쉬움,150100,KRW,12ペア,カタログP.80,930_1.jpg,https://www.san-nishimura.co.jp/product/item/%e9%81%a0%e8%bf%91v%e3%83%91%e3%83%83%e3%83%88/
930-A,遠近Vパット1ペア(ネジ式),원근V코받침1쌍(나사),鼻パッド交換・調整,当たりと掛け心地を整えやすい,코패드 교체 및 조정,맞닿는 느낌과 착용감을 조정하기 쉬움,12600,KRW,1ペア,カタログP.80,930-A_1.jpg,https://www.san-nishimura.co.jp/product/item/?key_word=930-A
930-B,遠近Vパット10ペア(ネジ式・お徳用),원근V코받침10쌍(나사 대용량),鼻パッド交換・調整,当たりと掛け心地を整えやすい,코패드 교체 및 조정,맞닿는 느낌과 착용감을 조정하기 쉬움,106300,KRW,10ペア,カタログP.80,930-B_1.jpg,https://www.san-nishimura.co.jp/product/item/?key_word=930-B
930-C,遠近Vパット1ペア(ワンタッチ式),원근V코받침1쌍(원터치),鼻パッド交換・調整,当たりと掛け心地を整えやすい,코패드 교체 및 조정,맞닿는 느낌과 착용감을 조정하기 쉬움,12600,KRW,1ペア,カタログP.80,930-C_1.jpg,https://www.san-nishimura.co.jp/product/item/?key_word=930-C
930-D,遠近Vパット10ペア(ワンタッチ式・お徳用),원근V코받침10쌍(원터치 대용량),鼻パッド交換・調整,当たりと掛け心地を整えやすい,코패드 교체 및 조정,맞닿는 느낌과 착용감을 조정하기 쉬움,106300,KRW,10ペア,カタログP.80,930-D_1.jpg,https://www.san-nishimura.co.jp/product/item/?key_word=930-D
930-E,遠近Vパット 5ペア(ネジ式)ディスプレイ,원근V코받침 5쌍(나사),展示・販売促進,商品やサービスを見せやすい,진열 및 판매 촉진,상품과 서비스를 보여주기 쉬움,62700,KRW,5ペア,カタログP.80,930-E_1.jpg,https://www.san-nishimura.co.jp/product/item/?key_word=930-E
931,セミオーダーオリジナルクリーナー180本,클리너180,清掃・仕上げ,お渡し前の見た目を整えやすい,청소 및 최종 마감,전달 전 외관을 정돈하기 쉬움,841500,KRW,180本,カタログP.93,,https://www.san-nishimura.co.jp/product/item/%e3%82%bb%e3%83%9f%e3%82%aa%e3%83%bc%e3%83%80%e3%83%bc%e3%82%aa%e3%83%aa%e3%82%b8%e3%83%8a%e3%83%ab%e3%82%af%e3%83%aa%e3%83%bc%e3%83%8a%e3%83%bc/
931-A,オプティネットクリーナー(スプレー),클리너(),清掃・仕上げ,お渡し前の見た目を整えやすい,청소 및 최종 마감,전달 전 외관을 정돈하기 쉬움,4700,KRW,,カタログP.93,931-A_1.jpg,https://www.san-nishimura.co.jp/product/item/?key_word=931-A
935N,マイクロファイバー手袋Mサイズ(5双入り),봉투M (5 입),収納・保護,持ち帰りや保管に使いやすい,수납 및 보호,휴대와 보관에 쓰기 쉬움,48900,KRW,,カタログP.272,935N_1.jpg,https://www.san-nishimura.co.jp/product/item/?key_word=935N
936,ヤットコ(先平),플라이어(평면),カット加工,狙った位置を切りやすい,절단 가공,원하는 위치를 자르기 쉬움,74800,KRW,,カタログP.123,936_1.jpg,https://www.san-nishimura.co.jp/product/item/%e3%83%a4%e3%83%83%e3%83%88%e3%82%b3936/
937,ヤットコ,플라이어,智固定・調整補助,フレームを安定させて角度調整しやすい,엔드피스 고정 및 조정 보조,프레임을 안정시켜 각도 조정이 쉬움,68000,KRW,,カタログP.131,937_1.jpg,https://www.san-nishimura.co.jp/product/item/%e3%83%a4%e3%83%83%e3%83%88%e3%82%b3937/
937-1,No.937ヤットコ先プラスチック(1組中1ヶ分),No.937플라이어플라스틱 팁스틱(1 중1),ヤットコ先端交換・保護,調整時のキズを抑えやすい,플라이어 팁 교체 및 보호,조정 중 흠집을 줄이기 쉬움,6900,KRW,1組,,,https://www.san-nishimura.co.jp/product/item/?key_word=937-1
938,コンビ・カーブスケール,콤비 커브 스케일,検査・測定,状態確認と加工判断をしやすい,검사 및 측정,상태 확인과 가공 판단이 쉬움,25400,KRW,,カタログP.176,938_1.jpg,https://www.san-nishimura.co.jp/product/item/%e3%82%b3%e3%83%b3%e3%83%93%e3%83%bb%e3%82%ab%e3%83%bc%e3%83%96%e3%82%b9%e3%82%b1%e3%83%bc%e3%83%ab/
939N,ビームライトミニ(ペンライト),라이트미니(라이트),視力検査の補助,検査条件を整えやすい,시력검사 보조,검사 조건을 갖추기 쉬움,47600,KRW,,カタログP.196,939N_1.jpg,https://www.san-nishimura.co.jp/product/item/%e3%83%93%e3%83%bc%e3%83%a0%e3%83%a9%e3%82%a4%e3%83%88%e3%83%9f%e3%83%8b/
942,ピンセット,핀셋,小部品保持,細かな部品を落とさず扱いやすい,작은 부품 집기,작은 부품을 떨어뜨리지 않고 다루기 쉬움,39100,KRW,,カタログP.168,942_1.jpg,https://www.san-nishimura.co.jp/product/item/%e3%83%94%e3%83%b3%e3%82%bb%e3%83%83%e3%83%88-942/
944,ドライバーグリップ単品,드라이버그립,ネジ調整,日常修理をスムーズにしやすい,나사 조정,일상 수리를 원활하게 하기 쉬움,3900,KRW,1個,"カタログP.149,150",944_1.jpg,https://www.san-nishimura.co.jp/product/item/%e3%83%89%e3%83%a9%e3%82%a4%e3%83%90%e3%83%bc%e3%82%b0%e3%83%aa%e3%83%83%e3%83%97/
945-A,プライスタグA(100枚入),가격표 A(100 입),展示・販売促進,商品やサービスを見せやすい,진열 및 판매 촉진,상품과 서비스를 보여주기 쉬움,49300,KRW,100枚,カタログP.275,945-A_1.jpg,https://www.san-nishimura.co.jp/product/item/%e3%83%97%e3%83%a9%e3%82%a4%e3%82%b9%e3%82%bf%e3%82%b0/
945-B,プライスタグB(100枚入),가격표 B(100 입),展示・販売促進,商品やサービスを見せやすい,진열 및 판매 촉진,상품과 서비스를 보여주기 쉬움,49300,KRW,100枚,カタログP.275,945-B_1.jpg,https://www.san-nishimura.co.jp/product/item/%e3%83%97%e3%83%a9%e3%82%a4%e3%82%b9%e3%82%bf%e3%82%b0/
945-C,プライスタグC(100枚入),가격표 C(100 입),展示・販売促進,商品やサービスを見せやすい,진열 및 판매 촉진,상품과 서비스를 보여주기 쉬움,49300,KRW,100枚,カタログP.275,945-C_1.jpg,https://www.san-nishimura.co.jp/product/item/%e3%83%97%e3%83%a9%e3%82%a4%e3%82%b9%e3%82%bf%e3%82%b0/
945-D,プライスタグD(100枚入),가격표 D(100 입),展示・販売促進,商品やサービスを見せやすい,진열 및 판매 촉진,상품과 서비스를 보여주기 쉬움,49300,KRW,100枚,カタログP.275,945-D_1.jpg,https://www.san-nishimura.co.jp/product/item/%e3%83%97%e3%83%a9%e3%82%a4%e3%82%b9%e3%82%bf%e3%82%b0/
946-A,プライスホルダー(ノンコピー)A(100枚入),가격표홀더()A(100 입),展示・販売促進,商品やサービスを見せやすい,진열 및 판매 촉진,상품과 서비스를 보여주기 쉬움,28100,KRW,100枚,カタログP.275,946-A_1.jpg,https://www.san-nishimura.co.jp/product/item/%e3%83%97%e3%83%a9%e3%82%a4%e3%82%b9%e3%83%9b%e3%83%ab%e3%83%80%e3%83%bc-2/
946-B,プライスホルダー(ノンコピー)B(100枚入),가격표홀더()B(100 입),展示・販売促進,商品やサービスを見せやすい,진열 및 판매 촉진,상품과 서비스를 보여주기 쉬움,28100,KRW,100枚,カタログP.275,946-B_1.jpg,https://www.san-nishimura.co.jp/product/item/%e3%83%97%e3%83%a9%e3%82%a4%e3%82%b9%e3%83%9b%e3%83%ab%e3%83%80%e3%83%bc-2/
946-C,プライスホルダー(ノンコピー) C(100枚入),가격표홀더() C(100 입),展示・販売促進,商品やサービスを見せやすい,진열 및 판매 촉진,상품과 서비스를 보여주기 쉬움,28100,KRW,100枚,カタログP.275,946-C_1.jpg,https://www.san-nishimura.co.jp/product/item/%e3%83%97%e3%83%a9%e3%82%a4%e3%82%b9%e3%83%9b%e3%83%ab%e3%83%80%e3%83%bc-2/
946-D,プライスホルダー (ノンコピー)D(100枚入),가격표홀더 ()D(100 입),展示・販売促進,商品やサービスを見せやすい,진열 및 판매 촉진,상품과 서비스를 보여주기 쉬움,28100,KRW,100枚,カタログP.275,946-D_1.jpg,https://www.san-nishimura.co.jp/product/item/%e3%83%97%e3%83%a9%e3%82%a4%e3%82%b9%e3%83%9b%e3%83%ab%e3%83%80%e3%83%bc-2/
947-FR,LED拡大鏡smolia Free,LED 대 smolia Free,拡大確認,細部を見やすくする,확대 확인,세부를 보기 쉽게 함,28200,KRW,,カタログP.105,,https://www.san-nishimura.co.jp/product/item/?key_word=947-FR
950-675,±ハイブリッドボルトW1.4×2.0,±하이브리드볼트W1.4×2.0,ツーポイント固定・補修,寸法を合わせて外れを補修しやすい,무테 프레임 고정 및 보수,치수를 맞춰 이탈 부위를 보수하기 쉬움,5100,KRW,30本,"カタログP.44,45",950-675_1.jpg,https://www.san-nishimura.co.jp/product/item/?key_word=950-675
950-676,±ハイブリッドボルトW1.4×2.5,±하이브리드볼트W1.4×2.5,ツーポイント固定・補修,寸法を合わせて外れを補修しやすい,무테 프레임 고정 및 보수,치수를 맞춰 이탈 부위를 보수하기 쉬움,5100,KRW,30本,"カタログP.44,45",950-676_1.jpg,https://www.san-nishimura.co.jp/product/item/?key_word=950-676
950-676A,±ハイブリッドボルトW(100本入),±하이브리드볼트W(100개),ツーポイント固定・補修,寸法を合わせて外れを補修しやすい,무테 프레임 고정 및 보수,치수를 맞춰 이탈 부위를 보수하기 쉬움,16200,KRW,100本,,,https://www.san-nishimura.co.jp/product/item/?key_word=950-676A
950-676B,±ハイブリッドボルトW(300本入),±하이브리드볼트W(300개),ツーポイント固定・補修,寸法を合わせて外れを補修しやすい,무테 프레임 고정 및 보수,치수를 맞춰 이탈 부위를 보수하기 쉬움,45100,KRW,300本,,,https://www.san-nishimura.co.jp/product/item/?key_word=950-676B
950-676C,±ハイブリッドボルトW(1000本入),±하이브리드볼트W(1000개),ツーポイント固定・補修,寸法を合わせて外れを補修しやすい,무테 프레임 고정 및 보수,치수를 맞춰 이탈 부위를 보수하기 쉬움,142000,KRW,1000本,,,https://www.san-nishimura.co.jp/product/item/?key_word=950-676C
950-677,±ハイブリッドボルトW1.4×2.7,±하이브리드볼트W1.4×2.7,ツーポイント固定・補修,寸法を合わせて外れを補修しやすい,무테 프레임 고정 및 보수,치수를 맞춰 이탈 부위를 보수하기 쉬움,5100,KRW,30本,"カタログP.44,45",950-677_1.jpg,https://www.san-nishimura.co.jp/product/item/?key_word=950-677
950-677A,±ハイブリッドボルトW(100本入),±하이브리드볼트W(100개),ツーポイント固定・補修,寸法を合わせて外れを補修しやすい,무테 프레임 고정 및 보수,치수를 맞춰 이탈 부위를 보수하기 쉬움,16200,KRW,100本,,,https://www.san-nishimura.co.jp/product/item/?key_word=950-677A
950-677B,±ハイブリッドボルトW(300本入),±하이브리드볼트W(300개),ツーポイント固定・補修,寸法を合わせて外れを補修しやすい,무테 프레임 고정 및 보수,치수를 맞춰 이탈 부위를 보수하기 쉬움,45100,KRW,300本,,,https://www.san-nishimura.co.jp/product/item/?key_word=950-677B
950-677C,±ハイブリッドボルトW(1000本入),±하이브리드볼트W(1000개),ツーポイント固定・補修,寸法を合わせて外れを補修しやすい,무테 프레임 고정 및 보수,치수를 맞춰 이탈 부위를 보수하기 쉬움,142000,KRW,1000本,,,https://www.san-nishimura.co.jp/product/item/?key_word=950-677C
950-678,±ハイブリッドボルトW1.4×3.0,±하이브리드볼트W1.4×3.0,ツーポイント固定・補修,寸法を合わせて外れを補修しやすい,무테 프레임 고정 및 보수,치수를 맞춰 이탈 부위를 보수하기 쉬움,5100,KRW,30本,"カタログP.44,45",950-678_1.jpg,https://www.san-nishimura.co.jp/product/item/?key_word=950-678
950-678A,±ハイブリッドボルトW(100本入),±하이브리드볼트W(100개),ツーポイント固定・補修,寸法を合わせて外れを補修しやすい,무테 프레임 고정 및 보수,치수를 맞춰 이탈 부위를 보수하기 쉬움,16200,KRW,100本,,,https://www.san-nishimura.co.jp/product/item/?key_word=950-678A
950-678B,±ハイブリッドボルトW(300本入),±하이브리드볼트W(300개),ツーポイント固定・補修,寸法を合わせて外れを補修しやすい,무테 프레임 고정 및 보수,치수를 맞춰 이탈 부위를 보수하기 쉬움,45100,KRW,300本,,,https://www.san-nishimura.co.jp/product/item/?key_word=950-678B
950-678C,±ハイブリッドボルトW(1000本入),±하이브리드볼트W(1000개),ツーポイント固定・補修,寸法を合わせて外れを補修しやすい,무테 프레임 고정 및 보수,치수를 맞춰 이탈 부위를 보수하기 쉬움,142000,KRW,1000本,,,https://www.san-nishimura.co.jp/product/item/?key_word=950-678C
950-680,±ハイブリッドボルトW1.4×3.5,±하이브리드볼트W1.4×3.5,ツーポイント固定・補修,寸法を合わせて外れを補修しやすい,무테 프레임 고정 및 보수,치수를 맞춰 이탈 부위를 보수하기 쉬움,5100,KRW,30本,"カタログP.44,45",950-680_1.jpg,https://www.san-nishimura.co.jp/product/item/?key_word=950-680
950-680A,±ハイブリッドボルトW(100本入),±하이브리드볼트W(100개),ツーポイント固定・補修,寸法を合わせて外れを補修しやすい,무테 프레임 고정 및 보수,치수를 맞춰 이탈 부위를 보수하기 쉬움,16200,KRW,100本,,,https://www.san-nishimura.co.jp/product/item/?key_word=950-680A
950-680B,±ハイブリッドボルトW(300本入),±하이브리드볼트W(300개),ツーポイント固定・補修,寸法を合わせて外れを補修しやすい,무테 프레임 고정 및 보수,치수를 맞춰 이탈 부위를 보수하기 쉬움,45100,KRW,300本,,,https://www.san-nishimura.co.jp/product/item/?key_word=950-680B
950-680C,±ハイブリッドボルトW(1000本入),±하이브리드볼트W(1000개),ツーポイント固定・補修,寸法を合わせて外れを補修しやすい,무테 프레임 고정 및 보수,치수를 맞춰 이탈 부위를 보수하기 쉬움,142000,KRW,1000本,,,https://www.san-nishimura.co.jp/product/item/?key_word=950-680C
950-681,±ハイブリッドボルトW1.4×3.7,±하이브리드볼트W1.4×3.7,ツーポイント固定・補修,寸法を合わせて外れを補修しやすい,무테 프레임 고정 및 보수,치수를 맞춰 이탈 부위를 보수하기 쉬움,5100,KRW,30本,"カタログP.44,45",950-681_1.jpg,https://www.san-nishimura.co.jp/product/item/?key_word=950-681
950-682,±ハイブリッドボルトW1.4×4.0,±하이브리드볼트W1.4×4.0,ツーポイント固定・補修,寸法を合わせて外れを補修しやすい,무테 프레임 고정 및 보수,치수를 맞춰 이탈 부위를 보수하기 쉬움,5100,KRW,30本,"カタログP.44,45",950-682_1.jpg,https://www.san-nishimura.co.jp/product/item/?key_word=950-682
950-682A,±ハイブリッドボルトW(100本入),±하이브리드볼트W(100개),ツーポイント固定・補修,寸法を合わせて外れを補修しやすい,무테 프레임 고정 및 보수,치수를 맞춰 이탈 부위를 보수하기 쉬움,16200,KRW,100本,,,https://www.san-nishimura.co.jp/product/item/?key_word=950-682A
950-682B,±ハイブリッドボルトW(300本入),±하이브리드볼트W(300개),ツーポイント固定・補修,寸法を合わせて外れを補修しやすい,무테 프레임 고정 및 보수,치수를 맞춰 이탈 부위를 보수하기 쉬움,45100,KRW,300本,,,https://www.san-nishimura.co.jp/product/item/?key_word=950-682B
950-682C,±ハイブリッドボルトW(1000本入),±하이브리드볼트W(1000개),ツーポイント固定・補修,寸法を合わせて外れを補修しやすい,무테 프레임 고정 및 보수,치수를 맞춰 이탈 부위를 보수하기 쉬움,142000,KRW,1000本,,,https://www.san-nishimura.co.jp/product/item/?key_word=950-682C
951-685,±OSハイブリッドロックW1.4×2.4,±OS하이브리드잠금W1.4×2.4,ツーポイント固定・補修,寸法を合わせて外れを補修しやすい,무테 프레임 고정 및 보수,치수를 맞춰 이탈 부위를 보수하기 쉬움,5100,KRW,10本,"カタログP.44,45",951-685_1.jpg,https://www.san-nishimura.co.jp/product/item/?key_word=951-685
951-685A,±OSハイブリッドロックW(100本入),±OS하이브리드잠금W(100개),ツーポイント固定・補修,寸法を合わせて外れを補修しやすい,무테 프레임 고정 및 보수,치수를 맞춰 이탈 부위를 보수하기 쉬움,48600,KRW,100本,,,https://www.san-nishimura.co.jp/product/item/?key_word=951-685A
951-685B,±OSハイブリッドロックW(300本入),±OS하이브리드잠금W(300개),ツーポイント固定・補修,寸法を合わせて外れを補修しやすい,무테 프레임 고정 및 보수,치수를 맞춰 이탈 부위를 보수하기 쉬움,136000,KRW,300本,,,https://www.san-nishimura.co.jp/product/item/?key_word=951-685B
951-685S,±OSハイブリッドロックW(50本入),±OS하이브리드잠금W(50개),ツーポイント固定・補修,寸法を合わせて外れを補修しやすい,무테 프레임 고정 및 보수,치수를 맞춰 이탈 부위를 보수하기 쉬움,25200,KRW,50本,,,https://www.san-nishimura.co.jp/product/item/?key_word=951-685S
951-686,±OSハイブリッドロックW1.4×2.8,±OS하이브리드잠금W1.4×2.8,ツーポイント固定・補修,寸法を合わせて外れを補修しやすい,무테 프레임 고정 및 보수,치수를 맞춰 이탈 부위를 보수하기 쉬움,5100,KRW,10本,"カタログP.44,45",951-686_1.jpg,https://www.san-nishimura.co.jp/product/item/?key_word=951-686
951-686A,±OSハイブリッドロックW(100本入),±OS하이브리드잠금W(100개),ツーポイント固定・補修,寸法を合わせて外れを補修しやすい,무테 프레임 고정 및 보수,치수를 맞춰 이탈 부위를 보수하기 쉬움,48600,KRW,100本,,,https://www.san-nishimura.co.jp/product/item/?key_word=951-686A
951-686B,±OSハイブリッドロックW(300本入),±OS하이브리드잠금W(300개),ツーポイント固定・補修,寸法を合わせて外れを補修しやすい,무테 프레임 고정 및 보수,치수를 맞춰 이탈 부위를 보수하기 쉬움,136000,KRW,300本,,,https://www.san-nishimura.co.jp/product/item/?key_word=951-686B
951-686S,±OSハイブリッドロックW(50本入),±OS하이브리드잠금W(50개),ツーポイント固定・補修,寸法を合わせて外れを補修しやすい,무테 프레임 고정 및 보수,치수를 맞춰 이탈 부위를 보수하기 쉬움,25200,KRW,50本,,,https://www.san-nishimura.co.jp/product/item/?key_word=951-686S
951-687,±OSハイブリッドロックW1.4×3.2,±OS하이브리드잠금W1.4×3.2,ツーポイント固定・補修,寸法を合わせて外れを補修しやすい,무테 프레임 고정 및 보수,치수를 맞춰 이탈 부위를 보수하기 쉬움,5100,KRW,10本,"カタログP.44,45",951-687_1.jpg,https://www.san-nishimura.co.jp/product/item/?key_word=951-687
951-687A,±OSハイブリッドロックW(100本入),±OS하이브리드잠금W(100개),ツーポイント固定・補修,寸法を合わせて外れを補修しやすい,무테 프레임 고정 및 보수,치수를 맞춰 이탈 부위를 보수하기 쉬움,48600,KRW,100本,,,https://www.san-nishimura.co.jp/product/item/?key_word=951-687A
951-687B,±OSハイブリッドロックW(300本入),±OS하이브리드잠금W(300개),ツーポイント固定・補修,寸法を合わせて外れを補修しやすい,무테 프레임 고정 및 보수,치수를 맞춰 이탈 부위를 보수하기 쉬움,136000,KRW,300本,,,https://www.san-nishimura.co.jp/product/item/?key_word=951-687B
951-687S,±OSハイブリッドロックW(50本入),±OS하이브리드잠금W(50개),ツーポイント固定・補修,寸法を合わせて外れを補修しやすい,무테 프레임 고정 및 보수,치수를 맞춰 이탈 부위를 보수하기 쉬움,25200,KRW,50本,,,https://www.san-nishimura.co.jp/product/item/?key_word=951-687S
951-688,±OSハイブリッドロックW1.4×3.6,±OS하이브리드잠금W1.4×3.6,ツーポイント固定・補修,寸法を合わせて外れを補修しやすい,무테 프레임 고정 및 보수,치수를 맞춰 이탈 부위를 보수하기 쉬움,5100,KRW,10本,"カタログP.44,45",951-688_1.jpg,https://www.san-nishimura.co.jp/product/item/?key_word=951-688
951-688A,±OSハイブリッドロックW(100本入),±OS하이브리드잠금W(100개),ツーポイント固定・補修,寸法を合わせて外れを補修しやすい,무테 프레임 고정 및 보수,치수를 맞춰 이탈 부위를 보수하기 쉬움,48600,KRW,100本,,,https://www.san-nishimura.co.jp/product/item/?key_word=951-688A
951-688B,±OSハイブリッドロックW(300本入),±OS하이브리드잠금W(300개),ツーポイント固定・補修,寸法を合わせて外れを補修しやすい,무테 프레임 고정 및 보수,치수를 맞춰 이탈 부위를 보수하기 쉬움,136000,KRW,300本,,,https://www.san-nishimura.co.jp/product/item/?key_word=951-688B
951-688S,±OSハイブリッドロックW(50本入),±OS하이브리드잠금W(50개),ツーポイント固定・補修,寸法を合わせて外れを補修しやすい,무테 프레임 고정 및 보수,치수를 맞춰 이탈 부위를 보수하기 쉬움,25200,KRW,50本,,,https://www.san-nishimura.co.jp/product/item/?key_word=951-688S
951-689,±OSハイブリッドロックW1.4×4.0,±OS하이브리드잠금W1.4×4.0,ツーポイント固定・補修,寸法を合わせて外れを補修しやすい,무테 프레임 고정 및 보수,치수를 맞춰 이탈 부위를 보수하기 쉬움,5100,KRW,10本,"カタログP.44,45",951-689_1.jpg,https://www.san-nishimura.co.jp/product/item/?key_word=951-689
951-689A,±OSハイブリッドロックW(100本入),±OS하이브리드잠금W(100개),ツーポイント固定・補修,寸法を合わせて外れを補修しやすい,무테 프레임 고정 및 보수,치수를 맞춰 이탈 부위를 보수하기 쉬움,48600,KRW,100本,,,https://www.san-nishimura.co.jp/product/item/?key_word=951-689A
951-689B,±OSハイブリッドロックW(300本入),±OS하이브리드잠금W(300개),ツーポイント固定・補修,寸法を合わせて外れを補修しやすい,무테 프레임 고정 및 보수,치수를 맞춰 이탈 부위를 보수하기 쉬움,136000,KRW,300本,,,https://www.san-nishimura.co.jp/product/item/?key_word=951-689B
951-689S,±OSハイブリッドロックW(50本入),±OS하이브리드잠금W(50개),ツーポイント固定・補修,寸法を合わせて外れを補修しやすい,무테 프레임 고정 및 보수,치수를 맞춰 이탈 부위를 보수하기 쉬움,25200,KRW,50本,,,https://www.san-nishimura.co.jp/product/item/?key_word=951-689S
952,メガネのくもり止めクロス3枚入,안경 클리닝 천3 입,レンズのくもり止め,視界をクリアに保ちやすい,렌즈 김서림 방지,시야를 선명하게 유지하기 쉬움,3900,KRW,3枚,カタログP.95,952_1.jpg,https://www.san-nishimura.co.jp/product/item/%e3%83%a1%e3%82%ac%e3%83%8d%e3%81%ae%e3%81%8f%e3%82%82%e3%82%8a%e6%ad%a2%e3%82%81-%e3%82%af%e3%83%ad%e3%82%b9/
953,丁番座金ホルダー,힌지와셔홀더,丁番・テンプル開閉部の補修,開閉の動きやガタつきを整えやすい,힌지 및 템플 개폐부 보수,개폐 움직임과 흔들림을 정돈하기 쉬움,58700,KRW,,"カタログP.54,160",953_1.jpg,https://www.san-nishimura.co.jp/product/item/%e4%b8%81%e7%95%aa%e5%ba%a7%e9%87%91%e3%83%9b%e3%83%ab%e3%83%80%e3%83%bc/
956-L,セルシールMミニ L 2.5mm 10組,셀 M미니 L 2.5mm 10,鼻パッド交換・調整,当たりと掛け心地を整えやすい,코패드 교체 및 조정,맞닿는 느낌과 착용감을 조정하기 쉬움,54400,KRW,10組,カタログP.78,956-L_1.jpg,https://www.san-nishimura.co.jp/product/item/?key_word=956-L
956-LL,セルシ-ルMミニ LL 3.0mm 10組,셀 - M미니 LL 3.0mm 10,鼻パッド交換・調整,当たりと掛け心地を整えやすい,코패드 교체 및 조정,맞닿는 느낌과 착용감을 조정하기 쉬움,54400,KRW,10組,カタログP.78,956-LL_1.jpg,https://www.san-nishimura.co.jp/product/item/?key_word=956-LL
956-M,セルシールMミニ M 1.8mm 10組,셀 M미니 M 1.8mm 10,鼻パッド交換・調整,当たりと掛け心地を整えやすい,코패드 교체 및 조정,맞닿는 느낌과 착용감을 조정하기 쉬움,54400,KRW,10組,カタログP.78,956-M_1.jpg,https://www.san-nishimura.co.jp/product/item/?key_word=956-M
957-695,±OSハイブリッドロックG1.4×2.4,±OS하이브리드잠금G1.4×2.4,ツーポイント固定・補修,寸法を合わせて外れを補修しやすい,무테 프레임 고정 및 보수,치수를 맞춰 이탈 부위를 보수하기 쉬움,5100,KRW,9本,"カタログP.44,45",957-695_1.jpg,https://www.san-nishimura.co.jp/product/item/?key_word=957-695
957-696,±OSハイブリッドロックG1.4×2.8,±OS하이브리드잠금G1.4×2.8,ツーポイント固定・補修,寸法を合わせて外れを補修しやすい,무테 프레임 고정 및 보수,치수를 맞춰 이탈 부위를 보수하기 쉬움,5100,KRW,9本,"カタログP.44,45",957-696_1.jpg,https://www.san-nishimura.co.jp/product/item/?key_word=957-696
957-697,±OSハイブリッドロックG1.4×3.2,±OS하이브리드잠금G1.4×3.2,ツーポイント固定・補修,寸法を合わせて外れを補修しやすい,무테 프레임 고정 및 보수,치수를 맞춰 이탈 부위를 보수하기 쉬움,5100,KRW,9本,"カタログP.44,45",957-697_1.jpg,https://www.san-nishimura.co.jp/product/item/?key_word=957-697
957-698,±OSハイブリッドロックG1.4×3.6,±OS하이브리드잠금G1.4×3.6,ツーポイント固定・補修,寸法を合わせて外れを補修しやすい,무테 프레임 고정 및 보수,치수를 맞춰 이탈 부위를 보수하기 쉬움,5100,KRW,9本,"カタログP.44,45",957-698_1.jpg,https://www.san-nishimura.co.jp/product/item/?key_word=957-698
957-699,±OSハイブリッドロックG1.4×4.0,±OS하이브리드잠금G1.4×4.0,ツーポイント固定・補修,寸法を合わせて外れを補修しやすい,무테 프레임 고정 및 보수,치수를 맞춰 이탈 부위를 보수하기 쉬움,5100,KRW,9本,"カタログP.44,45",957-699_1.jpg,https://www.san-nishimura.co.jp/product/item/?key_word=957-699
958-701-P,高級シートモダン丸芯1.5×70 ピンク,시트팁원형 코어1.5×70 핑크,テンプルの貼るフィット調整,短時間で掛け心地を微調整しやすい,템플 부착식 피팅 조정,착용감을 빠르게 미세 조정하기 쉬움,6300,KRW,,,958-701-P_1.jpg,https://www.san-nishimura.co.jp/product/item/?key_word=958-701-P
958-701-PL,高級シートモダン丸芯1.5×70 プラム,시트팁원형 코어1.5×70,テンプルの貼るフィット調整,短時間で掛け心地を微調整しやすい,템플 부착식 피팅 조정,착용감을 빠르게 미세 조정하기 쉬움,6300,KRW,,,958-701-PL_1.jpg,https://www.san-nishimura.co.jp/product/item/?key_word=958-701-PL
958-701-WN,高級シートモダン丸芯1.5×70 ワイン,시트팁원형 코어1.5×70 와인,テンプルの貼るフィット調整,短時間で掛け心地を微調整しやすい,템플 부착식 피팅 조정,착용감을 빠르게 미세 조정하기 쉬움,6300,KRW,,,958-701-WN_1.jpg,https://www.san-nishimura.co.jp/product/item/?key_word=958-701-WN
959,眼鏡測定器,안경 측정기,アイポイント・PD確認,確認作業の効率と精度を高めやすい,아이포인트 및 PD 확인,확인 효율과 정확도를 높이기 쉬움,74300,KRW,,カタログP.174,959_1.jpg,https://www.san-nishimura.co.jp/product/item/%e7%9c%bc%e9%8f%a1%e6%b8%ac%e5%ae%9a%e5%99%a8/
961,石原色覚検査表IIコンサイス版,II,色覚の確認,色覚検査を進めやすい,색각 확인,색각 검사를 진행하기 쉬움,238000,KRW,,カタログP.197,961_1.jpg,https://www.san-nishimura.co.jp/product/item/%e7%9f%b3%e5%8e%9f%e8%89%b2%e8%a6%9a%e6%a4%9c%e6%9f%bb%e8%a1%a8%e2%85%b1%e3%82%b3%e3%83%b3%e3%82%b5%e3%82%a4%e3%82%b9%e7%89%88/
962-EX,フロロカーボンテグス 0.5mmナイロールフレーム用 トーメイ,0.5mm 롤프레임,ナイロール用テグス交換,レンズを安定して固定しやすい,나일론 림 줄 교체,렌즈를 안정적으로 고정하기 쉬움,23800,KRW,,カタログP.60,962-EX_1.jpg,https://www.san-nishimura.co.jp/product/item/%e3%83%95%e3%83%ad%e3%83%ad%e3%82%ab%e3%83%bc%e3%83%9c%e3%83%b3%e3%83%86%e3%82%b0%e3%82%b90-5%e3%8e%9c/
963,メガネのくもり止め濃密ジェル,안경,レンズのくもり止め,視界をクリアに保ちやすい,렌즈 김서림 방지,시야를 선명하게 유지하기 쉬움,8300,KRW,,カタログP.96,963_1.jpg,https://www.san-nishimura.co.jp/product/item/%e3%83%a1%e3%82%ac%e3%83%8d%e3%81%ae%e3%81%8f%e3%82%82%e3%82%8a%e6%ad%a2%e3%82%81-%e6%bf%83%e5%af%86%e3%82%b8%e3%82%a7%e3%83%ab/
963-10,メガネのくもり止め濃密ジェル台紙セット(10コ入り),안경 세트(10 입),レンズのくもり止め,視界をクリアに保ちやすい,렌즈 김서림 방지,시야를 선명하게 유지하기 쉬움,83300,KRW,,カタログP.96,963-10_1.jpg,https://www.san-nishimura.co.jp/product/item/?key_word=963-10
964,ヤットコ,플라이어,テンプル開き調整,左右の開きと掛け心地を整えやすい,템플 벌어짐 조정,좌우 벌어짐과 착용감을 맞추기 쉬움,68000,KRW,,カタログP.137,964_1.jpg,https://www.san-nishimura.co.jp/product/item/%e3%83%a4%e3%83%83%e3%83%88%e3%82%b3964/
964-1,No.964ヤットコ先プラスチック,No.964플라이어플라스틱 팁스틱,ヤットコ先端交換・保護,調整時のキズを抑えやすい,플라이어 팁 교체 및 보호,조정 중 흠집을 줄이기 쉬움,6900,KRW,,,,https://www.san-nishimura.co.jp/product/item/?key_word=964-1
965,丁番座金パーツセット7種,힌지와셔부품세트7,丁番・テンプル開閉部の補修,開閉の動きやガタつきを整えやすい,힌지 및 템플 개폐부 보수,개폐 움직임과 흔들림을 정돈하기 쉬움,36600,KRW,,"カタログP.53,54,160",965_1.jpg,https://www.san-nishimura.co.jp/product/item/?key_word=965
965G,丁番座金パーツセット8種(グラファイト),힌지와셔부품세트8 (),丁番・テンプル開閉部の補修,開閉の動きやガタつきを整えやすい,힌지 및 템플 개폐부 보수,개폐 움직임과 흔들림을 정돈하기 쉬움,41700,KRW,10ヶ,カタログP.52,965G_1.jpg,https://www.san-nishimura.co.jp/product/item/?key_word=965G
965N,丁番座金パーツセット8種,힌지와셔부품세트8,丁番・テンプル開閉部の補修,開閉の動きやガタつきを整えやすい,힌지 및 템플 개폐부 보수,개폐 움직임과 흔들림을 정돈하기 쉬움,41700,KRW,,カタログP.53,965N_1.jpg,https://www.san-nishimura.co.jp/product/item/?key_word=965N
967,丁番座金メンテナンスKit,힌지와셔 Kit,丁番・テンプル開閉部の補修,開閉の動きやガタつきを整えやすい,힌지 및 템플 개폐부 보수,개폐 움직임과 흔들림을 정돈하기 쉬움,115300,KRW,,"カタログP.54,160",967_1.jpg,https://www.san-nishimura.co.jp/product/item/?key_word=967
968,ヤットコ,플라이어,鼻パッド角度調整,取付金具を安定してつかみやすい,코패드 각도 조정,장착 금구를 안정적으로 잡기 쉬움,95200,KRW,,カタログP.128,968_1.jpg,https://www.san-nishimura.co.jp/product/item/%e3%83%a4%e3%83%83%e3%83%88%e3%82%b3968/
969,ヤットコ,플라이어,鼻パッド角度調整,取付金具を安定してつかみやすい,코패드 각도 조정,장착 금구를 안정적으로 잡기 쉬움,83300,KRW,,"カタログP.128,170",969_1.jpg,https://www.san-nishimura.co.jp/product/item/%e3%83%a4%e3%83%83%e3%83%88%e3%82%b3969/
970,ヤットコ,플라이어,鼻パッド角度調整,取付金具を安定してつかみやすい,코패드 각도 조정,장착 금구를 안정적으로 잡기 쉬움,95200,KRW,,カタログP.129,970_1.jpg,https://www.san-nishimura.co.jp/product/item/%e3%83%a4%e3%83%83%e3%83%88%e3%82%b3970/
970-1,No.970ヤットコ先プラスチック,No.970플라이어플라스틱 팁스틱,ヤットコ先端交換・保護,調整時のキズを抑えやすい,플라이어 팁 교체 및 보호,조정 중 흠집을 줄이기 쉬움,6900,KRW,,,,https://www.san-nishimura.co.jp/product/item/?key_word=970-1
971-P,ヤットコ(プレミアムライン),플라이어(프리미엄 라인),カット加工,狙った位置を切りやすい,절단 가공,원하는 위치를 자르기 쉬움,139400,KRW,,カタログP.142,971-P_1.jpg,https://www.san-nishimura.co.jp/product/item/%e3%83%97%e3%83%ac%e3%83%9f%e3%82%a2%e3%83%a0%e3%83%a4%e3%83%83%e3%83%88%e3%82%b3-971p/
974-A,レンズ保護テープ 粘着強力(10シート、100ヶ入),렌즈보호테이프 (10시트、100 입),作業時の保護,キズや汚れを防ぎやすい,작업 중 보호,흠집과 오염을 막기 쉬움,56300,KRW,100ヶ,カタログP.248,974-A_1.jpg,https://www.san-nishimura.co.jp/product/item/?key_word=974-A
974-B,レンズ保護テープ 粘着強力(1ロール、1000ヶ入),렌즈보호테이프 (1롤、1000 입),作業時の保護,キズや汚れを防ぎやすい,작업 중 보호,흠집과 오염을 막기 쉬움,469200,KRW,1000ヶ,カタログP.248,974-B_1.jpg,https://www.san-nishimura.co.jp/product/item/?key_word=974-B
975-A,パーツケース(分割型)小,부품케이스()소,収納・保護,持ち帰りや保管に使いやすい,수납 및 보호,휴대와 보관에 쓰기 쉬움,1600,KRW,1ヶ,カタログP.58,975-A_1.jpg,https://www.san-nishimura.co.jp/product/item/?key_word=975-A
975-A20,パーツケース(分割型)小お徳用,부품케이스()소대용량,収納・保護,持ち帰りや保管に使いやすい,수납 및 보호,휴대와 보관에 쓰기 쉬움,30500,KRW,1ヶ,カタログP.58,975-A20_1.jpg,https://www.san-nishimura.co.jp/product/item/?key_word=975-A20
975-B,パーツケース(分割型)中,부품케이스()중,収納・保護,持ち帰りや保管に使いやすい,수납 및 보호,휴대와 보관에 쓰기 쉬움,2700,KRW,1ヶ,カタログP.58,975-B_1.jpg,https://www.san-nishimura.co.jp/product/item/?key_word=975-B
975-C,パーツケース(分割型)大,부품케이스()대,収納・保護,持ち帰りや保管に使いやすい,수납 및 보호,휴대와 보관에 쓰기 쉬움,3500,KRW,1ヶ,カタログP.58,975-C_1.jpg,https://www.san-nishimura.co.jp/product/item/?key_word=975-C
976,アンチーフォグ アルファ くもり止め 24個入,24개,レンズのくもり止め,視界をクリアに保ちやすい,렌즈 김서림 방지,시야를 선명하게 유지하기 쉬움,199900,KRW,24個,カタログP.96,976_1.jpg,https://www.san-nishimura.co.jp/product/item/%e3%82%a2%e3%83%b3%e3%83%81-%e3%83%95%e3%82%a9%e3%82%b0-%e3%82%a2%e3%83%ab%e3%83%95%e3%82%a1-%e3%81%8f%e3%82%82%e3%82%8a%e6%ad%a2%e3%82%81/
976-A,アンチーフォグ アルファ くもり止め 単品,김서림 방지 제품,レンズのくもり止め,視界をクリアに保ちやすい,렌즈 김서림 방지,시야를 선명하게 유지하기 쉬움,8300,KRW,1本,カタログP.96,976-A_1.jpg,https://www.san-nishimura.co.jp/product/item/?key_word=976-A
977-B,ツールゴムコーティング(青),고무 (),工具接触面の保護,滑り止めやキズ防止を追加しやすい,공구 접촉면 보호,미끄럼 방지와 흠집 방지를 더하기 쉬움,33200,KRW,,カタログP.119,977-B_1.jpg,https://www.san-nishimura.co.jp/product/item/?key_word=977-B
977-BK,ツールゴムコーティング(黒),고무 (),工具接触面の保護,滑り止めやキズ防止を追加しやすい,공구 접촉면 보호,미끄럼 방지와 흠집 방지를 더하기 쉬움,33200,KRW,,カタログP.119,977-BK_1.jpg,https://www.san-nishimura.co.jp/product/item/?key_word=977-BK
977-RE,ツールゴムコーティング(赤),고무 (),工具接触面の保護,滑り止めやキズ防止を追加しやすい,공구 접촉면 보호,미끄럼 방지와 흠집 방지를 더하기 쉬움,33200,KRW,,カタログP.119,977-RE_1.jpg,https://www.san-nishimura.co.jp/product/item/%e3%83%84%e3%83%bc%e3%83%ab%e3%82%b4%e3%83%a0%e3%82%b3%e3%83%bc%e3%83%86%e3%82%a3%e3%83%b3%e3%82%b0/
978,+茶頭ドライバー(1.5mm),+ 드라이버(1.5mm),ネジ調整,日常修理をスムーズにしやすい,나사 조정,일상 수리를 원활하게 하기 쉬움,16800,KRW,,カタログP.151,978_1.jpg,https://www.san-nishimura.co.jp/product/item/?key_word=978
978G,+茶頭ドライバー(1.5mm)グリップ付,+ 드라이버(1.5mm)그립포함,ネジ調整,日常修理をスムーズにしやすい,나사 조정,일상 수리를 원활하게 하기 쉬움,19700,KRW,,カタログP.151,978G_1.jpg,https://www.san-nishimura.co.jp/product/item/?key_word=978G
978M,(+)茶頭ドライバ-MINI1.5mm,(+) -MINI1.5mm,ネジ調整,日常修理をスムーズにしやすい,나사 조정,일상 수리를 원활하게 하기 쉬움,16800,KRW,,カタログP.151,978M_1.jpg,https://www.san-nishimura.co.jp/product/item/%e8%89%b2%e9%a0%ad%e3%83%89%e3%83%a9%e3%82%a4%e3%83%90%e3%83%bcmini/
978MG,(+)茶頭ドライバ-MINI1.5mm グリップ付,(+) -MINI1.5mm 그립포함,ネジ調整,日常修理をスムーズにしやすい,나사 조정,일상 수리를 원활하게 하기 쉬움,19700,KRW,,カタログP.151,978MG_1.jpg,https://www.san-nishimura.co.jp/product/item/?key_word=978MG
979,太目ネジセットW,굵은 나사세트W,ネジ交換・固定,ゆるみや紛失時に対応しやすい,나사 교체 및 고정,풀림이나 분실에 대응하기 쉬움,31500,KRW,10本,カタログP.42,979_1.jpg,https://www.san-nishimura.co.jp/product/item/?key_word=979
979-716,太目ネジW 1.42×2.3,굵은 나사W 1.42×2.3,ネジ交換・固定,ゆるみや紛失時に対応しやすい,나사 교체 및 고정,풀림이나 분실에 대응하기 쉬움,5100,KRW,10本,カタログP.42,979-716_1.jpg,https://www.san-nishimura.co.jp/product/item/%e5%a4%aa%e7%9b%ae%e3%83%8d%e3%82%b8/
979-717,太目ネジW 1.42×2.5,굵은 나사W 1.42×2.5,ネジ交換・固定,ゆるみや紛失時に対応しやすい,나사 교체 및 고정,풀림이나 분실에 대응하기 쉬움,5100,KRW,10本,カタログP.42,979-717_1.jpg,https://www.san-nishimura.co.jp/product/item/?key_word=979-717
979-718,太目ネジW 1.42×2.8,굵은 나사W 1.42×2.8,ネジ交換・固定,ゆるみや紛失時に対応しやすい,나사 교체 및 고정,풀림이나 분실에 대응하기 쉬움,5100,KRW,10本,カタログP.42,979-718_1.jpg,https://www.san-nishimura.co.jp/product/item/?key_word=979-718
979-719,太目ネジW 1.42×3.0,굵은 나사W 1.42×3.0,ネジ交換・固定,ゆるみや紛失時に対応しやすい,나사 교체 및 고정,풀림이나 분실에 대응하기 쉬움,5100,KRW,10本,カタログP.42,979-719_1.jpg,https://www.san-nishimura.co.jp/product/item/?key_word=979-719
979-720,太目ネジW 1.42×3.3,굵은 나사W 1.42×3.3,ネジ交換・固定,ゆるみや紛失時に対応しやすい,나사 교체 및 고정,풀림이나 분실에 대응하기 쉬움,5100,KRW,10本,カタログP.42,979-720_1.jpg,https://www.san-nishimura.co.jp/product/item/?key_word=979-720
979-721,太目ネジW 1.42×4.5,굵은 나사W 1.42×4.5,ネジ交換・固定,ゆるみや紛失時に対応しやすい,나사 교체 및 고정,풀림이나 분실에 대응하기 쉬움,5100,KRW,10本,カタログP.42,979-721_1.jpg,https://www.san-nishimura.co.jp/product/item/?key_word=979-721
980,グリップペースト,그립,工具の滑り止め,ネジ頭のつぶれやズレを防ぎやすい,공구 미끄럼 방지,나사머리 손상과 미끄러짐을 줄이기 쉬움,19600,KRW,,カタログP.213,980_1.jpg,https://www.san-nishimura.co.jp/product/item/%e3%82%b0%e3%83%aa%e3%83%83%e3%83%97%e3%83%9a%e3%83%bc%e3%82%b9%e3%83%88%e3%83%8d%e3%82%b8%e6%8a%9c%e3%81%8d%e7%94%a8/
982,ヤットコ,플라이어,クリングス微調整,小さなパット足を正確につかみやすい,클링스 미세 조정,작은 패드 암을 정확히 잡기 쉬움,69700,KRW,,カタログP.125,982_1.jpg,https://www.san-nishimura.co.jp/product/item/%e3%83%a4%e3%83%83%e3%83%88%e3%82%b3982/
983,ワンタッチパットはずし,원터치코받침,鼻パッド交換・調整,当たりと掛け心地を整えやすい,코패드 교체 및 조정,맞닿는 느낌과 착용감을 조정하기 쉬움,35200,KRW,,カタログP.161,983_1.jpg,https://www.san-nishimura.co.jp/product/item/%e3%83%af%e3%83%b3%e3%82%bf%e3%83%83%e3%83%81%e3%83%91%e3%83%83%e3%83%88%e3%81%af%e3%81%9a%e3%81%97/
984,鼻盛シミュレーションセット,코받침 보강 패드 세트,鼻盛り・掛け位置調整,低い鼻当てでも掛け位置を整えやすい,코받침 보정 및 착용 위치 조정,낮은 코받침도 착용 위치를 맞추기 쉬움,574800,KRW,,カタログP.30,984_1.jpg,https://www.san-nishimura.co.jp/product/item/?key_word=984
985,氷結ネジ抜きスプレー,나사,固着ネジの除去,外れにくいネジにも対応しやすい,고착 나사 제거,빼기 어려운 나사에도 대응하기 쉬움,19200,KRW,,カタログP.213,985_1.jpg,https://www.san-nishimura.co.jp/product/item/%e6%b0%b7%e7%b5%90%e3%83%8d%e3%82%b8%e6%8a%9c%e3%81%8d%e3%82%b9%e3%83%97%e3%83%ac%e3%83%bc/
986-A,ワイドカップ強力テープ NIDEK(100枚入),와이드 테이프 NIDEK(100 입),作業時の保護,キズや汚れを防ぎやすい,작업 중 보호,흠집과 오염을 막기 쉬움,42500,KRW,100枚,カタログP.254,986-A_1.jpg,https://www.san-nishimura.co.jp/product/item/?key_word=986-A
986-B,ワイドカップ強力テープ NIDEK(100枚入×10袋),와이드 테이프 NIDEK(100 입×10봉투),収納・保護,持ち帰りや保管に使いやすい,수납 및 보호,휴대와 보관에 쓰기 쉬움,408000,KRW,100枚,カタログP.254,986-B_1.jpg,https://www.san-nishimura.co.jp/product/item/?key_word=986-B
986-C,ワイドカップ強力テープ (1000枚/ロール),와이드 테이프 (1000 /롤),作業時の保護,キズや汚れを防ぎやすい,작업 중 보호,흠집과 오염을 막기 쉬움,408000,KRW,1000枚,カタログP.254,986-C_1.jpg,https://www.san-nishimura.co.jp/product/item/?key_word=986-C
988,ヤットコ,플라이어,鼻パッド角度調整,取付金具を安定してつかみやすい,코패드 각도 조정,장착 금구를 안정적으로 잡기 쉬움,95200,KRW,,カタログP.126,988_1.jpg,https://www.san-nishimura.co.jp/product/item/%e3%83%a4%e3%83%83%e3%83%88%e3%82%b3988/
989,眼鏡バフモーター,버프 모터,レンズ・フレーム加工,加工精度や仕上がりをそろえやすい,렌즈 및 프레임 가공,가공 정밀도와 마감을 일정하게 하기 쉬움,1153500,KRW,,"カタログP.219,222",989_1.jpg,https://www.san-nishimura.co.jp/product/item/%e7%9c%bc%e9%8f%a1%e3%83%90%e3%83%95%e3%83%a2%e3%83%bc%e3%82%bf%e3%83%bc/
990,泡トリン 消臭プラス,탈취 기능 폼 클리너,レンズ加工環境の処理,清掃や設備管理を行いやすい,렌즈 가공 환경 처리,청소와 장비 관리를 하기 쉬움,127500,KRW,,カタログP.253,990_1.jpg,https://www.san-nishimura.co.jp/product/item/%e6%b3%a1%e3%83%88%e3%83%aa%e3%83%b3%e6%b6%88%e8%87%ad%ef%bc%8b/
991,石原式色覚異常検査表(コンサイス版)英訳,(),色覚の確認,色覚検査を進めやすい,색각 확인,색각 검사를 진행하기 쉬움,160300,KRW,,カタログP.197,991_1.jpg,https://www.san-nishimura.co.jp/product/item/%e7%9f%b3%e5%8e%9f%e8%89%b2%e8%a6%9a%e7%95%b0%e5%b8%b8%e6%a4%9c%e6%9f%bb%e8%a1%a8%e3%82%b3%e3%83%b3%e3%82%b5%e3%82%a4%e3%82%b9%e7%89%88%e8%8b%b1%e8%a8%b3/
992,UV380/400/420チェッカー,UV380/400/420,検査・測定,状態確認と加工判断をしやすい,검사 및 측정,상태 확인과 가공 판단이 쉬움,645200,KRW,,カタログP.178,992_1.jpg,https://www.san-nishimura.co.jp/product/item/uv380-400-420%e3%83%81%e3%82%a7%e3%83%83%e3%82%ab%e3%83%bc/
993-A,ハイルック プチスリム(くもり止め)10本入,()10개,清掃・仕上げ,お渡し前の見た目を整えやすい,청소 및 최종 마감,전달 전 외관을 정돈하기 쉬움,61200,KRW,10本,カタログP.97,993-A_1.jpg,https://www.san-nishimura.co.jp/product/item/%e3%83%8f%e3%82%a4%e3%83%ab%e3%83%83%e3%82%af%e3%83%97%e3%83%81%e3%82%b9%e3%83%aa%e3%83%a0_%e3%81%8f%e3%82%82%e3%82%8a%e6%ad%a2%e3%82%81/
994-A,ハイルック プチスリム(よごれ落とし)10本入,()10개,清掃・仕上げ,お渡し前の見た目を整えやすい,청소 및 최종 마감,전달 전 외관을 정돈하기 쉬움,61200,KRW,10本,カタログP.92,994-A_1.jpg,https://www.san-nishimura.co.jp/product/item/%e3%83%8f%e3%82%a4%e3%83%ab%e3%83%83%e3%82%af%e3%83%97%e3%83%81%e3%82%b9%e3%83%aa%e3%83%a0_%e3%82%88%e3%81%94%e3%82%8c%e8%90%bd%e3%81%a8%e3%81%97/
995,ARパッド,AR코받침,鼻パッド交換・調整,当たりと掛け心地を整えやすい,코패드 교체 및 조정,맞닿는 느낌과 착용감을 조정하기 쉬움,53600,KRW,1ペア,カタログP.82,995_1.jpg,https://www.san-nishimura.co.jp/product/item/ar%e3%83%91%e3%83%83%e3%83%89/
995-A,ARパッド お徳用(50ペア),AR코받침 대용량(50쌍),鼻パッド交換・調整,当たりと掛け心地を整えやすい,코패드 교체 및 조정,맞닿는 느낌과 착용감을 조정하기 쉬움,142100,KRW,50ペア,カタログP.82,,https://www.san-nishimura.co.jp/product/item/?key_word=995-A
996,ヤットコ,플라이어,智固定・調整補助,フレームを安定させて角度調整しやすい,엔드피스 고정 및 조정 보조,프레임을 안정시켜 각도 조정이 쉬움,74800,KRW,,カタログP.131,996_1.jpg,https://www.san-nishimura.co.jp/product/item/%e3%83%a4%e3%83%83%e3%83%88%e3%82%b3996/
996-1,No.996ヤットコ先プラスチック(1組中1ヶ分),No.996플라이어플라스틱 팁스틱(1 중1),ヤットコ先端交換・保護,調整時のキズを抑えやすい,플라이어 팁 교체 및 보호,조정 중 흠집을 줄이기 쉬움,6900,KRW,1組,,,https://www.san-nishimura.co.jp/product/item/?key_word=996-1
997,ヤットコ,플라이어,カット加工,狙った位置を切りやすい,절단 가공,원하는 위치를 자르기 쉬움,74800,KRW,,カタログP.127,997_1.jpg,https://www.san-nishimura.co.jp/product/item/%e3%83%a4%e3%83%83%e3%83%88%e3%82%b3997/
997-A,No.997 ヤットコ先プラスチック,No.997 플라이어플라스틱 팁스틱,ヤットコ先端交換・保護,調整時のキズを抑えやすい,플라이어 팁 교체 및 보호,조정 중 흠집을 줄이기 쉬움,4900,KRW,,,,https://www.san-nishimura.co.jp/product/item/?key_word=997-A
998,メガネのクリーナー 快速ジェル,안경 클리너,清掃・仕上げ,お渡し前の見た目を整えやすい,청소 및 최종 마감,전달 전 외관을 정돈하기 쉬움,8300,KRW,,カタログP.93,998_1.jpg,https://www.san-nishimura.co.jp/product/item/%e3%83%a1%e3%82%ac%e3%83%8d%e3%81%ae%e3%82%af%e3%83%aa%e3%83%bc%e3%83%8a%e3%83%bc-%e5%bf%ab%e9%80%9f%e3%82%b8%e3%82%a7%e3%83%ab/
1002,ウルテムきしみ止め,삐걱임 방지 제품,丁番・可動部の潤滑,開閉を滑らかにしやすい,힌지 및 가동부 윤활,개폐를 부드럽게 하기 쉬움,15600,KRW,,カタログP.260,1002_1.jpg,https://www.san-nishimura.co.jp/product/item/%e3%82%a6%e3%83%ab%e3%83%86%e3%83%a0%e3%81%8d%e3%81%97%e3%81%bf%e6%ad%a2%e3%82%81/
1003,グリップゴムシート,그립고무시트,工具接触面の保護,滑り止めやキズ防止を追加しやすい,공구 접촉면 보호,미끄럼 방지와 흠집 방지를 더하기 쉬움,13300,KRW,1枚,カタログP.119,1003_1.jpg,https://www.san-nishimura.co.jp/product/item/%e3%82%b0%e3%83%aa%e3%83%83%e3%83%97%e3%82%b4%e3%83%a0%e3%82%b7%e3%83%bc%e3%83%88/
1004,超音波洗浄器 (1漕式),세척 (1),清掃・仕上げ,お渡し前の見た目を整えやすい,청소 및 최종 마감,전달 전 외관을 정돈하기 쉬움,952000,KRW,,カタログP.240,1004_1.jpg,https://www.san-nishimura.co.jp/product/item/%e8%b6%85%e9%9f%b3%e6%b3%a2%e6%b4%97%e6%b5%84%e5%99%a8-1004/
1004-A,超音波洗浄器用架台,세척,清掃・仕上げ,お渡し前の見た目を整えやすい,청소 및 최종 마감,전달 전 외관을 정돈하기 쉬움,54700,KRW,,カタログP.240,1004-A_1.jpg,https://www.san-nishimura.co.jp/product/item/?key_word=1004-A
1005,サン消泡剤S,소포제S,レンズ加工環境の処理,清掃や設備管理を行いやすい,렌즈 가공 환경 처리,청소와 장비 관리를 하기 쉬움,56700,KRW,,カタログP.252,1005_1.jpg,https://www.san-nishimura.co.jp/product/item/%e3%82%b5%e3%83%b3%e6%b6%88%e6%b3%a1%e5%89%a4s/
1006,マルチヤットコ,멀티플라이어,鼻パッド角度調整,取付金具を安定してつかみやすい,코패드 각도 조정,장착 금구를 안정적으로 잡기 쉬움,107100,KRW,,"カタログP.127,170",1006_1.jpg,https://www.san-nishimura.co.jp/product/item/?key_word=1006
1007,水性カラーリペアセット(マット),수성컬러 pairs세트(무광),色補修,色剥げやキズを目立ちにくくしやすい,색상 보수,도장 벗겨짐과 흠집을 덜 눈에 띄게 하기 쉬움,222900,KRW,,カタログP.216,1007_1.jpg,https://www.san-nishimura.co.jp/product/item/?key_word=1007
1007-A,水性カラーリペア(ブラウン)マット,수성컬러 리페어(브라운)무광,色補修,色剥げやキズを目立ちにくくしやすい,색상 보수,도장 벗겨짐과 흠집을 덜 눈에 띄게 하기 쉬움,29300,KRW,,カタログP.216,1007-A_1.jpg,https://www.san-nishimura.co.jp/product/item/%e6%b0%b4%e6%80%a7%e3%82%ab%e3%83%a9%e3%83%bc%e3%83%aa%e3%83%9a%e3%82%a2%e3%83%9e%e3%83%83%e3%83%88%e3%82%bf%e3%82%a4%e3%83%97/
1007-B,水性カラーリペア(ダークブラウン)マット,수성컬러 리페어(브라운)무광,色補修,色剥げやキズを目立ちにくくしやすい,색상 보수,도장 벗겨짐과 흠집을 덜 눈에 띄게 하기 쉬움,29300,KRW,,カタログP.216,1007-B_1.jpg,https://www.san-nishimura.co.jp/product/item/%e6%b0%b4%e6%80%a7%e3%82%ab%e3%83%a9%e3%83%bc%e3%83%aa%e3%83%9a%e3%82%a2%e3%83%9e%e3%83%83%e3%83%88%e3%82%bf%e3%82%a4%e3%83%97/
1007-C,水性カラーリペア(グレー)マット,수성컬러 리페어(그레이)무광,色補修,色剥げやキズを目立ちにくくしやすい,색상 보수,도장 벗겨짐과 흠집을 덜 눈에 띄게 하기 쉬움,29300,KRW,,カタログP.216,1007-C_1.jpg,https://www.san-nishimura.co.jp/product/item/%e6%b0%b4%e6%80%a7%e3%82%ab%e3%83%a9%e3%83%bc%e3%83%aa%e3%83%9a%e3%82%a2%e3%83%9e%e3%83%83%e3%83%88%e3%82%bf%e3%82%a4%e3%83%97/
1007-D,水性カラーリペア(ダークグレー)マット,수성컬러 리페어(그레이)무광,色補修,色剥げやキズを目立ちにくくしやすい,색상 보수,도장 벗겨짐과 흠집을 덜 눈에 띄게 하기 쉬움,29300,KRW,,カタログP.216,1007-D_1.jpg,https://www.san-nishimura.co.jp/product/item/%e6%b0%b4%e6%80%a7%e3%82%ab%e3%83%a9%e3%83%bc%e3%83%aa%e3%83%9a%e3%82%a2%e3%83%9e%e3%83%83%e3%83%88%e3%82%bf%e3%82%a4%e3%83%97/
1007-E,水性カラーリペア(ブルー)マット,수성컬러 리페어(블루)무광,色補修,色剥げやキズを目立ちにくくしやすい,색상 보수,도장 벗겨짐과 흠집을 덜 눈에 띄게 하기 쉬움,29300,KRW,,カタログP.216,1007-E_1.jpg,https://www.san-nishimura.co.jp/product/item/%e6%b0%b4%e6%80%a7%e3%82%ab%e3%83%a9%e3%83%bc%e3%83%aa%e3%83%9a%e3%82%a2%e3%83%9e%e3%83%83%e3%83%88%e3%82%bf%e3%82%a4%e3%83%97/
1007-F,水性カラーリペア(ピンク)マット,수성컬러 리페어(핑크)무광,色補修,色剥げやキズを目立ちにくくしやすい,색상 보수,도장 벗겨짐과 흠집을 덜 눈에 띄게 하기 쉬움,29300,KRW,,カタログP.216,1007-F_1.jpg,https://www.san-nishimura.co.jp/product/item/%e6%b0%b4%e6%80%a7%e3%82%ab%e3%83%a9%e3%83%bc%e3%83%aa%e3%83%9a%e3%82%a2%e3%83%9e%e3%83%83%e3%83%88%e3%82%bf%e3%82%a4%e3%83%97/
1007-G,水性カラーリペア(レッド)マット,수성컬러 리페어(레드)무광,色補修,色剥げやキズを目立ちにくくしやすい,색상 보수,도장 벗겨짐과 흠집을 덜 눈에 띄게 하기 쉬움,29300,KRW,,カタログP.216,1007-G_1.jpg,https://www.san-nishimura.co.jp/product/item/%e6%b0%b4%e6%80%a7%e3%82%ab%e3%83%a9%e3%83%bc%e3%83%aa%e3%83%9a%e3%82%a2%e3%83%9e%e3%83%83%e3%83%88%e3%82%bf%e3%82%a4%e3%83%97/
1007-H,水性カラーリペア(艶出し),수성컬러 리페어(광택),色補修,色剥げやキズを目立ちにくくしやすい,색상 보수,도장 벗겨짐과 흠집을 덜 눈에 띄게 하기 쉬움,29300,KRW,,カタログP.216,1007-H_1.jpg,https://www.san-nishimura.co.jp/product/item/%e6%b0%b4%e6%80%a7%e3%82%ab%e3%83%a9%e3%83%bc%e3%83%aa%e3%83%9a%e3%82%a2%e8%89%b6%e5%87%ba%e3%81%97/
1007-J,水性カラーリペア(ゴールド)つやあり,수성컬러 리페어(골드),色補修,色剥げやキズを目立ちにくくしやすい,색상 보수,도장 벗겨짐과 흠집을 덜 눈에 띄게 하기 쉬움,29300,KRW,,カタログP.216,1007-J_1.jpg,https://www.san-nishimura.co.jp/product/item/%e6%b0%b4%e6%80%a7%e3%82%ab%e3%83%a9%e3%83%bc%e3%83%aa%e3%83%9a%e3%82%a2%e3%81%a4%e3%82%84%e3%81%82%e3%82%8a%e3%82%bf%e3%82%a4%e3%83%97/
1007-L,水性カラーリペア(ピンクゴールド)つやあり,수성컬러 리페어(핑크골드),色補修,色剥げやキズを目立ちにくくしやすい,색상 보수,도장 벗겨짐과 흠집을 덜 눈에 띄게 하기 쉬움,29300,KRW,,カタログP.216,1007-L_1.jpg,https://www.san-nishimura.co.jp/product/item/%e6%b0%b4%e6%80%a7%e3%82%ab%e3%83%a9%e3%83%bc%e3%83%aa%e3%83%9a%e3%82%a2%e3%81%a4%e3%82%84%e3%81%82%e3%82%8a%e3%82%bf%e3%82%a4%e3%83%97/
1007-M,水性カラーリペア(ブラック)つやあり,수성컬러 리페어(블랙),色補修,色剥げやキズを目立ちにくくしやすい,색상 보수,도장 벗겨짐과 흠집을 덜 눈에 띄게 하기 쉬움,29300,KRW,,カタログP.216,1007-M_1.jpg,https://www.san-nishimura.co.jp/product/item/%e6%b0%b4%e6%80%a7%e3%82%ab%e3%83%a9%e3%83%bc%e3%83%aa%e3%83%9a%e3%82%a2%e3%81%a4%e3%82%84%e3%81%82%e3%82%8a%e3%82%bf%e3%82%a4%e3%83%97/
1007-N,水性カラーリペア(グレー)つやあり,수성컬러 리페어(그레이),色補修,色剥げやキズを目立ちにくくしやすい,색상 보수,도장 벗겨짐과 흠집을 덜 눈에 띄게 하기 쉬움,29300,KRW,,カタログP.216,1007-N_1.jpg,https://www.san-nishimura.co.jp/product/item/%e6%b0%b4%e6%80%a7%e3%82%ab%e3%83%a9%e3%83%bc%e3%83%aa%e3%83%9a%e3%82%a2%e3%81%a4%e3%82%84%e3%81%82%e3%82%8a%e3%82%bf%e3%82%a4%e3%83%97/
1007-O,水性カラーリペア(レッドブラウン)つやあり,수성컬러 리페어(레드브라운),色補修,色剥げやキズを目立ちにくくしやすい,색상 보수,도장 벗겨짐과 흠집을 덜 눈에 띄게 하기 쉬움,29300,KRW,,カタログP.216,1007-O_1.jpg,https://www.san-nishimura.co.jp/product/item/%e6%b0%b4%e6%80%a7%e3%82%ab%e3%83%a9%e3%83%bc%e3%83%aa%e3%83%9a%e3%82%a2%e3%81%a4%e3%82%84%e3%81%82%e3%82%8a%e3%82%bf%e3%82%a4%e3%83%97/
1007-P,水性カラーリペア(クリアブラウン)つやあり,수성컬러 리페어(클리어 브라운),色補修,色剥げやキズを目立ちにくくしやすい,색상 보수,도장 벗겨짐과 흠집을 덜 눈에 띄게 하기 쉬움,29300,KRW,,カタログP.216,1007-P_1.jpg,https://www.san-nishimura.co.jp/product/item/%e6%b0%b4%e6%80%a7%e3%82%ab%e3%83%a9%e3%83%bc%e3%83%aa%e3%83%9a%e3%82%a2%e3%81%a4%e3%82%84%e3%81%82%e3%82%8a%e3%82%bf%e3%82%a4%e3%83%97/
1007-Q,水性カラーリペア(チョコレート)マット,수성컬러 리페어()무광,色補修,色剥げやキズを目立ちにくくしやすい,색상 보수,도장 벗겨짐과 흠집을 덜 눈에 띄게 하기 쉬움,29300,KRW,10本,カタログP.216,1007-Q_1.jpg,https://www.san-nishimura.co.jp/product/item/%e6%b0%b4%e6%80%a7%e3%82%ab%e3%83%a9%e3%83%bc%e3%83%aa%e3%83%9a%e3%82%a2%e3%83%9e%e3%83%83%e3%83%88%e3%82%bf%e3%82%a4%e3%83%97/
1007-R,水性カラーリペア(ワインレッド)マット,수성컬러 리페어(와인레드)무광,色補修,色剥げやキズを目立ちにくくしやすい,색상 보수,도장 벗겨짐과 흠집을 덜 눈에 띄게 하기 쉬움,29300,KRW,10本,カタログP.216,1007-R_1.jpg,https://www.san-nishimura.co.jp/product/item/%e6%b0%b4%e6%80%a7%e3%82%ab%e3%83%a9%e3%83%bc%e3%83%aa%e3%83%9a%e3%82%a2%e3%83%9e%e3%83%83%e3%83%88%e3%82%bf%e3%82%a4%e3%83%97/
1007-S,水性カラーリペア(艶消し),수성컬러 리페어(무광),色補修,色剥げやキズを目立ちにくくしやすい,색상 보수,도장 벗겨짐과 흠집을 덜 눈에 띄게 하기 쉬움,29300,KRW,,カタログP.216,1007-S_1.jpg,https://www.san-nishimura.co.jp/product/item/%e6%b0%b4%e6%80%a7%e3%82%ab%e3%83%a9%e3%83%bc%e3%83%aa%e3%83%9a%e3%82%a2%e8%89%b6%e6%b6%88%e3%81%97/
1007-Z,ハケのみ(10本入り) 748兼用,단품(10개) 748,作業補助・消耗品,店頭作業を進めやすい,작업 보조 및 소모품,매장 작업을 진행하기 쉬움,11900,KRW,10本,カタログP.216,1007-Z_1.jpg,https://www.san-nishimura.co.jp/product/item/%e3%83%8f%e3%82%b1/
1008,タッチパネルプリンター,터치 패널 프린터,商品値札の印刷,多言語の値札を作りやすい,상품 가격표 인쇄,다국어 가격표를 만들기 쉬움,3468000,KRW,,カタログP.274,1008_1.jpg,https://www.san-nishimura.co.jp/product/item/?key_word=1008
1008-A,タッチパネルプリンター専用インク 黒,전용 잉크 블랙,商品値札の印刷,多言語の値札を作りやすい,상품 가격표 인쇄,다국어 가격표를 만들기 쉬움,336600,KRW,,カタログP.274,1008-A_1.jpg,https://www.san-nishimura.co.jp/product/item/?key_word=1008-A
1008-B,タッチパネルプリンター専用インク 赤,전용 잉크 레드,商品値札の印刷,多言語の値札を作りやすい,상품 가격표 인쇄,다국어 가격표를 만들기 쉬움,336600,KRW,,カタログP.274,1008-B_1.jpg,https://www.san-nishimura.co.jp/product/item/?key_word=1008-B
1008-C,タッチパネルプリンター専用インク 青,전용 잉크 블루,商品値札の印刷,多言語の値札を作りやすい,상품 가격표 인쇄,다국어 가격표를 만들기 쉬움,336600,KRW,,カタログP.274,1008-C_1.jpg,https://www.san-nishimura.co.jp/product/item/?key_word=1008-C
1009,深視力検査器,심시력 검사기,レンズ・状態確認,店頭デモで説明しやすい,렌즈·상태 확인,매장 데모에서 설명하기 쉬움,2924000,KRW,,カタログP.198,1009_1.jpg,https://www.san-nishimura.co.jp/product/item/%e6%b7%b1%e8%a6%96%e5%8a%9b%e6%a4%9c%e6%9f%bb%e5%99%a8/
1010,省スペース吸塵バフモーター,버프 모터,レンズ・フレーム加工,加工精度や仕上がりをそろえやすい,렌즈 및 프레임 가공,가공 정밀도와 마감을 일정하게 하기 쉬움,2658800,KRW,,"カタログP.219,222",,https://www.san-nishimura.co.jp/product/item/%e7%9c%81%e3%82%b9%e3%83%9a%e3%83%bc%e3%82%b9%e5%90%b8%e5%a1%b5%e3%83%90%e3%83%95%e3%83%a2%e3%83%bc%e3%82%bf%e3%83%bc/
1010-A,フィルタースポンジ,필터 스펀지,機器部品交換・補修,機器を使い続けやすい,장비 부품 교체 및 보수,장비를 계속 사용하기 쉬움,19400,KRW,,カタログP.219,1010-A_1.jpg,https://www.san-nishimura.co.jp/product/item/?key_word=1010-A
1010-B,ワンタッチソケット,원터치,鼻パッド交換・調整,当たりと掛け心地を整えやすい,코패드 교체 및 조정,맞닿는 느낌과 착용감을 조정하기 쉬움,115300,KRW,,カタログP.219,1010-B_1.jpg,https://www.san-nishimura.co.jp/product/item/?key_word=1010-B
1011,利き目棒,주시안 확인봉,視力検査の補助,検査条件を整えやすい,시력검사 보조,검사 조건을 갖추기 쉬움,27000,KRW,,カタログP.196,1011_1.jpg,https://www.san-nishimura.co.jp/product/item/%e5%88%a9%e3%81%8d%e7%9b%ae%e6%a3%92/
1012,(+)水頭ドライバ-(小)1.8mm,(+) -(소)1.8mm,ネジ調整,日常修理をスムーズにしやすい,나사 조정,일상 수리를 원활하게 하기 쉬움,16800,KRW,,カタログP.151,1012_1.jpg,https://www.san-nishimura.co.jp/product/item/%e8%89%b2%e9%a0%ad%e3%83%89%e3%83%a9%e3%82%a4%e3%83%90%e3%83%bc/
1012G,(+)水頭ドライバ-(小)1.8mm(グリップ付),(+) -(소)1.8mm(그립포함),ネジ調整,日常修理をスムーズにしやすい,나사 조정,일상 수리를 원활하게 하기 쉬움,19700,KRW,,カタログP.151,1012G_1.jpg,https://www.san-nishimura.co.jp/product/item/?key_word=1012G
1012M,(+)水頭ドライバ-MINI(小)1.8mm,(+) -MINI(소)1.8mm,ネジ調整,日常修理をスムーズにしやすい,나사 조정,일상 수리를 원활하게 하기 쉬움,16800,KRW,,カタログP.151,1012M_1.jpg,https://www.san-nishimura.co.jp/product/item/?key_word=1012M
1012MG,(+)水頭ドライバ-MINI(小)1.8mmグリップ付,(+) -MINI(소)1.8mm그립포함,ネジ調整,日常修理をスムーズにしやすい,나사 조정,일상 수리를 원활하게 하기 쉬움,19700,KRW,,カタログP.151,1012MG_1.jpg,https://www.san-nishimura.co.jp/product/item/?key_word=1012MG
1013,ナイロール面とりヤスリ(三角),롤 줄(각형),削り・仕上げ加工,細かな形状調整と面取りをしやすい,절삭 및 마감 가공,세밀한 형상 조정과 면취가 쉬움,68400,KRW,6本,カタログP.166,1013_1.jpg,https://www.san-nishimura.co.jp/product/item/%e3%83%8a%e3%82%a4%e3%83%ad%e3%83%bc%e3%83%ab%e9%9d%a2%e3%81%a8%e3%82%8a%e3%83%a4%e3%82%b9%e3%83%aa%ef%bc%88%e3%81%95%e3%82%93%e3%81%8b%e3%81%8f%ef%bc%89/
1014,ナイロール溝掘糸ヤスリ,롤 줄,削り・仕上げ加工,細かな形状調整と面取りをしやすい,절삭 및 마감 가공,세밀한 형상 조정과 면취가 쉬움,8400,KRW,,カタログP.166,1014_1.jpg,https://www.san-nishimura.co.jp/product/item/%e3%83%8a%e3%82%a4%e3%83%ad%e3%83%bc%e3%83%ab%e6%ba%9d%e6%8e%98%e3%82%8a%e7%b3%b8%e3%83%a4%e3%82%b9%e3%83%aa/
1015-M,メガネパッケージケースM 5枚入,안경 케이스M 5 입,収納・保護,持ち帰りや保管に使いやすい,수납 및 보호,휴대와 보관에 쓰기 쉬움,13600,KRW,5枚,カタログP.100,1015-M_1.jpg,https://www.san-nishimura.co.jp/product/item/?key_word=1015-M
1015-S,メガネパッケージケースS 5枚入,안경 케이스S 5 입,収納・保護,持ち帰りや保管に使いやすい,수납 및 보호,휴대와 보관에 쓰기 쉬움,13600,KRW,5枚,カタログP.100,1015-S_1.jpg,https://www.san-nishimura.co.jp/product/item/?key_word=1015-S
1016-A,ナノコートスターター基本セット(ハードケース),세트(하드케이스),収納・保護,持ち帰りや保管に使いやすい,수납 및 보호,휴대와 보관에 쓰기 쉬움,850000,KRW,,,,https://www.san-nishimura.co.jp/product/item/?key_word=1016-A
1016-B5,ナノコート溶剤(5cc),(5cc),コーティング作業,被膜を均一に仕上げやすい,코팅 작업,피막을 균일하게 마감하기 쉬움,340000,KRW,,,,https://www.san-nishimura.co.jp/product/item/?key_word=1016-B5
1016-B10,ナノコート溶剤(10cc),(10cc),コーティング作業,被膜を均一に仕上げやすい,코팅 작업,피막을 균일하게 마감하기 쉬움,510000,KRW,,,,https://www.san-nishimura.co.jp/product/item/?key_word=1016-B10
1016-C,コーティングスポンジ 1ヶ,1,コーティング作業,被膜を均一に仕上げやすい,코팅 작업,피막을 균일하게 마감하기 쉬움,17000,KRW,1ヶ,,,https://www.san-nishimura.co.jp/product/item/?key_word=1016-C
1016-D,専用クリーナー,클리너,清掃・仕上げ,お渡し前の見た目を整えやすい,청소 및 최종 마감,전달 전 외관을 정돈하기 쉬움,17000,KRW,,,,https://www.san-nishimura.co.jp/product/item/?key_word=1016-D
1016-E,専用水,전용수,機器部品交換・補修,機器を使い続けやすい,장비 부품 교체 및 보수,장비를 계속 사용하기 쉬움,17000,KRW,,,,https://www.san-nishimura.co.jp/product/item/?key_word=1016-E
1020,ワンタッチ式マスクバンド,원터치,鼻パッド交換・調整,当たりと掛け心地を整えやすい,코패드 교체 및 조정,맞닿는 느낌과 착용감을 조정하기 쉬움,9700,KRW,,カタログP.101,1020_1.jpg,https://www.san-nishimura.co.jp/product/item/?key_word=1020
1021,サンメガ除菌PHMB,Mega제균PHMB,清掃・仕上げ,お渡し前の見た目を整えやすい,청소 및 최종 마감,전달 전 외관을 정돈하기 쉬움,31300,KRW,,カタログP.273,1021_1.jpg,https://www.san-nishimura.co.jp/product/item/%e3%82%b5%e3%83%b3%e3%83%a1%e3%82%ac%e9%99%a4%e8%8f%8cphmb%e3%83%9c%e3%83%88%e3%83%ab%e3%82%bf%e3%82%a4%e3%83%97/
1021-A,サンメガ除菌PHMB ハンディスプレー3本入,Mega제균PHMB 3개,清掃・仕上げ,お渡し前の見た目を整えやすい,청소 및 최종 마감,전달 전 외관을 정돈하기 쉬움,41100,KRW,3本,,1021-A_1.jpg,https://www.san-nishimura.co.jp/product/item/%e3%82%b5%e3%83%b3%e3%83%a1%e3%82%ac%e9%99%a4%e8%8f%8cphmb%e3%82%b9%e3%83%97%e3%83%ac%e3%83%bc%e3%82%bf%e3%82%a4%e3%83%97/
1023,ネジとーる(+),나사 (+),ネジ交換・固定,ゆるみや紛失時に対応しやすい,나사 교체 및 고정,풀림이나 분실에 대응하기 쉬움,45900,KRW,1本,"カタログP.158,213",1023_1.jpg,https://www.san-nishimura.co.jp/product/item/%e3%83%8d%e3%82%b8%e3%81%a8%e3%83%bc%e3%82%8b%e3%83%97%e3%83%a9%e3%82%b9%ef%bc%8b/
1023-A,ネジとーる(+)交換用ビット,나사 (+),機器部品交換・補修,機器を使い続けやすい,장비 부품 교체 및 보수,장비를 계속 사용하기 쉬움,16200,KRW,1本,"カタログP.158,213",1023-A_1.jpg,https://www.san-nishimura.co.jp/product/item/?key_word=1023-A
1024,トルクス木製ドライバー(T4),드라이버(T4),ネジ調整,日常修理をスムーズにしやすい,나사 조정,일상 수리를 원활하게 하기 쉬움,14700,KRW,,カタログP.153,1024_1.jpg,https://www.san-nishimura.co.jp/product/item/?key_word=1024
1025,鼻盛パッドセット,코받침 보강 패드코받침세트,鼻盛り・掛け位置調整,低い鼻当てでも掛け位置を整えやすい,코받침 보정 및 착용 위치 조정,낮은 코받침도 착용 위치를 맞추기 쉬움,31500,KRW,2組,カタログP.26,1025_1.jpg,https://www.san-nishimura.co.jp/product/item/?key_word=1025
1027,シャーペンダイヤモンドヤスリ,다이아몬드줄,削り・仕上げ加工,細かな形状調整と面取りをしやすい,절삭 및 마감 가공,세밀한 형상 조정과 면취가 쉬움,43000,KRW,6本,カタログP.166,1027_1.jpg,https://www.san-nishimura.co.jp/product/item/%e3%82%b7%e3%83%a3%e3%83%bc%e3%83%9a%e3%83%b3%e3%83%80%e3%82%a4%e3%83%a4%e3%83%a2%e3%83%b3%e3%83%89%e3%83%a4%e3%82%b9%e3%83%aa/
1027-A,シャーペンダイヤモンドヤスリ用ヤスリのみ,다이아몬드줄 줄단품,削り・仕上げ加工,細かな形状調整と面取りをしやすい,절삭 및 마감 가공,세밀한 형상 조정과 면취가 쉬움,31300,KRW,1本,カタログP.166,1027-A_1.jpg,https://www.san-nishimura.co.jp/product/item/%e3%82%b7%e3%83%a3%e3%83%bc%e3%83%9a%e3%83%b3%e3%83%80%e3%82%a4%e3%83%a4%e3%83%a2%e3%83%b3%e3%83%89%e3%83%a4%e3%82%b9%e3%83%aa/
1029,ヤットコ滑り止めシール,플라이어,工具接触面の保護,滑り止めやキズ防止を追加しやすい,공구 접촉면 보호,미끄럼 방지와 흠집 방지를 더하기 쉬움,5500,KRW,3本,カタログP.118,1029_1.jpg,https://www.san-nishimura.co.jp/product/item/%e3%83%a4%e3%83%83%e3%83%88%e3%82%b3%e6%bb%91%e3%82%8a%e6%ad%a2%e3%82%81%e3%82%b7%e3%83%bc%e3%83%ab/
1030-A,Sチャート A4サイズ,S A4,眼鏡寸法・角度の測定,必要な採寸項目をまとめて確認しやすい,안경 치수 및 각도 측정,필요한 측정 항목을 함께 확인하기 쉬움,74300,KRW,,カタログP.174,1030-A_1.jpg,https://www.san-nishimura.co.jp/product/item/s%e3%83%81%e3%83%a3%e3%83%bc%e3%83%88/
1030-A-1,Sチャート A4サイズ用シリコンシート,S A4 실리콘시트,測定チャートの滑り止め・保護,眼鏡の位置を保って測定しやすい,측정 차트 미끄럼 방지 및 보호,안경 위치를 유지해 측정하기 쉬움,28400,KRW,,カタログP.174,1030-A-1_1.png,https://www.san-nishimura.co.jp/product/item/s%e3%83%81%e3%83%a3%e3%83%bc%e3%83%88/
1030-B,Sチャート メガネサイズ,S 안경,眼鏡寸法・角度の測定,必要な採寸項目をまとめて確認しやすい,안경 치수 및 각도 측정,필요한 측정 항목을 함께 확인하기 쉬움,46900,KRW,,カタログP.174,1030-B_1.jpg,https://www.san-nishimura.co.jp/product/item/s%e3%83%81%e3%83%a3%e3%83%bc%e3%83%88/
1030-B-1,Sチャート メガネサイズ用シリコンシート,S 안경 실리콘시트,測定チャートの滑り止め・保護,眼鏡の位置を保って測定しやすい,측정 차트 미끄럼 방지 및 보호,안경 위치를 유지해 측정하기 쉬움,13300,KRW,,カタログP.174,,https://www.san-nishimura.co.jp/product/item/s%e3%83%81%e3%83%a3%e3%83%bc%e3%83%88/
1031,技能士試験工具基本セット,공구 세트,工具・部品の一括準備,必要なものをまとめて揃えやすい,공구·부품 일괄 준비,필요한 것을 한 번에 갖추기 쉬움,583100,KRW,,カタログP.172,1031_1.jpg,https://www.san-nishimura.co.jp/product/item/%e6%8a%80%e8%83%bd%e5%a3%ab%e8%a9%a6%e9%a8%93%e5%9f%ba%e6%9c%ac%e5%b7%a5%e5%85%b7%e3%82%bb%e3%83%83%e3%83%88/
1032,ガチドラ,가치도라 드라이버,ネジ調整,日常修理をスムーズにしやすい,나사 조정,일상 수리를 원활하게 하기 쉬움,51000,KRW,,"カタログP.152,170",1032_1.jpg,https://www.san-nishimura.co.jp/product/item/%e3%82%ac%e3%83%81%e3%83%89%e3%83%a9/
1032-A,ガチドラ用交換用ビット,교체용 비트,ネジ調整,日常修理をスムーズにしやすい,나사 조정,일상 수리를 원활하게 하기 쉬움,14500,KRW,,カタログP.152,1032-A_1.jpg,https://www.san-nishimura.co.jp/product/item/?key_word=1032-A
1033,パーツ類洗浄器具,부품 세척,清掃・仕上げ,お渡し前の見た目を整えやすい,청소 및 최종 마감,전달 전 외관을 정돈하기 쉬움,14700,KRW,,カタログP.243,1033_1.jpg,https://www.san-nishimura.co.jp/product/item/?key_word=1033
1034,レンズ保護テープ(低粘着),렌즈보호테이프(),作業時の保護,キズや汚れを防ぎやすい,작업 중 보호,흠집과 오염을 막기 쉬움,29300,KRW,,"カタログP.246,247,249",1034_1.jpg,https://www.san-nishimura.co.jp/product/item/%e3%83%ac%e3%83%b3%e3%82%ba%e4%bf%9d%e8%ad%b7%e3%83%86%e3%83%bc%e3%83%97%e4%bd%8e%e7%b2%98%e7%9d%80/
1035-CR,クラフトギフトバッグ50枚,기프트백50,収納・保護,持ち帰りや保管に使いやすい,수납 및 보호,휴대와 보관에 쓰기 쉬움,67200,KRW,50枚,"カタログP.271,279",1035-CR_1.jpg,https://www.san-nishimura.co.jp/product/item/%e3%82%af%e3%83%a9%e3%83%95%e3%83%88%e3%82%ae%e3%83%95%e3%83%88%e3%83%90%e3%83%83%e3%82%b0/
1035-MO,モノクロギフトバッグ50枚,기프트백50,収納・保護,持ち帰りや保管に使いやすい,수납 및 보호,휴대와 보관에 쓰기 쉬움,67200,KRW,50枚,"カタログP.271,279",1035-MO_1.jpg,https://www.san-nishimura.co.jp/product/item/%e3%83%a2%e3%83%8e%e3%82%af%e3%83%ad%e3%82%ae%e3%83%95%e3%83%88%e3%83%90%e3%83%83%e3%82%b0/
1036,耐水ペーパー アソートセット(各2枚×8種),방수 사포 세트(2 ×8),削り・仕上げ加工,細かな形状調整と面取りをしやすい,절삭 및 마감 가공,세밀한 형상 조정과 면취가 쉬움,8200,KRW,2枚,カタログP.226,1036_1.jpg,https://www.san-nishimura.co.jp/product/item/?key_word=1036
1036-400,耐水ペーパー #400 10枚入,방수 사포 #400 10 입,削り・仕上げ加工,細かな形状調整と面取りをしやすい,절삭 및 마감 가공,세밀한 형상 조정과 면취가 쉬움,4800,KRW,10枚,,1036-400_1.jpg,https://www.san-nishimura.co.jp/product/item/?key_word=1036-400
1036-500,耐水ペーパー #500 10枚入,방수 사포 #500 10 입,削り・仕上げ加工,細かな形状調整と面取りをしやすい,절삭 및 마감 가공,세밀한 형상 조정과 면취가 쉬움,4800,KRW,10枚,,1036-500_1.jpg,https://www.san-nishimura.co.jp/product/item/?key_word=1036-500
1036-600,耐水ペーパー #600 10枚入,방수 사포 #600 10 입,削り・仕上げ加工,細かな形状調整と面取りをしやすい,절삭 및 마감 가공,세밀한 형상 조정과 면취가 쉬움,4800,KRW,10枚,,1036-600_1.jpg,https://www.san-nishimura.co.jp/product/item/?key_word=1036-600
1036-800,耐水ペーパー #800 10枚入,방수 사포 #800 10 입,削り・仕上げ加工,細かな形状調整と面取りをしやすい,절삭 및 마감 가공,세밀한 형상 조정과 면취가 쉬움,4800,KRW,10枚,,1036-800_1.jpg,https://www.san-nishimura.co.jp/product/item/?key_word=1036-800
1036-1000,耐水ペーパー #1000 10枚入,방수 사포 #1000 10 입,削り・仕上げ加工,細かな形状調整と面取りをしやすい,절삭 및 마감 가공,세밀한 형상 조정과 면취가 쉬움,5600,KRW,10枚,,1036-1000_1.jpg,https://www.san-nishimura.co.jp/product/item/?key_word=1036-1000
1036-1200,耐水ペーパー #1200 10枚入,방수 사포 #1200 10 입,削り・仕上げ加工,細かな形状調整と面取りをしやすい,절삭 및 마감 가공,세밀한 형상 조정과 면취가 쉬움,6000,KRW,10枚,,1036-1200_1.jpg,https://www.san-nishimura.co.jp/product/item/?key_word=1036-1200
1036-1500,耐水ペーパー #1500 10枚入,방수 사포 #1500 10 입,削り・仕上げ加工,細かな形状調整と面取りをしやすい,절삭 및 마감 가공,세밀한 형상 조정과 면취가 쉬움,6000,KRW,10枚,,1036-1500_1.jpg,https://www.san-nishimura.co.jp/product/item/?key_word=1036-1500
1036-2000,耐水ペーパー #2000 10枚入,방수 사포 #2000 10 입,削り・仕上げ加工,細かな形状調整と面取りをしやすい,절삭 및 마감 가공,세밀한 형상 조정과 면취가 쉬움,6500,KRW,10枚,,1036-2000_1.jpg,https://www.san-nishimura.co.jp/product/item/?key_word=1036-2000
1037,ハンディ グラス ケアセット,안경 세트,研磨・艶出し,キズやくすみを整えやすい,연마 및 광택 마감,흠집과 칙칙함을 정돈하기 쉬움,81600,KRW,,カタログP.226,1037_1.jpg,https://www.san-nishimura.co.jp/product/item/%e3%83%8f%e3%83%b3%e3%83%87%e3%82%a3%e3%82%b0%e3%83%a9%e3%82%b9%e3%82%b1%e3%82%a2%e3%82%bb%e3%83%83%e3%83%88/
1037-A,フレキシブルサンドペーパーアソートセット(各1枚×10種),플렉시블 사포 세트(1 ×10),研磨・艶出し,キズやくすみを整えやすい,연마 및 광택 마감,흠집과 칙칙함을 정돈하기 쉬움,17900,KRW,1枚,"カタログP.224,226",1037-A_1.jpg,https://www.san-nishimura.co.jp/product/item/%e3%83%95%e3%83%ac%e3%82%ad%e3%82%b7%e3%83%96%e3%83%ab%e3%82%b5%e3%83%b3%e3%83%89%e3%83%9a%e3%83%bc%e3%83%91%e3%83%bc%e3%82%a2%e3%82%bd%e3%83%bc%e3%83%88%e3%82%bb%e3%83%83%e3%83%88/
1037-A-360,フレキシブルサンドペーパー#360 5枚入ターコイズブルー,플렉시블 사포#360 5 입 블루,削り・仕上げ加工,細かな形状調整と面取りをしやすい,절삭 및 마감 가공,세밀한 형상 조정과 면취가 쉬움,8500,KRW,5枚,,1037-A-360_1.jpg,https://www.san-nishimura.co.jp/product/item/?key_word=1037-A-360
1037-A-500,フレキシブルサンドペーパー#500 5枚入スカイブルー,플렉시블 사포#500 5 입 블루,削り・仕上げ加工,細かな形状調整と面取りをしやすい,절삭 및 마감 가공,세밀한 형상 조정과 면취가 쉬움,8500,KRW,5枚,,1037-A-500_1.jpg,https://www.san-nishimura.co.jp/product/item/?key_word=1037-A-500
1037-A-600,フレキシブルサンドペーパー#600 5枚入ライトブルー,플렉시블 사포#600 5 입라이트 블루,削り・仕上げ加工,細かな形状調整と面取りをしやすい,절삭 및 마감 가공,세밀한 형상 조정과 면취가 쉬움,8500,KRW,5枚,,1037-A-600_1.jpg,https://www.san-nishimura.co.jp/product/item/?key_word=1037-A-600
1037-A-800,フレキシブルサンドペーパー#800 5枚入イエロー,플렉시블 사포#800 5 입옐로,削り・仕上げ加工,細かな形状調整と面取りをしやすい,절삭 및 마감 가공,세밀한 형상 조정과 면취가 쉬움,8500,KRW,5枚,,1037-A-800_1.jpg,https://www.san-nishimura.co.jp/product/item/?key_word=1037-A-800
1037-A-1000,フレキシブルサンドペーパー#1000 5枚入ライトグリーン,플렉시블 사포#1000 5 입라이트그린,削り・仕上げ加工,細かな形状調整と面取りをしやすい,절삭 및 마감 가공,세밀한 형상 조정과 면취가 쉬움,8500,KRW,5枚,,1037-A-1000_1.jpg,https://www.san-nishimura.co.jp/product/item/?key_word=1037-A-1000
1037-A-1200,フレキシブルサンドペーパー#1200 5枚入オレンジ,플렉시블 사포#1200 5 입오렌지,削り・仕上げ加工,細かな形状調整と面取りをしやすい,절삭 및 마감 가공,세밀한 형상 조정과 면취가 쉬움,8500,KRW,5枚,,1037-A-1200_1.jpg,https://www.san-nishimura.co.jp/product/item/?key_word=1037-A-1200
1037-A-1500,フレキシブルサンドペーパー#1500 5枚入ピンク,플렉시블 사포#1500 5 입핑크,削り・仕上げ加工,細かな形状調整と面取りをしやすい,절삭 및 마감 가공,세밀한 형상 조정과 면취가 쉬움,9400,KRW,5枚,,1037-A-1500_1.jpg,https://www.san-nishimura.co.jp/product/item/?key_word=1037-A-1500
1037-A-2000,フレキシブルサンドペーパー#2000 5枚入ライトグレー,플렉시블 사포#2000 5 입라이트그레이,削り・仕上げ加工,細かな形状調整と面取りをしやすい,절삭 및 마감 가공,세밀한 형상 조정과 면취가 쉬움,10200,KRW,5枚,,1037-A-2000_1.jpg,https://www.san-nishimura.co.jp/product/item/?key_word=1037-A-2000
1037-A-2500,フレキシブルサンドペーパー#2500 5枚入ブルーグレー,플렉시블 사포#2500 5 입블루그레이,削り・仕上げ加工,細かな形状調整と面取りをしやすい,절삭 및 마감 가공,세밀한 형상 조정과 면취가 쉬움,10200,KRW,5枚,,1037-A-2500_1.jpg,https://www.san-nishimura.co.jp/product/item/?key_word=1037-A-2500
1037-A-3000,フレキシブルサンドペーパー#3000 5枚入ダークグレー,플렉시블 사포#3000 5 입 그레이,削り・仕上げ加工,細かな形状調整と面取りをしやすい,절삭 및 마감 가공,세밀한 형상 조정과 면취가 쉬움,10200,KRW,5枚,,1037-A-3000_1.jpg,https://www.san-nishimura.co.jp/product/item/?key_word=1037-A-3000
1037-AB,フレキシブルサンドペーパーアソート&パッドセット,플렉시블 사포 &코받침세트,鼻パッド交換・調整,当たりと掛け心地を整えやすい,코패드 교체 및 조정,맞닿는 느낌과 착용감을 조정하기 쉬움,40800,KRW,,カタログP.226,1037-AB_1.jpg,https://www.san-nishimura.co.jp/product/item/?key_word=1037-AB
1037-B,フレキシブルサンドペーパー用パッド,플렉시블 사포 코받침,研磨・艶出し,キズやくすみを整えやすい,연마 및 광택 마감,흠집과 칙칙함을 정돈하기 쉬움,23800,KRW,1枚,"カタログP.224,226",1037-B_1.jpg,https://www.san-nishimura.co.jp/product/item/%e3%83%95%e3%83%ac%e3%82%ad%e3%82%b7%e3%83%96%e3%83%ab%e3%82%b5%e3%83%b3%e3%83%89%e3%83%9a%e3%83%bc%e3%83%91%e3%83%bc%e7%94%a8%e3%83%91%e3%83%83%e3%83%89/
1037-N,ワンショットポリッシャー ノーマル,원샷 폴리셔 노멀,研磨・艶出し,キズやくすみを整えやすい,연마 및 광택 마감,흠집과 칙칙함을 정돈하기 쉬움,28100,KRW,,"カタログP.225,226",1037-N_1.jpg,https://www.san-nishimura.co.jp/product/item/%e3%83%af%e3%83%b3%e3%82%b7%e3%83%a7%e3%83%83%e3%83%88%e3%83%9d%e3%83%aa%e3%83%83%e3%82%b7%e3%83%a3%e3%83%bc%ef%bc%88%e3%83%8e%e3%83%bc%e3%83%9e%e3%83%ab%ef%bc%89-2/
1037-P,ワンショットポリッシャー プロ,원샷 폴리셔 프로,研磨・艶出し,キズやくすみを整えやすい,연마 및 광택 마감,흠집과 칙칙함을 정돈하기 쉬움,34000,KRW,,カタログP.225,1037-P_1.jpg,https://www.san-nishimura.co.jp/product/item/%e3%83%af%e3%83%b3%e3%82%b7%e3%83%a7%e3%83%83%e3%83%88%e3%83%9d%e3%83%aa%e3%83%83%e3%82%b7%e3%83%a3%e3%83%bc%ef%bc%88%e3%83%97%e3%83%ad%ef%bc%89/
1037-H,ワンショットポリッシャーハード,하드,研磨・艶出し,キズやくすみを整えやすい,연마 및 광택 마감,흠집과 칙칙함을 정돈하기 쉬움,34000,KRW,,カタログP.225,1037-H_1.jpg,https://www.san-nishimura.co.jp/product/item/%e3%83%af%e3%83%b3%e3%82%b7%e3%83%a7%e3%83%83%e3%83%88%e3%83%9d%e3%83%aa%e3%83%83%e3%82%b7%e3%83%a3%e3%83%bc%ef%bc%88%e3%83%8f%e3%83%bc%e3%83%89%ef%bc%89/
1037-S,ハンディバフ,버프,研磨・艶出し,キズやくすみを整えやすい,연마 및 광택 마감,흠집과 칙칙함을 정돈하기 쉬움,20400,KRW,,"カタログP.225,226",1037-S_1.jpg,https://www.san-nishimura.co.jp/product/item/%e3%83%8f%e3%83%b3%e3%83%87%e3%82%a3%e3%83%90%e3%83%95/
1037-NS,ワンショットポリッシャー ノーマル&ハンディバフセット,& 버프세트,研磨・艶出し,キズやくすみを整えやすい,연마 및 광택 마감,흠집과 칙칙함을 정돈하기 쉬움,42500,KRW,,カタログP.226,1037-NS_1.jpg,https://www.san-nishimura.co.jp/product/item/?key_word=1037-NS
1037-PS,ワンショットポリッシャー プロ&ハンディバフセット,& 버프세트,研磨・艶出し,キズやくすみを整えやすい,연마 및 광택 마감,흠집과 칙칙함을 정돈하기 쉬움,49300,KRW,,カタログP.226,1037-PS_1.jpg,https://www.san-nishimura.co.jp/product/item/?key_word=1037-PS
1037-HS,ワンショットポリッシャーハード&ハンディバフセット,하드& 버프세트,研磨・艶出し,キズやくすみを整えやすい,연마 및 광택 마감,흠집과 칙칙함을 정돈하기 쉬움,49300,KRW,10枚,カタログP.226,1037-HS_1.jpg,https://www.san-nishimura.co.jp/product/item/?key_word=1037-HS
1038,クビフリー25組入,25 입,貼るフィット調整,加工なしでズレや当たりを調整しやすい,부착식 피팅 조정,가공 없이 흘러내림과 닿는 느낌을 조정하기 쉬움,53600,KRW,25組,カタログP.83,1038_1.jpg,https://www.san-nishimura.co.jp/product/item/%e3%82%af%e3%83%93%e3%83%95%e3%83%aa%e3%83%bc/
1038-A,クビフリー50組入,50 입,貼るフィット調整,加工なしでズレや当たりを調整しやすい,부착식 피팅 조정,가공 없이 흘러내림과 닿는 느낌을 조정하기 쉬움,79900,KRW,50組,カタログP.83,,https://www.san-nishimura.co.jp/product/item/?key_word=1038-A
1039,ガチドラZARA(ザラ),ZARA(),ネジ調整,日常修理をスムーズにしやすい,나사 조정,일상 수리를 원활하게 하기 쉬움,56100,KRW,,"カタログP.152,170",1039_1.jpg,https://www.san-nishimura.co.jp/product/item/%e3%82%ac%e3%83%81%e3%83%89%e3%83%a9zara/
1039-A,ガチドラZARAザラ用交換用ビット,ZARA,ネジ調整,日常修理をスムーズにしやすい,나사 조정,일상 수리를 원활하게 하기 쉬움,22100,KRW,,カタログP.152,1039-A_1.jpg,https://www.san-nishimura.co.jp/product/item/?key_word=1039-A
1040,E・P(アイポイント)シール10枚入,E·P(아이포인트) 스티커 10매,アイポイント・PD確認,確認作業の効率と精度を高めやすい,아이포인트 및 PD 확인,확인 효율과 정확도를 높이기 쉬움,6800,KRW,10枚,カタログP.175,1040_1.jpg,https://www.san-nishimura.co.jp/product/item/e-p%e3%82%b7%e3%83%bc%e3%83%ab/
1040-S,E・P(アイポイント)シール50枚,E·P(아이포인트) 스티커 50매,アイポイント・PD確認,確認作業の効率と精度を高めやすい,아이포인트 및 PD 확인,확인 효율과 정확도를 높이기 쉬움,32300,KRW,50枚,カタログP.175,,https://www.san-nishimura.co.jp/product/item/?key_word=1040-S
1040-A,E・P(アイポイント)シール100枚,E·P(아이포인트) 스티커 100매,アイポイント・PD確認,確認作業の効率と精度を高めやすい,아이포인트 및 PD 확인,확인 효율과 정확도를 높이기 쉬움,62900,KRW,100枚,カタログP.175,,https://www.san-nishimura.co.jp/product/item/?key_word=1040-A
1041,トルディ,토르디,清掃・仕上げ,お渡し前の見た目を整えやすい,청소 및 최종 마감,전달 전 외관을 정돈하기 쉬움,4800,KRW,1枚,カタログP.98,1041_1.jpg,https://www.san-nishimura.co.jp/product/item/%e3%83%88%e3%83%ab%e3%83%87%e3%82%a3/
1042N,ナイロールストッパーバーナー,롤,ナイロール端処理,テグス端を安定して処理しやすい,나일론 림 줄 끝 처리,줄 끝을 안정적으로 처리하기 쉬움,59500,KRW,,カタログP.60,1042N_1.jpg,https://www.san-nishimura.co.jp/product/item/nsb/
1043-BK,メガロックバランス(ブラック),Mega잠금 (블랙),ズレ落ち防止,日常の掛け心地を安定させやすい,흘러내림 방지,일상 착용감을 안정시키기 쉬움,68000,KRW,8ペア,カタログP.74,1043-BK_1.jpg,https://www.san-nishimura.co.jp/product/item/%e3%83%a1%e3%82%ac%e3%83%ad%e3%83%83%e3%82%af%e3%83%90%e3%83%a9%e3%83%b3%e3%82%b9/
1043-BE,メガロックバランス(ベージュ),Mega잠금 (베이지),ズレ落ち防止,日常の掛け心地を安定させやすい,흘러내림 방지,일상 착용감을 안정시키기 쉬움,68000,KRW,8ペア,カタログP.74,1043-BE_1.png,https://www.san-nishimura.co.jp/product/item/%e3%83%a1%e3%82%ac%e3%83%ad%e3%83%83%e3%82%af%e3%83%90%e3%83%a9%e3%83%b3%e3%82%b9/
1043-GL,メガロックバランス(グレー),Mega잠금 (그레이),ズレ落ち防止,日常の掛け心地を安定させやすい,흘러내림 방지,일상 착용감을 안정시키기 쉬움,68000,KRW,8ペア,カタログP.74,1043-GL_1.png,https://www.san-nishimura.co.jp/product/item/%e3%83%a1%e3%82%ac%e3%83%ad%e3%83%83%e3%82%af%e3%83%90%e3%83%a9%e3%83%b3%e3%82%b9/
1044,グラスガードテープ,안경 테이프,工具整理・収納,必要な工具を取り出しやすい,공구 정리 및 수납,필요한 공구를 꺼내기 쉬움,16700,KRW,,"カタログP.249,251",1044_1.jpg,https://www.san-nishimura.co.jp/product/item/%e3%82%b0%e3%83%a9%e3%82%b9%e3%82%ac%e3%83%bc%e3%83%89%e3%83%86%e3%83%bc%e3%83%97/
1045,グラスガードテープカッター,안경 테이프,工具整理・収納,必要な工具を取り出しやすい,공구 정리 및 수납,필요한 공구를 꺼내기 쉬움,108800,KRW,,"カタログP.249,251",1045_1.jpg,https://www.san-nishimura.co.jp/product/item/%e3%82%b0%e3%83%a9%e3%82%b9%e3%82%ac%e3%83%bc%e3%83%89%e3%83%86%e3%83%bc%e3%83%97%e3%82%ab%e3%83%83%e3%82%bf%e3%83%bc/
1046,強力喰い切りニッパー,니퍼,カット加工,狙った位置を切りやすい,절단 가공,원하는 위치를 자르기 쉬움,107100,KRW,,"カタログP.146,170",1046_1.jpg,https://www.san-nishimura.co.jp/product/item/%e5%bc%b7%e5%8a%9b%e5%96%b0%e3%81%84%e5%88%87%e3%82%8a%e3%83%8b%e3%83%83%e3%83%91%e3%83%bc/
1047,テンプルカットニッパー,니퍼,カット加工,狙った位置を切りやすい,절단 가공,원하는 위치를 자르기 쉬움,81600,KRW,,カタログP.146,1047_1.jpg,https://www.san-nishimura.co.jp/product/item/%e3%83%86%e3%83%b3%e3%83%97%e3%83%ab%e3%82%ab%e3%83%83%e3%83%88%e3%83%8b%e3%83%83%e3%83%91%e3%83%bc/
1048,強力テンプルカットニッパー,니퍼,カット加工,狙った位置を切りやすい,절단 가공,원하는 위치를 자르기 쉬움,212500,KRW,,カタログP.146,1048_1.jpg,https://www.san-nishimura.co.jp/product/item/%e5%bc%b7%e5%8a%9b%e3%83%86%e3%83%b3%e3%83%97%e3%83%ab%e3%82%ab%e3%83%83%e3%83%88%e3%83%8b%e3%83%83%e3%83%91%e3%83%bc/
1049-A,セーム革 鹿革眼鏡拭き 12×12cm,세무 가죽 천 사슴가죽안경닦이 12×12cm,清掃・仕上げ,お渡し前の見た目を整えやすい,청소 및 최종 마감,전달 전 외관을 정돈하기 쉬움,8800,KRW,1枚,カタログP.98,1049-A_1.jpg,https://www.san-nishimura.co.jp/product/item/?key_word=1049-A
1049-B,セーム革 鹿革眼鏡拭き 20×20cm,세무 가죽 천 사슴가죽안경닦이 20×20cm,清掃・仕上げ,お渡し前の見た目を整えやすい,청소 및 최종 마감,전달 전 외관을 정돈하기 쉬움,25200,KRW,1枚,カタログP.98,1049-B_1.jpg,https://www.san-nishimura.co.jp/product/item/?key_word=1049-B
1050,フレームコートセット (6本入),프레임 세트 (6개),フレーム表面の保護,汗や肌接触による劣化を抑えやすい,안경테 표면 보호,땀과 피부 접촉으로 인한 열화를 줄이기 쉬움,163200,KRW,6本,カタログP.104,1050_1.jpg,https://www.san-nishimura.co.jp/product/item/%e3%83%95%e3%83%ac%e3%83%bc%e3%83%a0%e3%82%b3%e3%83%bc%e3%83%88/
1050-A,フレームコート 単品,프레임,フレーム表面の保護,汗や肌接触による劣化を抑えやすい,안경테 표면 보호,땀과 피부 접촉으로 인한 열화를 줄이기 쉬움,27500,KRW,6本,カタログP.104,1050-A_1.jpg,https://www.san-nishimura.co.jp/product/item/%e3%83%95%e3%83%ac%e3%83%bc%e3%83%a0%e3%82%b3%e3%83%bc%e3%83%88/
1051-A,牛革接客トレーA4ブラウン,가죽 안경 트레이A4브라운,展示・販売促進,商品やサービスを見せやすい,진열 및 판매 촉진,상품과 서비스를 보여주기 쉬움,209100,KRW,,カタログP.270,1051-A_1.jpg,https://www.san-nishimura.co.jp/product/item/%e7%89%9b%e9%9d%a9%e6%8e%a5%e5%ae%a2%e3%83%88%e3%83%ac%e3%83%bc/
1051-B,牛革接客トレーB5ダークブルー,가죽 안경 트레이B5다크 블루,展示・販売促進,商品やサービスを見せやすい,진열 및 판매 촉진,상품과 서비스를 보여주기 쉬움,168300,KRW,,カタログP.270,1051-B_1.jpg,https://www.san-nishimura.co.jp/product/item/%e7%89%9b%e9%9d%a9%e6%8e%a5%e5%ae%a2%e3%83%88%e3%83%ac%e3%83%bc/
1052,累進マークチェックライト,누진마크 체크 라이트,レンズ・状態確認,店頭デモで説明しやすい,렌즈·상태 확인,매장 데모에서 설명하기 쉬움,127500,KRW,,カタログP.178,1052_1.jpg,https://www.san-nishimura.co.jp/product/item/%e7%b4%af%e9%80%b2%e3%83%9e%e3%83%bc%e3%82%af%e3%83%81%e3%82%a7%e3%83%83%e3%82%af%e3%83%a9%e3%82%a4%e3%83%88/
1052-1,本体のみ,본체만,レンズ・状態確認,店頭デモで説明しやすい,렌즈·상태 확인,매장 데모에서 설명하기 쉬움,78200,KRW,,カタログP.178,1052-1_1.jpg,https://www.san-nishimura.co.jp/product/item/?key_word=1052-1
1052-A,充電池,충전 배터리,電源・電池交換,機器をすぐ使える状態にしやすい,전원 및 배터리 교체,기기를 바로 쓸 수 있게 하기 쉬움,33200,KRW,,カタログP.178,1052-A_1.jpg,https://www.san-nishimura.co.jp/product/item/?key_word=1052-A
1052-B,USB充電器,USB 충전기,電源・電池交換,機器をすぐ使える状態にしやすい,전원 및 배터리 교체,기기를 바로 쓸 수 있게 하기 쉬움,16200,KRW,,カタログP.178,1052-B_1.jpg,https://www.san-nishimura.co.jp/product/item/?key_word=1052-B
1053,ヤットコ,푸시록 패드 조정 플라이어,プッシュロックパッド調整,カラー剥げや傷を抑えて調整しやすい,푸시록 패드 조정,흠집과 도장 벗겨짐을 줄이며 조정하기 쉬움,83300,KRW,,カタログP.126,1053_1.jpg,https://www.san-nishimura.co.jp/product/item/%e3%83%a4%e3%83%83%e3%83%88%e3%82%b3-1053/
1054,ヤットコ,두 갈래 패드 다리 조정 플라이어,2本ダキ足パッド調整,抱き込み部分の緩みを防ぎやすい,두 갈래 패드 다리 조정,감싸는 부분의 풀림을 줄이기 쉬움,88400,KRW,,カタログP.126,1054_1.jpg,https://www.san-nishimura.co.jp/product/item/%e3%83%a4%e3%83%83%e3%83%88%e3%82%b3-1054/
1055,モダン調整ツール,팁 조정 도구,モダン曲げ補助,指を保護しながら曲げやすい,모던 굽힘 보조,손가락을 보호하면서 굽히기 쉬움,42500,KRW,,カタログP.138,1055_1.jpg,https://www.san-nishimura.co.jp/product/item/%e3%83%a2%e3%83%80%e3%83%b3%e8%aa%bf%e6%95%b4%e3%83%84%e3%83%bc%e3%83%ab/
1056-A,偏光オーバーサングラス スモーク,선글라스,日差し・まぶしさ対策,用途や濃度を説明しやすい,햇빛·눈부심 대책,용도와 농도를 설명하기 쉬움,51000,KRW,,カタログP.108,1056-A_1.jpg,https://www.san-nishimura.co.jp/product/item/%e5%81%8f%e5%85%89%e3%82%aa%e3%83%bc%e3%83%90%e3%83%bc%e3%82%b0%e3%83%a9%e3%82%b9/
1056-B,偏光オーバーサングラス ブラウン,선글라스 브라운,日差し・まぶしさ対策,用途や濃度を説明しやすい,햇빛·눈부심 대책,용도와 농도를 설명하기 쉬움,51000,KRW,,カタログP.108,1056-B_1.jpg,https://www.san-nishimura.co.jp/product/item/%e5%81%8f%e5%85%89%e3%82%aa%e3%83%bc%e3%83%90%e3%83%bc%e3%82%b0%e3%83%a9%e3%82%b9/
1056-C,偏光オーバーサングラス スモーク,선글라스,日差し・まぶしさ対策,用途や濃度を説明しやすい,햇빛·눈부심 대책,용도와 농도를 설명하기 쉬움,56100,KRW,,カタログP.108,1056-C_1.jpg,https://www.san-nishimura.co.jp/product/item/%e5%81%8f%e5%85%89%e3%82%aa%e3%83%bc%e3%83%90%e3%83%bc%e3%82%b0%e3%83%a9%e3%82%b9/
1056-D,偏光オーバーサングラス ライトスモーク,선글라스 라이트,日差し・まぶしさ対策,用途や濃度を説明しやすい,햇빛·눈부심 대책,용도와 농도를 설명하기 쉬움,56100,KRW,,カタログP.108,1056-D_1.jpg,https://www.san-nishimura.co.jp/product/item/%e5%81%8f%e5%85%89%e3%82%aa%e3%83%bc%e3%83%90%e3%83%bc%e3%82%b0%e3%83%a9%e3%82%b9/
1056-E,偏光オーバーサングラス スモーク,선글라스,日差し・まぶしさ対策,用途や濃度を説明しやすい,햇빛·눈부심 대책,용도와 농도를 설명하기 쉬움,56100,KRW,,カタログP.108,1056-E_1.jpg,https://www.san-nishimura.co.jp/product/item/%e5%81%8f%e5%85%89%e3%82%aa%e3%83%bc%e3%83%90%e3%83%bc%e3%82%b0%e3%83%a9%e3%82%b9/
1056-F,偏光オーバーサングラス ライトスモーク,선글라스 라이트,日差し・まぶしさ対策,用途や濃度を説明しやすい,햇빛·눈부심 대책,용도와 농도를 설명하기 쉬움,56100,KRW,,カタログP.108,1056-F_1.jpg,https://www.san-nishimura.co.jp/product/item/%e5%81%8f%e5%85%89%e3%82%aa%e3%83%bc%e3%83%90%e3%83%bc%e3%82%b0%e3%83%a9%e3%82%b9/
1056-G,偏光オーバーサングラス スモーク (跳上式),선글라스 (),日差し・まぶしさ対策,用途や濃度を説明しやすい,햇빛·눈부심 대책,용도와 농도를 설명하기 쉬움,69400,KRW,,カタログP.108,1056-G_1.jpg,https://www.san-nishimura.co.jp/product/item/%e5%81%8f%e5%85%89%e3%82%aa%e3%83%bc%e3%83%90%e3%83%bc%e3%82%b0%e3%83%a9%e3%82%b9/
1056-H,偏光オーバーサングラス ブラウン (跳上式),선글라스 브라운 (),日差し・まぶしさ対策,用途や濃度を説明しやすい,햇빛·눈부심 대책,용도와 농도를 설명하기 쉬움,69400,KRW,,カタログP.108,1056-H_1.jpg,https://www.san-nishimura.co.jp/product/item/%e5%81%8f%e5%85%89%e3%82%aa%e3%83%bc%e3%83%90%e3%83%bc%e3%82%b0%e3%83%a9%e3%82%b9/
1056-I,偏光オーバーサングラス 夜間対応 イエロー 弱(裏面 ARコート付),선글라스 옐로 (AR 포함),日差し・まぶしさ対策,用途や濃度を説明しやすい,햇빛·눈부심 대책,용도와 농도를 설명하기 쉬움,64300,KRW,,カタログP.108,1056-I_1.jpg,https://www.san-nishimura.co.jp/product/item/%e5%81%8f%e5%85%89%e3%82%aa%e3%83%bc%e3%83%90%e3%83%bc%e3%82%b0%e3%83%a9%e3%82%b9/
1057,工具セット(26点セット),공구 세트(26 세트),工具・部品の一括準備,必要なものをまとめて揃えやすい,공구·부품 일괄 준비,필요한 것을 한 번에 갖추기 쉬움,1445000,KRW,,カタログP.170,1057_1.jpg,https://www.san-nishimura.co.jp/product/item/%e5%b7%a5%e5%85%b7%e3%82%bb%e3%83%83%e3%83%8826%e7%82%b9/
1058,工具セット(32点セット),공구 세트(32 세트),工具・部品の一括準備,必要なものをまとめて揃えやすい,공구·부품 일괄 준비,필요한 것을 한 번에 갖추기 쉬움,1836000,KRW,,カタログP.170,1058_1.jpg,https://www.san-nishimura.co.jp/product/item/%e5%b7%a5%e5%85%b7%e3%82%bb%e3%83%83%e3%83%8832%e7%82%b9/
1059,工具セット(17点セット),공구 세트(17 세트),工具・部品の一括準備,必要なものをまとめて揃えやすい,공구·부품 일괄 준비,필요한 것을 한 번에 갖추기 쉬움,1013200,KRW,,カタログP.170,1059_1.jpg,https://www.san-nishimura.co.jp/product/item/%e5%b7%a5%e5%85%b7%e3%82%bb%e3%83%83%e3%83%8817%e7%82%b9/
1060,シリコンパッドセット,실리콘코받침세트,鼻パッド交換・調整,当たりと掛け心地を整えやすい,코패드 교체 및 조정,맞닿는 느낌과 착용감을 조정하기 쉬움,109500,KRW,,カタログP.20,1060_1.jpg,https://www.san-nishimura.co.jp/product/item/%e3%82%b7%e3%83%aa%e3%82%b3%e3%83%b3%e3%83%91%e3%83%83%e3%83%88%e3%82%bb%e3%83%83%e3%83%88/
1061,特殊パッドセット,코받침세트,鼻パッド交換・調整,当たりと掛け心地を整えやすい,코패드 교체 및 조정,맞닿는 느낌과 착용감을 조정하기 쉬움,111700,KRW,,カタログP.20,1061_1.jpg,https://www.san-nishimura.co.jp/product/item/%e7%89%b9%e6%ae%8a%e3%83%91%e3%83%83%e3%83%88%e3%82%bb%e3%83%83%e3%83%88/
1062,優眠,유민 컴포트 제품,眼鏡フレームの提案,用途と掛け心地に合う一本を選びやすい,안경 프레임 제안,용도와 착용감에 맞는 프레임을 고르기 쉬움,168300,KRW,,カタログP.104,1062_1.jpg,https://www.san-nishimura.co.jp/product/item/%e5%84%aa%e7%9c%a0/
1062-2,優眠 フロント,프런트,眼鏡フレームの提案,用途と掛け心地に合う一本を選びやすい,안경 프레임 제안,용도와 착용감에 맞는 프레임을 고르기 쉬움,96900,KRW,,カタログP.104,1062-2_1.jpg,https://www.san-nishimura.co.jp/product/item/?key_word=1062-2
1062-3,優眠 パッド,코받침,眼鏡フレームの提案,用途と掛け心地に合う一本を選びやすい,안경 프레임 제안,용도와 착용감에 맞는 프레임을 고르기 쉬움,30600,KRW,1個,カタログP.104,1062-3_1.jpg,https://www.san-nishimura.co.jp/product/item/?key_word=1062-3
1062-4,優眠 テンプル(メガロック付き),(Mega잠금포함),眼鏡フレームの提案,用途と掛け心地に合う一本を選びやすい,안경 프레임 제안,용도와 착용감에 맞는 프레임을 고르기 쉬움,30600,KRW,1ペア,カタログP.104,1062-4_1.jpg,https://www.san-nishimura.co.jp/product/item/?key_word=1062-4
1062-5,優眠 バンド,유민 컴포트 제품,眼鏡フレームの提案,用途と掛け心地に合う一本を選びやすい,안경 프레임 제안,용도와 착용감에 맞는 프레임을 고르기 쉬움,30600,KRW,,カタログP.104,1062-5_1.jpg,https://www.san-nishimura.co.jp/product/item/?key_word=1062-5
1062-6,優眠 ケース,케이스,眼鏡フレームの提案,用途と掛け心地に合う一本を選びやすい,안경 프레임 제안,용도와 착용감에 맞는 프레임을 고르기 쉬움,28100,KRW,1個,カタログP.104,1062-6_1.jpg,https://www.san-nishimura.co.jp/product/item/?key_word=1062-6
1091,泡ピュア 眼鏡クリーナー(18本入),클리너(18개),清掃・仕上げ,お渡し前の見た目を整えやすい,청소 및 최종 마감,전달 전 외관을 정돈하기 쉬움,66500,KRW,18本,カタログP.92,1091_1.jpg,https://www.san-nishimura.co.jp/product/item/%e6%b3%a1%e3%83%94%e3%83%a5%e3%82%a2/
1367-01,ナイロンレール(T字型)セルフレーム用 2m,나일론 레일(T)셀프레임 2m,ナイロール・溝まわり調整,レンズ保持を安定させやすい,나일론 림·홈 주변 조정,렌즈 고정을 안정시키기 쉬움,27400,KRW,20本,カタログP.59,1367-01_1.jpg,https://www.san-nishimura.co.jp/product/item/?key_word=1367-01
1367-01-L,ナイロンレール T字型セルフレーム用お徳用(40cm10本),나일론 레일 T 셀프레임 대용량(40cm10),ナイロール・溝まわり調整,レンズ保持を安定させやすい,나일론 림·홈 주변 조정,렌즈 고정을 안정시키기 쉬움,45000,KRW,10本,カタログP.59,,https://www.san-nishimura.co.jp/product/item/?key_word=1367-01-L
1367-01-S,ナイロンレール(T字型)セルフレーム用 50cm,나일론 레일(T)셀프레임 50cm,ナイロール・溝まわり調整,レンズ保持を安定させやすい,나일론 림·홈 주변 조정,렌즈 고정을 안정시키기 쉬움,7800,KRW,1本,カタログP.59,,https://www.san-nishimura.co.jp/product/item/?key_word=1367-01-S
1433-10,プレゼンテーショントレー,트레이,展示・販売促進,商品やサービスを見せやすい,진열 및 판매 촉진,상품과 서비스를 보여주기 쉬움,70400,KRW,,カタログP.270,1433-10_1.jpg,https://www.san-nishimura.co.jp/product/item/%e3%83%97%e3%83%ac%e3%82%bc%e3%83%b3%e3%83%86%e3%83%bc%e3%82%b7%e3%83%a7%e3%83%b3%e3%83%88%e3%83%ac%e3%83%bc/
1461-10,ツールスタンド,스탠드,工具整理・収納,必要な工具を取り出しやすい,공구 정리 및 수납,필요한 공구를 꺼내기 쉬움,74800,KRW,,カタログP.169,1461-10_1.jpg,https://www.san-nishimura.co.jp/product/item/%e3%83%84%e3%83%bc%e3%83%ab%e3%82%b9%e3%82%bf%e3%83%b3%e3%83%89/
1467,ベルトツールバッグ,벨트 툴백,収納・保護,持ち帰りや保管に使いやすい,수납 및 보호,휴대와 보관에 쓰기 쉬움,29300,KRW,,カタログP.172,1467_1.jpg,https://www.san-nishimura.co.jp/product/item/?key_word=1467
1501,ヤットコ(丸細),플라이어(원형얇은),クリングス微調整,小さなパット足を正確につかみやすい,클링스 미세 조정,작은 패드 암을 정확히 잡기 쉬움,93500,KRW,,カタログP.124,1501_1.jpg,https://www.san-nishimura.co.jp/product/item/%e3%83%a4%e3%83%83%e3%83%88%e3%82%b31501/
1502,ヤットコ,플라이어,パッド取り外し・交換,細かなパッド部品を扱いやすい,패드 분리 및 교체,작은 패드 부품을 다루기 쉬움,125800,KRW,,カタログP.143,1502_1.jpg,https://www.san-nishimura.co.jp/product/item/%e3%83%a4%e3%83%83%e3%83%88%e3%82%b3379/
1506,ヤットコ,플라이어,ブリッジ角度調整,前面バランスを整えやすい,브리지 각도 조정,전면 밸런스를 맞추기 쉬움,141100,KRW,,カタログP.139,1506_1.jpg,https://www.san-nishimura.co.jp/product/item/%e3%83%a4%e3%83%83%e3%83%88%e3%82%b31506/
1506-1,No.1506ヤットコ先プラスチック(凹),No.1506플라이어플라스틱 팁스틱(오목),ヤットコ先端交換・保護,調整時のキズを抑えやすい,플라이어 팁 교체 및 보호,조정 중 흠집을 줄이기 쉬움,12700,KRW,,,1506-1_1.jpg,https://www.san-nishimura.co.jp/product/item/?key_word=1506-1
1506-2,No.1506ヤットコ先プラスチック(凸),No.1506플라이어플라스틱 팁스틱(볼록),ヤットコ先端交換・保護,調整時のキズを抑えやすい,플라이어 팁 교체 및 보호,조정 중 흠집을 줄이기 쉬움,12700,KRW,,,1506-2_1.jpg,https://www.san-nishimura.co.jp/product/item/?key_word=1506-2
1507,ヤットコ,플라이어,カット加工,狙った位置を切りやすい,절단 가공,원하는 위치를 자르기 쉬움,124100,KRW,,カタログP.140,1507_1.jpg,https://www.san-nishimura.co.jp/product/item/%e3%83%a4%e3%83%83%e3%83%88%e3%82%b31507/
1507-1,No.1507ヤットコ先プラスチック(凹,No.1507플라이어플라스틱 팁스틱(오목,ヤットコ先端交換・保護,調整時のキズを抑えやすい,플라이어 팁 교체 및 보호,조정 중 흠집을 줄이기 쉬움,12700,KRW,,,1507-1_1.jpg,https://www.san-nishimura.co.jp/product/item/?key_word=1507-1
1507-2,No.1507ヤットコ先プラスチック(凸),No.1507플라이어플라스틱 팁스틱(볼록),ヤットコ先端交換・保護,調整時のキズを抑えやすい,플라이어 팁 교체 및 보호,조정 중 흠집을 줄이기 쉬움,12700,KRW,,,1507-2_1.jpg,https://www.san-nishimura.co.jp/product/item/?key_word=1507-2
1509,ヤットコ(小型プラスチック付),플라이어(소형플라스틱포함),リム形状調整,レンズ合わせを安定させやすい,림 형상 조정,렌즈 맞춤을 안정시키기 쉬움,124100,KRW,,カタログP.140,1509_1.jpg,https://www.san-nishimura.co.jp/product/item/%e3%83%a4%e3%83%83%e3%83%88%e3%82%b31509/
1509-1,No.1509ヤットコ先プラスチック(凹),No.1509플라이어플라스틱 팁스틱(오목),ヤットコ先端交換・保護,調整時のキズを抑えやすい,플라이어 팁 교체 및 보호,조정 중 흠집을 줄이기 쉬움,12700,KRW,,,,https://www.san-nishimura.co.jp/product/item/?key_word=1509-1
1509-2,No.1509ヤットコ先プラスチック(凸),No.1509플라이어플라스틱 팁스틱(볼록),ヤットコ先端交換・保護,調整時のキズを抑えやすい,플라이어 팁 교체 및 보호,조정 중 흠집을 줄이기 쉬움,12700,KRW,,,1509-2_1.jpg,https://www.san-nishimura.co.jp/product/item/?key_word=1509-2
1510,ヤットコ,플라이어,レンズ止め部のリム曲がり修正,レンズ周辺のリムを狙って修正しやすい,렌즈 고정부 림 휨 교정,렌즈 주변 림을 정밀하게 교정하기 쉬움,151300,KRW,,カタログP.144,1510_1.jpg,https://www.san-nishimura.co.jp/product/item/?key_word=1510
1510-1,先プラスティック(1ヶ),교체용 플라스틱 팁(1),ヤットコ先端交換・保護,調整時のキズを抑えやすい,플라이어 팁 교체 및 보호,조정 중 흠집을 줄이기 쉬움,17600,KRW,1ヶ,,1510-1_1.jpg,https://www.san-nishimura.co.jp/product/item/?key_word=1510-1
1511,ヤットコ,플라이어,フレーム調整・部品保持,狙った部分を安定してつかみやすい,프레임 조정 및 부품 고정,원하는 부분을 안정적으로 잡기 쉬움,107100,KRW,,カタログP.142,1511_1.jpg,https://www.san-nishimura.co.jp/product/item/%e3%83%a4%e3%83%83%e3%83%88%e3%82%b31511/
1511-1,先プラスティック(1組中1ヶ分),교체용 플라스틱 팁(1 중1),ヤットコ先端交換・保護,調整時のキズを抑えやすい,플라이어 팁 교체 및 보호,조정 중 흠집을 줄이기 쉬움,17600,KRW,1組,,,https://www.san-nishimura.co.jp/product/item/?key_word=1511-1
1513,ヤットコ,플라이어,クリングス微調整,小さなパット足を正確につかみやすい,클링스 미세 조정,작은 패드 암을 정확히 잡기 쉬움,103700,KRW,,カタログP.125,1513_1.jpg,https://www.san-nishimura.co.jp/product/item/%e3%83%a4%e3%83%83%e3%83%88%e3%82%b31513/
1515,ヤットコ(先丸),플라이어(원형),クリングス微調整,小さなパット足を正確につかみやすい,클링스 미세 조정,작은 패드 암을 정확히 잡기 쉬움,93500,KRW,,カタログP.122,1515_1.jpg,https://www.san-nishimura.co.jp/product/item/%e3%83%a4%e3%83%83%e3%83%88%e3%82%b31515/
1516-11-A,アッキスアジャスターゴム丈,고무,機器部品交換・補修,機器を使い続けやすい,장비 부품 교체 및 보수,장비를 계속 사용하기 쉬움,9800,KRW,,,,https://www.san-nishimura.co.jp/product/item/?key_word=1516-11-A
1522,ヤットコ(先平),플라이어(평면),智固定・調整補助,フレームを安定させて角度調整しやすい,엔드피스 고정 및 조정 보조,프레임을 안정시켜 각도 조정이 쉬움,93500,KRW,,カタログP.123,1522_1.jpg,https://www.san-nishimura.co.jp/product/item/%e3%83%a4%e3%83%83%e3%83%88%e3%82%b31522/
1530,ヤットコ,플라이어,テンプル角度・前傾角調整,掛け位置と視線バランスを整えやすい,템플 각도·전경각 조정,착용 위치와 시선 균형을 맞추기 쉬움,107100,KRW,,カタログP.134,1530_1.jpg,https://www.san-nishimura.co.jp/product/item/%e3%83%a4%e3%83%83%e3%83%88%e3%82%b31530/
1530-1,No.1530ヤットコ先プラスチック(凸),No.1530플라이어플라스틱 팁스틱(볼록),ヤットコ先端交換・保護,調整時のキズを抑えやすい,플라이어 팁 교체 및 보호,조정 중 흠집을 줄이기 쉬움,17600,KRW,,,,https://www.san-nishimura.co.jp/product/item/?key_word=1530-1
1530-2,No.1530ヤットコ先プラスチック(凹),No.1530플라이어플라스틱 팁스틱(오목),ヤットコ先端交換・保護,調整時のキズを抑えやすい,플라이어 팁 교체 및 보호,조정 중 흠집을 줄이기 쉬움,17600,KRW,,,,https://www.san-nishimura.co.jp/product/item/?key_word=1530-2
1539,ヤットコ,플라이어,智固定・調整補助,フレームを安定させて角度調整しやすい,엔드피스 고정 및 조정 보조,프레임을 안정시켜 각도 조정이 쉬움,115600,KRW,,カタログP.133,1539_1.jpg,https://www.san-nishimura.co.jp/product/item/%e3%83%a4%e3%83%83%e3%83%88%e3%82%b31539/
1539-1,先プラスティック(1ヶ),교체용 플라스틱 팁(1),ヤットコ先端交換・保護,調整時のキズを抑えやすい,플라이어 팁 교체 및 보호,조정 중 흠집을 줄이기 쉬움,17600,KRW,1ヶ,,1539-1_1.jpg,https://www.san-nishimura.co.jp/product/item/?key_word=1539-1
1541,ヤットコ,플라이어,モダン曲げ調整,耳まわりのフィットを整えやすい,모던 굽힘 조정,귀 주변 피팅을 맞추기 쉬움,136000,KRW,,カタログP.138,1541_1.jpg,https://www.san-nishimura.co.jp/product/item/%e3%83%a4%e3%83%83%e3%83%88%e3%82%b31541/
1541-1,No.1541ヤットコ先プラスチック(丸),No.1541플라이어플라스틱 팁스틱(원형),ヤットコ先端交換・保護,調整時のキズを抑えやすい,플라이어 팁 교체 및 보호,조정 중 흠집을 줄이기 쉬움,12700,KRW,,,,https://www.san-nishimura.co.jp/product/item/?key_word=1541-1
1541-2,No.1541ヤットコ先プラスチック(角),No.1541플라이어플라스틱 팁스틱(각형),ヤットコ先端交換・保護,調整時のキズを抑えやすい,플라이어 팁 교체 및 보호,조정 중 흠집을 줄이기 쉬움,12700,KRW,,,1541-2_1.jpg,https://www.san-nishimura.co.jp/product/item/?key_word=1541-2
1542,ヤットコ,플라이어,カット加工,狙った位置を切りやすい,절단 가공,원하는 위치를 자르기 쉬움,107100,KRW,,カタログP.143,1542_1.jpg,https://www.san-nishimura.co.jp/product/item/%e3%83%a4%e3%83%83%e3%83%88%e3%82%b3-1542/
1546,ヤットコ,플라이어,鼻パッド角度調整,取付金具を安定してつかみやすい,코패드 각도 조정,장착 금구를 안정적으로 잡기 쉬움,107100,KRW,,カタログP.129,1546_1.jpg,https://www.san-nishimura.co.jp/product/item/%e3%83%a4%e3%83%83%e3%83%88%e3%82%b31546/
1548,ヤットコ,플라이어,カット加工,狙った位置を切りやすい,절단 가공,원하는 위치를 자르기 쉬움,124100,KRW,,カタログP.135,1548_1.jpg,https://www.san-nishimura.co.jp/product/item/%e3%83%a4%e3%83%83%e3%83%88%e3%82%b31548/
1551,ヤットコ,플라이어,智固定・調整補助,フレームを安定させて角度調整しやすい,엔드피스 고정 및 조정 보조,프레임을 안정시켜 각도 조정이 쉬움,107100,KRW,,カタログP.132,1551_1.jpg,https://www.san-nishimura.co.jp/product/item/%e3%83%a4%e3%83%83%e3%83%88%e3%82%b31551/
1551-1,先プラスティック(1組中1ヶ分),교체용 플라스틱 팁(1 중1),ヤットコ先端交換・保護,調整時のキズを抑えやすい,플라이어 팁 교체 및 보호,조정 중 흠집을 줄이기 쉬움,22100,KRW,1組,,1551-1_1.jpg,https://www.san-nishimura.co.jp/product/item/?key_word=1551-1
1553-1,先プラスティック(1組中1ヶ分),교체용 플라스틱 팁(1 중1),ヤットコ先端交換・保護,調整時のキズを抑えやすい,플라이어 팁 교체 및 보호,조정 중 흠집을 줄이기 쉬움,17600,KRW,1組,,1553-1_1.jpg,https://www.san-nishimura.co.jp/product/item/?key_word=1553-1
1551-00,ヤットコ(平行),플라이어(평면),智固定・調整補助,フレームを安定させて角度調整しやすい,엔드피스 고정 및 조정 보조,프레임을 안정시켜 각도 조정이 쉬움,115600,KRW,,カタログP.132,1551-00_1.jpg,https://www.san-nishimura.co.jp/product/item/%e3%83%a4%e3%83%83%e3%83%88%e3%82%b31551-00/
1553,ヤットコ,플라이어,カット加工,狙った位置を切りやすい,절단 가공,원하는 위치를 자르기 쉬움,107100,KRW,,カタログP.132,1553_1.jpg,https://www.san-nishimura.co.jp/product/item/%e3%83%a4%e3%83%83%e3%83%88%e3%82%b31553/
1555,ヤットコ,플라이어,ネジつかみ・丁番補修,小さなネジを安定して保持しやすい,나사 잡기 및 힌지 보수,작은 나사를 안정적으로 잡기 쉬움,125800,KRW,,カタログP.144,1555_1.jpg,https://www.san-nishimura.co.jp/product/item/%e3%83%a4%e3%83%83%e3%83%88%e3%82%b31555/
1558,ヤットコ,플라이어,テンプル開き調整,左右の開きと掛け心地を整えやすい,템플 벌어짐 조정,좌우 벌어짐과 착용감을 맞추기 쉬움,119000,KRW,,カタログP.137,1558_1.jpg,https://www.san-nishimura.co.jp/product/item/%e3%83%a4%e3%83%83%e3%83%88%e3%82%b31558/
1558-1,先プラスティック(1ヶ),교체용 플라스틱 팁(1),ヤットコ先端交換・保護,調整時のキズを抑えやすい,플라이어 팁 교체 및 보호,조정 중 흠집을 줄이기 쉬움,17600,KRW,1ヶ,,1558-1_1.jpg,https://www.san-nishimura.co.jp/product/item/?key_word=1558-1
1558-10,ヤットコ,플라이어,テンプル開き調整,左右の開きと掛け心地を整えやすい,템플 벌어짐 조정,좌우 벌어짐과 착용감을 맞추기 쉬움,119000,KRW,,カタログP.137,1558-10_1.jpg,https://www.san-nishimura.co.jp/product/item/%e3%83%a4%e3%83%83%e3%83%88%e3%82%b31558-10/
1558-10-1,No.1558-10 ヤットコ先プラスチック,No.1558-10 플라이어플라스틱 팁스틱,ヤットコ先端交換・保護,調整時のキズを抑えやすい,플라이어 팁 교체 및 보호,조정 중 흠집을 줄이기 쉬움,17600,KRW,,,1558-10-1_1.jpg,https://www.san-nishimura.co.jp/product/item/?key_word=1558-10-1
1568-50,ヤットコ(ピン抜き・Wブッシュ),플라이어(W),丁番・ブッシュのピン抜き,細いピンを外しやすい,힌지 및 부싱 핀 제거,가는 핀을 제거하기 쉬움,112200,KRW,,カタログP.142,1568-50_1.jpg,https://www.san-nishimura.co.jp/product/item/%e3%83%a4%e3%83%83%e3%83%88%e3%82%b31568-50/
1569,ヤットコ,플라이어,カット加工,狙った位置を切りやすい,절단 가공,원하는 위치를 자르기 쉬움,124100,KRW,,カタログP.142,1569_1.jpg,https://www.san-nishimura.co.jp/product/item/%e3%83%a4%e3%83%83%e3%83%88%e3%82%b3/
1577-10N,ヤットコ(強力ニッパー),플라이어(니퍼),カット加工,狙った位置を切りやすい,절단 가공,원하는 위치를 자르기 쉬움,147900,KRW,,カタログP.147,1577-10N_1.jpg,https://www.san-nishimura.co.jp/product/item/%e7%a1%ac%e8%b3%aa%e7%94%a8%e3%83%8b%e3%83%83%e3%83%91%e3%83%bc/
1583-50,プラスチックニッパー,플라스틱니퍼,カット加工,狙った位置を切りやすい,절단 가공,원하는 위치를 자르기 쉬움,93800,KRW,,カタログP.142,1583-50_1.jpg,https://www.san-nishimura.co.jp/product/item/%e3%83%a4%e3%83%83%e3%83%88%e3%82%b3-1583-50/
1596,ヤットコ,플라이어,カット加工,狙った位置を切りやすい,절단 가공,원하는 위치를 자르기 쉬움,124100,KRW,,カタログP.137,1596_1.jpg,https://www.san-nishimura.co.jp/product/item/%e3%83%a4%e3%83%83%e3%83%88%e3%82%b31596/
1596-1,先プラスティック(1ヶ),교체용 플라스틱 팁(1),ヤットコ先端交換・保護,調整時のキズを抑えやすい,플라이어 팁 교체 및 보호,조정 중 흠집을 줄이기 쉬움,17600,KRW,1ヶ,,1596-1_1.jpg,https://www.san-nishimura.co.jp/product/item/?key_word=1596-1
1621,ピンセット,핀셋,小部品保持,細かな部品を落とさず扱いやすい,작은 부품 집기,작은 부품을 떨어뜨리지 않고 다루기 쉬움,30600,KRW,,カタログP.168,1621_1.jpg,https://www.san-nishimura.co.jp/product/item/%e3%83%94%e3%83%b3%e3%82%bb%e3%83%83%e3%83%88-1621/
1634,小型ピンセット(ネジつかみ),소형핀셋(나사),小部品保持,細かな部品を落とさず扱いやすい,작은 부품 집기,작은 부품을 떨어뜨리지 않고 다루기 쉬움,49300,KRW,,カタログP.167,1634_1.jpg,https://www.san-nishimura.co.jp/product/item/%e3%83%94%e3%83%b3%e3%82%bb%e3%83%83%e3%83%88-1634/
1637,ネジロックホルダー,나사잠금홀더,ネジ交換・固定,ゆるみや紛失時に対応しやすい,나사 교체 및 고정,풀림이나 분실에 대응하기 쉬움,54700,KRW,,カタログP.167,1637_1.jpg,https://www.san-nishimura.co.jp/product/item/%e3%83%8d%e3%82%b8%e3%83%ad%e3%83%83%e3%82%af%e3%83%9b%e3%83%ab%e3%83%80%e3%83%bc/
1651,ピンセット(ネジつかみ),핀셋(나사),小部品保持,細かな部品を落とさず扱いやすい,작은 부품 집기,작은 부품을 떨어뜨리지 않고 다루기 쉬움,49300,KRW,,"カタログP.167,172",1651_1.jpg,https://www.san-nishimura.co.jp/product/item/%e3%83%94%e3%83%b3%e3%82%bb%e3%83%83%e3%83%88-1651/
1682-14,(-)青頭ドライバー 1.4mm,(-)파란머리드라이버 1.4mm,ネジ調整,日常修理をスムーズにしやすい,나사 조정,일상 수리를 원활하게 하기 쉬움,25500,KRW,,カタログP.153,1682-14_1.jpg,https://www.san-nishimura.co.jp/product/item/%e3%83%89%e3%83%a9%e3%82%a4%e3%83%90%e3%83%bc%ef%bc%88b%ef%bc%86s%ef%bc%89/
1682-18,(-)茶頭ドライバー 1.8mm,(-) 드라이버 1.8mm,ネジ調整,日常修理をスムーズにしやすい,나사 조정,일상 수리를 원활하게 하기 쉬움,25500,KRW,,カタログP.153,1682-18_1.jpg,https://www.san-nishimura.co.jp/product/item/?key_word=1682-18
1684-33,トルクス鉄製ドライバー(T3),철제드라이버(T3),ネジ調整,日常修理をスムーズにしやすい,나사 조정,일상 수리를 원활하게 하기 쉬움,35200,KRW,,カタログP.153,1684-33_1.jpg,https://www.san-nishimura.co.jp/product/item/%e3%83%88%e3%83%ab%e3%82%af%e3%82%b9%e3%83%89%e3%83%a9%e3%82%a4%e3%83%90%e3%83%bc/
1684-34,トルクス鉄製ドライバー(T4),철제드라이버(T4),ネジ調整,日常修理をスムーズにしやすい,나사 조정,일상 수리를 원활하게 하기 쉬움,35200,KRW,,カタログP.153,1684-34_1.jpg,https://www.san-nishimura.co.jp/product/item/?key_word=1684-34
1684-36,トルクス鉄製ドライバー(T6),철제드라이버(T6),ネジ調整,日常修理をスムーズにしやすい,나사 조정,일상 수리를 원활하게 하기 쉬움,35200,KRW,,カタログP.153,1684-36_1.jpg,https://www.san-nishimura.co.jp/product/item/?key_word=1684-36
1691-1,チェンジネジ抜きドライバー柄丈,교체나사 드라이버,ネジ調整,日常修理をスムーズにしやすい,나사 조정,일상 수리를 원활하게 하기 쉬움,35700,KRW,1本,カタログP.158,1691-1_1.jpg,https://www.san-nishimura.co.jp/product/item/?key_word=1691-1
1691-13,チェンジネジ抜きドライバー先丈(1.3mm),교체나사 드라이버 (1.3mm),ネジ調整,日常修理をスムーズにしやすい,나사 조정,일상 수리를 원활하게 하기 쉬움,22100,KRW,1本,カタログP.158,1691-13_1.jpg,https://www.san-nishimura.co.jp/product/item/?key_word=1691-13
1691-15,チェンジネジ抜きドライバー先丈(1.5mm),교체나사 드라이버 (1.5mm),ネジ調整,日常修理をスムーズにしやすい,나사 조정,일상 수리를 원활하게 하기 쉬움,22100,KRW,1本,カタログP.158,,https://www.san-nishimura.co.jp/product/item/?key_word=1691-15
1691,チェンジネジ抜きドライバー(2本入),교체나사 드라이버(2개),ネジ調整,日常修理をスムーズにしやすい,나사 조정,일상 수리를 원활하게 하기 쉬움,78200,KRW,2本,カタログP.158,1691_1.jpg,https://www.san-nishimura.co.jp/product/item/%e3%83%81%e3%82%a7%e3%83%b3%e3%82%b8%e3%83%8d%e3%82%b8%e6%8a%9c%e3%81%8d%e3%83%89%e3%83%a9%e3%82%a4%e3%83%90%e3%83%bc/
1693M-A,レンズロックテープ小型(10シート、100ヶ入),렌즈잠금테이프소형(10시트、100 입),作業時の保護,キズや汚れを防ぎやすい,작업 중 보호,흠집과 오염을 막기 쉬움,17000,KRW,100ヶ,カタログP.247,1693M-A_1.jpg,https://www.san-nishimura.co.jp/product/item/?key_word=1693M-A
1693M-B,レンズロックテープ小型(1ロール、1000ヶ入),렌즈잠금테이프소형(1롤、1000 입),作業時の保護,キズや汚れを防ぎやすい,작업 중 보호,흠집과 오염을 막기 쉬움,153000,KRW,1000ヶ,カタログP.247,1693M-B_1.jpg,https://www.san-nishimura.co.jp/product/item/?key_word=1693M-B
1695M-A,レンズロックテープ(10シート、100ヶ入),렌즈잠금테이프(10시트、100 입),作業時の保護,キズや汚れを防ぎやすい,작업 중 보호,흠집과 오염을 막기 쉬움,18700,KRW,100ヶ,カタログP.247,1695M-A_1.jpg,https://www.san-nishimura.co.jp/product/item/?key_word=1695M-A
1695M-B,レンズロックテープ(1ロール、1000ヶ入),렌즈잠금테이프(1롤、1000 입),作業時の保護,キズや汚れを防ぎやすい,작업 중 보호,흠집과 오염을 막기 쉬움,168300,KRW,1000ヶ,カタログP.247,1695M-B_1.jpg,https://www.san-nishimura.co.jp/product/item/?key_word=1695M-B
1695M-C,レンズロックテープ(1ロール、2000ヶ入),렌즈잠금테이프(1롤、2000 입),作業時の保護,キズや汚れを防ぎやすい,작업 중 보호,흠집과 오염을 막기 쉬움,299200,KRW,2000ヶ,カタログP.247,,https://www.san-nishimura.co.jp/product/item/?key_word=1695M-C
1696M-A,レンズロックテープ小型(10シート、100ヶ入),렌즈잠금테이프소형(10시트、100 입),作業時の保護,キズや汚れを防ぎやすい,작업 중 보호,흠집과 오염을 막기 쉬움,14100,KRW,100ヶ,カタログP.247,1696M-A_1.jpg,https://www.san-nishimura.co.jp/product/item/?key_word=1696M-A
1696M-B,レンズロックテープ(1ロール、1000ヶ入),렌즈잠금테이프(1롤、1000 입),作業時の保護,キズや汚れを防ぎやすい,작업 중 보호,흠집과 오염을 막기 쉬움,134300,KRW,1000ヶ,カタログP.247,1696M-B_1.jpg,https://www.san-nishimura.co.jp/product/item/?key_word=1696M-B
1701M-A,レンズロックテープ(10シート、100ヶ入),렌즈잠금테이프(10시트、100 입),作業時の保護,キズや汚れを防ぎやすい,작업 중 보호,흠집과 오염을 막기 쉬움,17000,KRW,100ヶ,カタログP.247,1701M-A_1.jpg,https://www.san-nishimura.co.jp/product/item/?key_word=1701M-A
1701M-B,レンズロックテープ(1ロール、1000ヶ入),렌즈잠금테이프(1롤、1000 입),作業時の保護,キズや汚れを防ぎやすい,작업 중 보호,흠집과 오염을 막기 쉬움,153000,KRW,1000ヶ,カタログP.247,1701M-B_1.jpg,https://www.san-nishimura.co.jp/product/item/?key_word=1701M-B
1711-1,(-)チェンジドライバー柄丈,(-)교체드라이버,ネジ調整,日常修理をスムーズにしやすい,나사 조정,일상 수리를 원활하게 하기 쉬움,35200,KRW,1本,カタログP.157,,https://www.san-nishimura.co.jp/product/item/?key_word=1711-1
1711-10,先のみ(-)1.0mm 1本入,단품(-)1.0mm 1개,交換式ドライバー部品,作業に合わせて先端を替えやすい,교체식 드라이버 부품,작업에 맞춰 팁을 바꾸기 쉬움,7800,KRW,1本,カタログP.157,1711-10_1.jpg,https://www.san-nishimura.co.jp/product/item/%e3%83%81%e3%82%a7%e3%83%b3%e3%82%b8%e3%83%89%e3%83%a9%e3%82%a4%e3%83%90%e3%83%bcbs%e8%a3%bd/
1711-14,先のみ(-)1.4mm 1本入,단품(-)1.4mm 1개,交換式ドライバー部品,作業に合わせて先端を替えやすい,교체식 드라이버 부품,작업에 맞춰 팁을 바꾸기 쉬움,7800,KRW,1本,カタログP.157,1711-14_1.jpg,https://www.san-nishimura.co.jp/product/item/%e3%83%81%e3%82%a7%e3%83%b3%e3%82%b8%e3%83%89%e3%83%a9%e3%82%a4%e3%83%90%e3%83%bcbs%e8%a3%bd/
1711-18,先のみ(-)1.8mm 1本入,단품(-)1.8mm 1개,交換式ドライバー部品,作業に合わせて先端を替えやすい,교체식 드라이버 부품,작업에 맞춰 팁을 바꾸기 쉬움,7800,KRW,1本,カタログP.157,1711-18_1.jpg,https://www.san-nishimura.co.jp/product/item/%e3%83%81%e3%82%a7%e3%83%b3%e3%82%b8%e3%83%89%e3%83%a9%e3%82%a4%e3%83%90%e3%83%bcbs%e8%a3%bd/
1711-23,先のみ(-)2.3mm 1本入,단품(-)2.3mm 1개,交換式ドライバー部品,作業に合わせて先端を替えやすい,교체식 드라이버 부품,작업에 맞춰 팁을 바꾸기 쉬움,7800,KRW,1本,カタログP.157,1711-23_1.jpg,https://www.san-nishimura.co.jp/product/item/%e3%83%81%e3%82%a7%e3%83%b3%e3%82%b8%e3%83%89%e3%83%a9%e3%82%a4%e3%83%90%e3%83%bcbs%e8%a3%bd/
1712NR-A,レンズロックテープ(10シート、100ヶ入),렌즈잠금테이프(10시트、100 입),作業時の保護,キズや汚れを防ぎやすい,작업 중 보호,흠집과 오염을 막기 쉬움,40800,KRW,100ヶ,カタログP.247,1712NR-A_1.jpg,https://www.san-nishimura.co.jp/product/item/?key_word=1712NR-A
1712NR-B,レンズロックテープ(1ロール、1000ヶ入),렌즈잠금테이프(1롤、1000 입),作業時の保護,キズや汚れを防ぎやすい,작업 중 보호,흠집과 오염을 막기 쉬움,340000,KRW,1000ヶ,カタログP.247,1712NR-B_1.jpg,https://www.san-nishimura.co.jp/product/item/?key_word=1712NR-B
1717,(-)(+)チェンジドライバーセット,(-)(+)교체드라이버세트,ネジ調整,日常修理をスムーズにしやすい,나사 조정,일상 수리를 원활하게 하기 쉬움,64500,KRW,,カタログP.157,1717_1.jpg,https://www.san-nishimura.co.jp/product/item/%e3%83%81%e3%82%a7%e3%83%b3%e3%82%b8%e3%83%89%e3%83%a9%e3%82%a4%e3%83%90%e3%83%bcbs%e8%a3%bd/
1717-20,ドライバー先丈 (+)2.0mm,드라이버 (+)2.0mm,ネジ調整,日常修理をスムーズにしやすい,나사 조정,일상 수리를 원활하게 하기 쉬움,7800,KRW,1本,カタログP.157,1717-20_1.jpg,https://www.san-nishimura.co.jp/product/item/?key_word=1717-20
1719,溝堀レンズはずし,렌즈,ナイロール・溝まわり調整,レンズ保持を安定させやすい,나일론 림·홈 주변 조정,렌즈 고정을 안정시키기 쉬움,40800,KRW,,"カタログP.61,161",1719_1.jpg,https://www.san-nishimura.co.jp/product/item/%e6%ba%9d%e6%8e%98%e3%82%8a%e3%83%ac%e3%83%b3%e3%82%ba%e3%81%af%e3%81%9a%e3%81%97-2/
1721-51,フィンガーキャップ,캡,ナット締め外し,小さなナットを確実に扱いやすい,너트 조임 및 분리,작은 너트를 확실하게 다루기 쉬움,72300,KRW,,カタログP.215,,https://www.san-nishimura.co.jp/product/item/?key_word=1721-51
1741-15,ドライバーナット廻しセット,드라이버너트 드라이버세트,ネジ調整,日常修理をスムーズにしやすい,나사 조정,일상 수리를 원활하게 하기 쉬움,221000,KRW,,カタログP.157,1741-15_1.jpg,https://www.san-nishimura.co.jp/product/item/?key_word=1741-15
1742,黒柄ナット廻し(六角),너트 드라이버(각형),ナット締め外し,小さなナットを確実に扱いやすい,너트 조임 및 분리,작은 너트를 확실하게 다루기 쉬움,28100,KRW,1本,カタログP.157,1742_1.jpg,https://www.san-nishimura.co.jp/product/item/?key_word=1742
1743,黒柄ドライバーナット廻し(花型),드라이버너트 드라이버(꽃형),ネジ調整,日常修理をスムーズにしやすい,나사 조정,일상 수리를 원활하게 하기 쉬움,26900,KRW,1本,カタログP.157,1743_1.jpg,https://www.san-nishimura.co.jp/product/item/?key_word=1743
1744,黒柄ドライバーナット廻し(六角),드라이버너트 드라이버(각형),ネジ調整,日常修理をスムーズにしやすい,나사 조정,일상 수리를 원활하게 하기 쉬움,26900,KRW,,カタログP.157,1744_1.jpg,https://www.san-nishimura.co.jp/product/item/?key_word=1744
1745,黒柄ドライバーナット廻し(四角),드라이버너트 드라이버(각형),ネジ調整,日常修理をスムーズにしやすい,나사 조정,일상 수리를 원활하게 하기 쉬움,26900,KRW,,カタログP.157,1745_1.jpg,https://www.san-nishimura.co.jp/product/item/?key_word=1745
1746,黒柄ドライバーナット廻し(花型),드라이버너트 드라이버(꽃형),ネジ調整,日常修理をスムーズにしやすい,나사 조정,일상 수리를 원활하게 하기 쉬움,26900,KRW,,カタログP.157,1746_1.jpg,https://www.san-nishimura.co.jp/product/item/?key_word=1746
1747,黒柄ドライバーナット廻し(割),드라이버너트 드라이버(),ネジ調整,日常修理をスムーズにしやすい,나사 조정,일상 수리를 원활하게 하기 쉬움,26900,KRW,,カタログP.157,1747_1.jpg,https://www.san-nishimura.co.jp/product/item/?key_word=1747
1748,黒柄ドライバーナット廻し(六角),드라이버너트 드라이버(각형),ネジ調整,日常修理をスムーズにしやすい,나사 조정,일상 수리를 원활하게 하기 쉬움,26900,KRW,,カタログP.157,1748_1.jpg,https://www.san-nishimura.co.jp/product/item/?key_word=1748
1767,黒柄ドライバーナット廻し(花型),드라이버너트 드라이버(꽃형),ネジ調整,日常修理をスムーズにしやすい,나사 조정,일상 수리를 원활하게 하기 쉬움,26900,KRW,,カタログP.157,1767_1.jpg,https://www.san-nishimura.co.jp/product/item/?key_word=1767
1801-50,ダイヤモンドヤスリセット(10本入),다이아몬드줄세트(10개),削り・仕上げ加工,細かな形状調整と面取りをしやすい,절삭 및 마감 가공,세밀한 형상 조정과 면취가 쉬움,166600,KRW,10本,カタログP.164,1801-50_1.jpg,https://www.san-nishimura.co.jp/product/item/?key_word=1801-50
1868N,三面ヤスリ,줄,削り・仕上げ加工,細かな形状調整と面取りをしやすい,절삭 및 마감 가공,세밀한 형상 조정과 면취가 쉬움,169700,KRW,3本,カタログP.165,1868N_1.jpg,https://www.san-nishimura.co.jp/product/item/%e4%b8%89%e9%9d%a2%e3%83%a4%e3%82%b9%e3%83%aa/
2045,オヤユビツール,엄지 툴,フレーム調整の保持・補助,小さな作業を安定させやすい,프레임 조정 지지 및 보조,작은 작업을 안정시키기 쉬움,117300,KRW,,カタログP.138,2045_1.jpg,https://www.san-nishimura.co.jp/product/item/%e3%82%aa%e3%83%a4%e3%83%a6%e3%83%93%e3%83%84%e3%83%bc%e3%83%ab/
2050,リーマ-セット(12本入),리머-세트(12개),穴の面取り・微調整,部品を合わせやすい穴に整えられる,구멍 면취 및 미세 조정,부품에 맞는 구멍으로 정돈하기 쉬움,93500,KRW,12本,カタログP.166,2050_1.jpg,https://www.san-nishimura.co.jp/product/item/%e3%83%aa%e3%83%bc%e3%83%9e%e3%83%bc%e3%82%bb%e3%83%83%e3%83%88-2/
2053,リーマ-セット(6本入),리머-세트(6개),穴の面取り・微調整,部品を合わせやすい穴に整えられる,구멍 면취 및 미세 조정,부품에 맞는 구멍으로 정돈하기 쉬움,63800,KRW,6本,カタログP.166,2053_1.jpg,https://www.san-nishimura.co.jp/product/item/%e3%83%aa%e3%83%bc%e3%83%9e%e3%83%bc%e3%82%bb%e3%83%83%e3%83%88/
2073-10,溝堀、セル削り,、셀,穴の面取り・微調整,部品を合わせやすい穴に整えられる,구멍 면취 및 미세 조정,부품에 맞는 구멍으로 정돈하기 쉬움,328100,KRW,,カタログP.166,,https://www.san-nishimura.co.jp/product/item/%e6%ba%9d%e6%8e%98%e3%82%bb%e3%83%ab%e5%89%8a%e3%82%8a/
2073-10-1,溝堀、セル削り部品 ボルト,、셀 부품 볼트,穴の面取り・微調整,部品を合わせやすい穴に整えられる,구멍 면취 및 미세 조정,부품에 맞는 구멍으로 정돈하기 쉬움,5900,KRW,1本,カタログP.166,,https://www.san-nishimura.co.jp/product/item/?key_word=2073-10-1
2073-10-2,溝堀、セル削り部品 虫ネジ,、셀 부품 나사,穴の面取り・微調整,部品を合わせやすい穴に整えられる,구멍 면취 및 미세 조정,부품에 맞는 구멍으로 정돈하기 쉬움,2900,KRW,1本,カタログP.166,,https://www.san-nishimura.co.jp/product/item/?key_word=2073-10-2
2125-01,カシメ凸,볼록,機器部品交換・補修,機器を使い続けやすい,장비 부품 교체 및 보수,장비를 계속 사용하기 쉬움,23500,KRW,,カタログP.212,,https://www.san-nishimura.co.jp/product/item/?key_word=2125-01
2125-02,抜き棒,핀 제거봉,機器部品交換・補修,機器を使い続けやすい,장비 부품 교체 및 보수,장비를 계속 사용하기 쉬움,23500,KRW,,カタログP.212,,https://www.san-nishimura.co.jp/product/item/?key_word=2125-02
2125-04,カシメ凹,오목,機器部品交換・補修,機器を使い続けやすい,장비 부품 교체 및 보수,장비를 계속 사용하기 쉬움,23500,KRW,,カタログP.212,,https://www.san-nishimura.co.jp/product/item/?key_word=2125-04
2125-16,受け台(小),받침대(소),機器部品交換・補修,機器を使い続けやすい,장비 부품 교체 및 보수,장비를 계속 사용하기 쉬움,23500,KRW,,カタログP.212,2125-16_1.jpg,https://www.san-nishimura.co.jp/product/item/?key_word=2125-16
2125-25,受け台(プラスチック),받침대(플라스틱),機器部品交換・補修,機器を使い続けやすい,장비 부품 교체 및 보수,장비를 계속 사용하기 쉬움,23500,KRW,,カタログP.212,2125-25_1.jpg,https://www.san-nishimura.co.jp/product/item/?key_word=2125-25
2125-41,受け台(2.0mm),받침대(2.0mm),機器部品交換・補修,機器を使い続けやすい,장비 부품 교체 및 보수,장비를 계속 사용하기 쉬움,35200,KRW,,カタログP.212,2125-41_1.jpg,https://www.san-nishimura.co.jp/product/item/?key_word=2125-41
2160,作業台,작업대,作業台・加工補助,小部品作業を安定させやすい,작업대 및 가공 보조,작은 부품 작업을 안정시키기 쉬움,49300,KRW,,カタログP.214,2160_1.jpg,https://www.san-nishimura.co.jp/product/item/%e4%bd%9c%e6%a5%ad%e5%8f%b0bs/
2220-03C,丁番切込ドライバーC1.0mm,힌지 드라이버C1.0mm,ネジ調整,日常修理をスムーズにしやすい,나사 조정,일상 수리를 원활하게 하기 쉬움,66500,KRW,,カタログP.159,2220-03C_1.jpg,https://www.san-nishimura.co.jp/product/item/%e4%b8%81%e7%95%aa%e5%88%87%e8%be%bc%e3%83%89%e3%83%a9%e3%82%a4%e3%83%90%e3%83%bc/
2220-04B,切込ドライバー(3.5) 1.8mm,드라이버(3.5) 1.8mm,ネジ調整,日常修理をスムーズにしやすい,나사 조정,일상 수리를 원활하게 하기 쉬움,66500,KRW,,カタログP.159,2220-04B_1.jpg,https://www.san-nishimura.co.jp/product/item/%e5%88%87%e8%be%bc%e3%83%89%e3%83%a9%e3%82%a4%e3%83%90%e3%83%bcb%ef%bc%86s%e8%a3%bd/
2221-02,折込ネジ抜き,나사,固着ネジの除去,外れにくいネジにも対応しやすい,고착 나사 제거,빼기 어려운 나사에도 대응하기 쉬움,61200,KRW,,カタログP.158,,https://www.san-nishimura.co.jp/product/item/%e6%8a%98%e3%82%8c%e8%be%bc%e3%83%8d%e3%82%b8%e6%8a%9c%e3%81%8d/
2267-10,ピン抜き,핀 제거기,丁番・ブッシュのピン抜き,細いピンを外しやすい,힌지 및 부싱 핀 제거,가는 핀을 제거하기 쉬움,30600,KRW,,カタログP.142,,https://www.san-nishimura.co.jp/product/item/%e3%83%a4%e3%83%83%e3%83%88%e3%82%b32267-10/
2271-25,ネジ先面取り,나사,ネジ交換・固定,ゆるみや紛失時に対応しやすい,나사 교체 및 고정,풀림이나 분실에 대응하기 쉬움,44200,KRW,,"カタログP.145,159",2271-25_1.jpg,https://www.san-nishimura.co.jp/product/item/%e3%83%8d%e3%82%b8%e5%85%88%e9%9d%a2%e5%8f%96%e3%82%8a/
2314,厚み計,두께 게이지,検査・測定,状態確認と加工判断をしやすい,검사 및 측정,상태 확인과 가공 판단이 쉬움,275400,KRW,,カタログP.176,2314_1.jpg,https://www.san-nishimura.co.jp/product/item/?key_word=2314
2315-10,カーブ計,커브 게이지,検査・測定,状態確認と加工判断をしやすい,검사 및 측정,상태 확인과 가공 판단이 쉬움,157300,KRW,,カタログP.176,,https://www.san-nishimura.co.jp/product/item/%e3%82%ab%e3%83%bc%e3%83%96%e8%a8%88/
2335-01,ツーポ穴寸法測定,무테 구멍 치수 측정기,検査・測定,状態確認と加工判断をしやすい,검사 및 측정,상태 확인과 가공 판단이 쉬움,84100,KRW,,カタログP.177,,https://www.san-nishimura.co.jp/product/item/?key_word=2335-01
2374,眼鏡サシ,안경 자,検査・測定,状態確認と加工判断をしやすい,검사 및 측정,상태 확인과 가공 판단이 쉬움,12800,KRW,,カタログP.173,2374_1.jpg,https://www.san-nishimura.co.jp/product/item/%e7%9c%bc%e9%8f%a1%e3%82%b5%e3%82%b7-2/
3104,半透明遮眼子,투명,視力検査の補助,検査条件を整えやすい,시력검사 보조,검사 조건을 갖추기 쉬움,129200,KRW,,カタログP.196,3104_1.jpg,https://www.san-nishimura.co.jp/product/item/%e5%8d%8a%e9%80%8f%e6%98%8e%e9%81%ae%e7%9c%bc%e5%ad%90/
3118,青棒(万能),(),研磨・艶出し,キズやくすみを整えやすい,연마 및 광택 마감,흠집과 칙칙함을 정돈하기 쉬움,57800,KRW,,カタログP.223,3118_1.jpg,https://www.san-nishimura.co.jp/product/item/%e9%9d%92%e6%a3%92%e4%b8%87%e8%83%bd%e3%82%bf%e3%82%a4%e3%83%97/
3123,黄棒,노란 왁스 스틱,研磨・艶出し,キズやくすみを整えやすい,연마 및 광택 마감,흠집과 칙칙함을 정돈하기 쉬움,33200,KRW,,カタログP.223,3123_1.jpg,https://www.san-nishimura.co.jp/product/item/%e9%bb%84%e6%a3%92/
3177,ハイポセメント,하이포 시멘트,ナイロール・溝まわり調整,レンズ保持を安定させやすい,나일론 림·홈 주변 조정,렌즈 고정을 안정시키기 쉬움,29300,KRW,,カタログP.264,3177_1.jpg,https://www.san-nishimura.co.jp/product/item/%e3%83%8f%e3%82%a4%e3%83%9d%e3%82%bb%e3%83%a1%e3%83%b3%e3%83%88/
6000,ドライバーセット(ツールスタンド付),드라이버세트(스탠드포함),ネジ調整,日常修理をスムーズにしやすい,나사 조정,일상 수리를 원활하게 하기 쉬움,192100,KRW,,カタログP.156,6000_1.jpg,https://www.san-nishimura.co.jp/product/item/?key_word=6000
6001,+チェンジドライバー(2.0mm),+교체드라이버(2.0mm),ネジ調整,日常修理をスムーズにしやすい,나사 조정,일상 수리를 원활하게 하기 쉬움,16000,KRW,,カタログP.156,6001_1.jpg,https://www.san-nishimura.co.jp/product/item/%e3%83%81%e3%82%a7%e3%83%b3%e3%82%b8%e3%83%89%e3%83%a9%e3%82%a4%e3%83%90%e3%83%bctakubo%e8%a3%bd/
6001-A,チェンジドライバー先丈,교체드라이버,ネジ調整,日常修理をスムーズにしやすい,나사 조정,일상 수리를 원활하게 하기 쉬움,7500,KRW,,,6001-A_1.jpg,https://www.san-nishimura.co.jp/product/item/?key_word=6001-A
6001-B,チェンジドライバー柄丈,교체드라이버,ネジ調整,日常修理をスムーズにしやすい,나사 조정,일상 수리를 원활하게 하기 쉬움,9900,KRW,,,6001-B_1.jpg,https://www.san-nishimura.co.jp/product/item/?key_word=6001-B
6002,+チェンジドライバー(2.5mm),+교체드라이버(2.5mm),ネジ調整,日常修理をスムーズにしやすい,나사 조정,일상 수리를 원활하게 하기 쉬움,16000,KRW,,カタログP.156,6002_1.jpg,https://www.san-nishimura.co.jp/product/item/?key_word=6002
6002-A,チェンジドライバー先丈,교체드라이버,ネジ調整,日常修理をスムーズにしやすい,나사 조정,일상 수리를 원활하게 하기 쉬움,7500,KRW,,,6002-A_1.jpg,https://www.san-nishimura.co.jp/product/item/?key_word=6002-A
6002-B,チェンジドライバー柄丈,교체드라이버,ネジ調整,日常修理をスムーズにしやすい,나사 조정,일상 수리를 원활하게 하기 쉬움,9900,KRW,,,6002-B_1.jpg,https://www.san-nishimura.co.jp/product/item/?key_word=6002-B
6003,チェンジドライバー(1.5mm),교체드라이버(1.5mm),ネジ調整,日常修理をスムーズにしやすい,나사 조정,일상 수리를 원활하게 하기 쉬움,16000,KRW,16本,カタログP.156,6003_1.jpg,https://www.san-nishimura.co.jp/product/item/?key_word=6003
6003-A,チェンジドライバー先丈,교체드라이버,ネジ調整,日常修理をスムーズにしやすい,나사 조정,일상 수리를 원활하게 하기 쉬움,7500,KRW,,,6003-A_1.jpg,https://www.san-nishimura.co.jp/product/item/?key_word=6003-A
6003-B,チェンジドライバー柄丈,교체드라이버,ネジ調整,日常修理をスムーズにしやすい,나사 조정,일상 수리를 원활하게 하기 쉬움,9900,KRW,,,6003-B_1.jpg,https://www.san-nishimura.co.jp/product/item/?key_word=6003-B
6004,チェンジドライバー(2.0mm),교체드라이버(2.0mm),ネジ調整,日常修理をスムーズにしやすい,나사 조정,일상 수리를 원활하게 하기 쉬움,16000,KRW,16本,カタログP.156,6004_1.jpg,https://www.san-nishimura.co.jp/product/item/?key_word=6004
6004-A,チェンジドライバー先丈,교체드라이버,ネジ調整,日常修理をスムーズにしやすい,나사 조정,일상 수리를 원활하게 하기 쉬움,7500,KRW,,,6004-A_1.jpg,https://www.san-nishimura.co.jp/product/item/?key_word=6004-A
6004-B,チェンジドライバー柄丈,교체드라이버,ネジ調整,日常修理をスムーズにしやすい,나사 조정,일상 수리를 원활하게 하기 쉬움,9900,KRW,,,6004-B_1.jpg,https://www.san-nishimura.co.jp/product/item/?key_word=6004-B
6005,チェンジドライバー(2.5mm),교체드라이버(2.5mm),ネジ調整,日常修理をスムーズにしやすい,나사 조정,일상 수리를 원활하게 하기 쉬움,16000,KRW,10本,カタログP.156,6005_1.jpg,https://www.san-nishimura.co.jp/product/item/?key_word=6005
6005-A,チェンジドライバー先丈,교체드라이버,ネジ調整,日常修理をスムーズにしやすい,나사 조정,일상 수리를 원활하게 하기 쉬움,7500,KRW,,,,https://www.san-nishimura.co.jp/product/item/?key_word=6005-A
6005-B,チェンジドライバー柄丈,교체드라이버,ネジ調整,日常修理をスムーズにしやすい,나사 조정,일상 수리를 원활하게 하기 쉬움,9900,KRW,,,6005-B_1.jpg,https://www.san-nishimura.co.jp/product/item/?key_word=6005-B
6006,六角チェンジナット廻し(2.0mm),각형교체너트 드라이버(2.0mm),ナット締め外し,小さなナットを確実に扱いやすい,너트 조임 및 분리,작은 너트를 확실하게 다루기 쉬움,16000,KRW,,カタログP.156,6006_1.jpg,https://www.san-nishimura.co.jp/product/item/%e3%83%81%e3%82%a7%e3%83%b3%e3%82%b8%e3%83%89%e3%83%a9%e3%82%a4%e3%83%90%e3%83%bctakubo%e8%a3%bd/
6006-A,チェンジナット廻し先丈,교체너트 드라이버,ナット締め外し,小さなナットを確実に扱いやすい,너트 조임 및 분리,작은 너트를 확실하게 다루기 쉬움,7500,KRW,,,6006-A_1.jpg,https://www.san-nishimura.co.jp/product/item/?key_word=6006-A
6006-B,チェンジドライバー柄丈,교체드라이버,ネジ調整,日常修理をスムーズにしやすい,나사 조정,일상 수리를 원활하게 하기 쉬움,9900,KRW,,,6006-B_1.jpg,https://www.san-nishimura.co.jp/product/item/?key_word=6006-B
6007,六角チェンジナット廻し(2.3mm),각형교체너트 드라이버(2.3mm),ナット締め外し,小さなナットを確実に扱いやすい,너트 조임 및 분리,작은 너트를 확실하게 다루기 쉬움,16000,KRW,,カタログP.156,6007_1.jpg,https://www.san-nishimura.co.jp/product/item/%e3%83%81%e3%82%a7%e3%83%b3%e3%82%b8%e3%83%89%e3%83%a9%e3%82%a4%e3%83%90%e3%83%bctakubo%e8%a3%bd/
6007-A,チェンジナット廻し先丈,교체너트 드라이버,ナット締め外し,小さなナットを確実に扱いやすい,너트 조임 및 분리,작은 너트를 확실하게 다루기 쉬움,7500,KRW,,,6007-A_1.jpg,https://www.san-nishimura.co.jp/product/item/?key_word=6007-A
6007-B,チェンジドライバー柄丈,교체드라이버,ネジ調整,日常修理をスムーズにしやすい,나사 조정,일상 수리를 원활하게 하기 쉬움,9900,KRW,,,6007-B_1.jpg,https://www.san-nishimura.co.jp/product/item/?key_word=6007-B
6008,六角チェンジナット廻し(2.5mm),각형교체너트 드라이버(2.5mm),ナット締め外し,小さなナットを確実に扱いやすい,너트 조임 및 분리,작은 너트를 확실하게 다루기 쉬움,16000,KRW,,カタログP.156,6008_1.jpg,https://www.san-nishimura.co.jp/product/item/%e3%83%81%e3%82%a7%e3%83%b3%e3%82%b8%e3%83%89%e3%83%a9%e3%82%a4%e3%83%90%e3%83%bctakubo%e8%a3%bd/
6008-A,チェンジナット廻し先丈,교체너트 드라이버,ナット締め外し,小さなナットを確実に扱いやすい,너트 조임 및 분리,작은 너트를 확실하게 다루기 쉬움,7500,KRW,,,6008-A_1.jpg,https://www.san-nishimura.co.jp/product/item/?key_word=6008-A
6008-B,チェンジドライバー柄丈,교체드라이버,ネジ調整,日常修理をスムーズにしやすい,나사 조정,일상 수리를 원활하게 하기 쉬움,9900,KRW,,,6008-B_1.jpg,https://www.san-nishimura.co.jp/product/item/?key_word=6008-B
6009,花型チェンジナット廻し(2.6mm),꽃형교체너트 드라이버(2.6mm),ナット締め外し,小さなナットを確実に扱いやすい,너트 조임 및 분리,작은 너트를 확실하게 다루기 쉬움,16000,KRW,,カタログP.156,6009_1.jpg,https://www.san-nishimura.co.jp/product/item/%e3%83%81%e3%82%a7%e3%83%b3%e3%82%b8%e3%83%89%e3%83%a9%e3%82%a4%e3%83%90%e3%83%bctakubo%e8%a3%bd/
6009-A,チェンジナット廻し先丈,교체너트 드라이버,ナット締め外し,小さなナットを確実に扱いやすい,너트 조임 및 분리,작은 너트를 확실하게 다루기 쉬움,7500,KRW,,,6009-A_1.jpg,https://www.san-nishimura.co.jp/product/item/?key_word=6009-A
6009-B,チェンジドライバー柄丈,교체드라이버,ネジ調整,日常修理をスムーズにしやすい,나사 조정,일상 수리를 원활하게 하기 쉬움,9900,KRW,,,6009-B_1.jpg,https://www.san-nishimura.co.jp/product/item/?key_word=6009-B
6010,チェンジネジ先面取り,교체나사,ネジ交換・固定,ゆるみや紛失時に対応しやすい,나사 교체 및 고정,풀림이나 분실에 대응하기 쉬움,16000,KRW,,"カタログP.145,156",6010_1.jpg,https://www.san-nishimura.co.jp/product/item/?key_word=6010
6010-A,チェンジドライバー先丈,교체드라이버,ネジ調整,日常修理をスムーズにしやすい,나사 조정,일상 수리를 원활하게 하기 쉬움,7500,KRW,,,6010-A_1.jpg,https://www.san-nishimura.co.jp/product/item/?key_word=6010-A
6010-B,チェンジドライバー柄丈,교체드라이버,ネジ調整,日常修理をスムーズにしやすい,나사 조정,일상 수리를 원활하게 하기 쉬움,9900,KRW,,,6010-B_1.jpg,https://www.san-nishimura.co.jp/product/item/?key_word=6010-B
6011,ハンドリーマ,리머,穴の面取り・微調整,部品を合わせやすい穴に整えられる,구멍 면취 및 미세 조정,부품에 맞는 구멍으로 정돈하기 쉬움,44200,KRW,,"カタログP.156,166",6011_1.jpg,https://www.san-nishimura.co.jp/product/item/%e3%83%8f%e3%83%b3%e3%83%89%e3%83%aa%e3%83%bc%e3%83%9e/
6011-A,ハンドリーマ 先丈,리머,穴の面取り・微調整,部品を合わせやすい穴に整えられる,구멍 면취 및 미세 조정,부품에 맞는 구멍으로 정돈하기 쉬움,39100,KRW,,,6011-A_1.jpg,https://www.san-nishimura.co.jp/product/item/?key_word=6011-A
6011-B,ハンドリーマ 柄丈,리머,穴の面取り・微調整,部品を合わせやすい穴に整えられる,구멍 면취 및 미세 조정,부품에 맞는 구멍으로 정돈하기 쉬움,9900,KRW,,,6011-B_1.jpg,https://www.san-nishimura.co.jp/product/item/?key_word=6011-B
6020,切込ドライバー(3.0) 1.2mm,드라이버(3.0) 1.2mm,ネジ調整,日常修理をスムーズにしやすい,나사 조정,일상 수리를 원활하게 하기 쉬움,61200,KRW,,"カタログP.156,159",6020_1.jpg,https://www.san-nishimura.co.jp/product/item/%e5%88%87%e8%be%bc%e3%83%89%e3%83%a9%e3%82%a4%e3%83%90%e3%83%bcb%ef%bc%86s%e8%a3%bd-2/
6021,切込ドライバー(3.5) 1.2mm,드라이버(3.5) 1.2mm,ネジ調整,日常修理をスムーズにしやすい,나사 조정,일상 수리를 원활하게 하기 쉬움,61200,KRW,,"カタログP.156,159",6021_1.jpg,https://www.san-nishimura.co.jp/product/item/?key_word=6021
6022,切込ドライバー(3.0) 1.4mm,드라이버(3.0) 1.4mm,ネジ調整,日常修理をスムーズにしやすい,나사 조정,일상 수리를 원활하게 하기 쉬움,61200,KRW,,"カタログP.156,159",6022_1.jpg,https://www.san-nishimura.co.jp/product/item/?key_word=6022
6023,切込ドライバー(3.5) 1.4mm,드라이버(3.5) 1.4mm,ネジ調整,日常修理をスムーズにしやすい,나사 조정,일상 수리를 원활하게 하기 쉬움,61200,KRW,,"カタログP.156,159",6023_1.jpg,https://www.san-nishimura.co.jp/product/item/?key_word=6023
6024,切込ドライバー(3.0) 1.8mm,드라이버(3.0) 1.8mm,ネジ調整,日常修理をスムーズにしやすい,나사 조정,일상 수리를 원활하게 하기 쉬움,61200,KRW,,"カタログP.156,159",6024_1.jpg,https://www.san-nishimura.co.jp/product/item/?key_word=6024
6025,切込ドライバー(3.5) 1.8mm,드라이버(3.5) 1.8mm,ネジ調整,日常修理をスムーズにしやすい,나사 조정,일상 수리를 원활하게 하기 쉬움,61200,KRW,,"カタログP.156,159",6025_1.jpg,https://www.san-nishimura.co.jp/product/item/?key_word=6025
6026,切込ドライバー(2.6) 1.4mm,드라이버(2.6) 1.4mm,ネジ調整,日常修理をスムーズにしやすい,나사 조정,일상 수리를 원활하게 하기 쉬움,61200,KRW,,カタログP.159,6026_1.jpg,https://www.san-nishimura.co.jp/product/item/?key_word=6026
6027,切込ドライバー(3.2) 1.4mm,드라이버(3.2) 1.4mm,ネジ調整,日常修理をスムーズにしやすい,나사 조정,일상 수리를 원활하게 하기 쉬움,61200,KRW,,カタログP.159,6027_1.jpg,https://www.san-nishimura.co.jp/product/item/?key_word=6027
6028,切込ドライバー(2.3) 1.2mm,드라이버(2.3) 1.2mm,ネジ調整,日常修理をスムーズにしやすい,나사 조정,일상 수리를 원활하게 하기 쉬움,61200,KRW,,カタログP.159,6028_1.jpg,https://www.san-nishimura.co.jp/product/item/?key_word=6028
6200,切込ドライバーセット,드라이버세트,ネジ調整,日常修理をスムーズにしやすい,나사 조정,일상 수리를 원활하게 하기 쉬움,341700,KRW,6本,カタログP.159,6200_1.jpg,https://www.san-nishimura.co.jp/product/item/?key_word=6200
6300,ドライバーセット(ツールスタンド付),드라이버세트(스탠드포함),ネジ調整,日常修理をスムーズにしやすい,나사 조정,일상 수리를 원활하게 하기 쉬움,608600,KRW,,カタログP.156,6300_1.jpg,https://www.san-nishimura.co.jp/product/item/?key_word=6300
7110,ウラブタ締め器,뒷뚜껑 압착기,腕時計の分解・調整,細かな時計作業を安定させやすい,손목시계 분해 및 조정,세밀한 시계 작업을 안정시키기 쉬움,493000,KRW,,カタログP.244,7110_1.jpg,https://www.san-nishimura.co.jp/product/item/?key_word=7110
15700,キズ見 2.5,2.5,腕時計の分解・調整,細かな時計作業を安定させやすい,손목시계 분해 및 조정,세밀한 시계 작업을 안정시키기 쉬움,15600,KRW,,カタログP.244,15700_1.jpg,https://www.san-nishimura.co.jp/product/item/?key_word=15700
17620,メガネキズ見2.5,안경 2.5,腕時計の分解・調整,細かな時計作業を安定させやすい,손목시계 분해 및 조정,세밀한 시계 작업을 안정시키기 쉬움,58700,KRW,,カタログP.244,17620_1.jpg,https://www.san-nishimura.co.jp/product/item/?key_word=17620
18800,薄型コジ明け(B),(B),腕時計の分解・調整,細かな時計作業を安定させやすい,손목시계 분해 및 조정,세밀한 시계 작업을 안정시키기 쉬움,14500,KRW,,カタログP.244,18800_1.jpg,https://www.san-nishimura.co.jp/product/item/?key_word=18800
19400,側開器,측면 오프너,腕時計の分解・調整,細かな時計作業を安定させやすい,손목시계 분해 및 조정,세밀한 시계 작업을 안정시키기 쉬움,103700,KRW,,カタログP.244,19400_1.jpg,https://www.san-nishimura.co.jp/product/item/?key_word=19400
19500,保持器,홀더,腕時計の分解・調整,細かな時計作業を安定させやすい,손목시계 분해 및 조정,세밀한 시계 작업을 안정시키기 쉬움,93800,KRW,,カタログP.244,19500_1.jpg,https://www.san-nishimura.co.jp/product/item/?key_word=19500
19600,万能保持器,홀더,腕時計の分解・調整,細かな時計作業を安定させやすい,손목시계 분해 및 조정,세밀한 시계 작업을 안정시키기 쉬움,134900,KRW,,カタログP.244,19600_1.jpg,https://www.san-nishimura.co.jp/product/item/?key_word=19600
46000,バネ棒用工具,스프링 공구,腕時計の分解・調整,細かな時計作業を安定させやすい,손목시계 분해 및 조정,세밀한 시계 작업을 안정시키기 쉬움,14500,KRW,,カタログP.244,46000_1.jpg,https://www.san-nishimura.co.jp/product/item/?key_word=46000
46001,バネ棒用工具替え先セット,스프링 공구 세트,腕時計の分解・調整,細かな時計作業を安定させやすい,손목시계 분해 및 조정,세밀한 시계 작업을 안정시키기 쉬움,8400,KRW,,カタログP.244,46001_1.jpg,https://www.san-nishimura.co.jp/product/item/?key_word=46001
73301,テナックス,테낙스,ナイロール・溝まわり調整,レンズ保持を安定させやすい,나일론 림·홈 주변 조정,렌즈 고정을 안정시키기 쉬움,17000,KRW,,"カタログP.59,265",73301_1.png,https://www.san-nishimura.co.jp/product/item/%e3%83%86%e3%83%8a%e3%83%83%e3%82%af%e3%82%b9/
AG-5EX,自動溝堀機EX型,EX,レンズ・フレーム加工,加工精度や仕上がりをそろえやすい,렌즈 및 프레임 가공,가공 정밀도와 마감을 일정하게 하기 쉬움,2312000,KRW,,カタログP.238,AG-5EX_1.jpg,https://www.san-nishimura.co.jp/product/item/%e8%87%aa%e5%8b%95%e6%ba%9d%e5%a0%80%e6%a9%9f-ex%e5%9e%8b/
AG-5-11,丸ベルト,원형,機器部品交換・補修,機器を使い続けやすい,장비 부품 교체 및 보수,장비를 계속 사용하기 쉬움,22100,KRW,,カタログP.238,AG-5-11_1.jpg,https://www.san-nishimura.co.jp/product/item/?key_word=AG-5-11
AP-2,オートポリッシャー,오토 폴리셔,研磨・艶出し,キズやくすみを整えやすい,연마 및 광택 마감,흠집과 칙칙함을 정돈하기 쉬움,4182000,KRW,,カタログP.237,AP-2_1.jpg,https://www.san-nishimura.co.jp/product/item/%e3%82%aa%e3%83%bc%e3%83%88%e3%83%9d%e3%83%aa%e3%83%83%e3%82%b7%e3%83%a3%e3%83%bc/
AP-2-2,バフホイルAP-80,버프 AP-80,研磨・艶出し,キズやくすみを整えやすい,연마 및 광택 마감,흠집과 칙칙함을 정돈하기 쉬움,49300,KRW,,カタログP.237,,https://www.san-nishimura.co.jp/product/item/?key_word=AP-2-2
AP-2-3,ポリッシングスティック,폴리싱 스틱,研磨・艶出し,キズやくすみを整えやすい,연마 및 광택 마감,흠집과 칙칙함을 정돈하기 쉬움,27200,KRW,,カタログP.237,,https://www.san-nishimura.co.jp/product/item/?key_word=AP-2-3
CL100-A,クリップオングラス (ライトスモーク),클립온 안경 (라이트),まぶしさ対策,必要な時だけ装着しやすい,눈부심 대책,필요할 때만 장착하기 쉬움,29300,KRW,,,CL100-A_1.jpg,https://www.san-nishimura.co.jp/product/item/?key_word=CL100-A
CL100-B,クリップオングラス (スモーク),클립온 안경 (),まぶしさ対策,必要な時だけ装着しやすい,눈부심 대책,필요할 때만 장착하기 쉬움,29300,KRW,,,CL100-B_1.jpg,https://www.san-nishimura.co.jp/product/item/?key_word=CL100-B
CL100-C,クリップオングラス (ダークスモーク),클립온 안경 (),まぶしさ対策,必要な時だけ装着しやすい,눈부심 대책,필요할 때만 장착하기 쉬움,29300,KRW,,,CL100-C_1.jpg,https://www.san-nishimura.co.jp/product/item/?key_word=CL100-C
CL100-D,クリップオングラス (ライトブラウン),클립온 안경 (라이트브라운),まぶしさ対策,必要な時だけ装着しやすい,눈부심 대책,필요할 때만 장착하기 쉬움,29300,KRW,,,CL100-D_1.jpg,https://www.san-nishimura.co.jp/product/item/?key_word=CL100-D
CL100-E,クリップオングラス (ブラウン),클립온 안경 (브라운),まぶしさ対策,必要な時だけ装着しやすい,눈부심 대책,필요할 때만 장착하기 쉬움,29300,KRW,,,CL100-E_1.jpg,https://www.san-nishimura.co.jp/product/item/?key_word=CL100-E
CL100-F,クリップオングラス (ダークブラウン),클립온 안경 (브라운),まぶしさ対策,必要な時だけ装着しやすい,눈부심 대책,필요할 때만 장착하기 쉬움,29300,KRW,,,CL100-F_1.jpg,https://www.san-nishimura.co.jp/product/item/?key_word=CL100-F
CL200-A,クリップオングラス (ライトスモーク),클립온 안경 (라이트),まぶしさ対策,必要な時だけ装着しやすい,눈부심 대책,필요할 때만 장착하기 쉬움,29300,KRW,,,CL200-A_1.jpg,https://www.san-nishimura.co.jp/product/item/?key_word=CL200-A
CL200-B,クリップオングラス (スモーク),클립온 안경 (),まぶしさ対策,必要な時だけ装着しやすい,눈부심 대책,필요할 때만 장착하기 쉬움,29300,KRW,,,CL200-B_1.jpg,https://www.san-nishimura.co.jp/product/item/?key_word=CL200-B
CL200-C,クリップオングラス (ダークスモーク),클립온 안경 (),まぶしさ対策,必要な時だけ装着しやすい,눈부심 대책,필요할 때만 장착하기 쉬움,29300,KRW,,,CL200-C_1.jpg,https://www.san-nishimura.co.jp/product/item/?key_word=CL200-C
CL200-D,クリップオングラス (ライトブラウン),클립온 안경 (라이트브라운),まぶしさ対策,必要な時だけ装着しやすい,눈부심 대책,필요할 때만 장착하기 쉬움,29300,KRW,,,CL200-D_1.jpg,https://www.san-nishimura.co.jp/product/item/?key_word=CL200-D
CL200-E,クリップオングラス (ブラウン),클립온 안경 (브라운),まぶしさ対策,必要な時だけ装着しやすい,눈부심 대책,필요할 때만 장착하기 쉬움,29300,KRW,,,CL200-E_1.jpg,https://www.san-nishimura.co.jp/product/item/?key_word=CL200-E
CL200-F,クリップオングラス (ダークブラウン),클립온 안경 (브라운),まぶしさ対策,必要な時だけ装着しやすい,눈부심 대책,필요할 때만 장착하기 쉬움,29300,KRW,,,CL200-F_1.jpg,https://www.san-nishimura.co.jp/product/item/?key_word=CL200-F
CL300-A,クリップオングラス (ライトスモーク),클립온 안경 (라이트),まぶしさ対策,必要な時だけ装着しやすい,눈부심 대책,필요할 때만 장착하기 쉬움,29300,KRW,,,CL300-A_1.jpg,https://www.san-nishimura.co.jp/product/item/?key_word=CL300-A
CL300-B,クリップオングラス (スモーク),클립온 안경 (),まぶしさ対策,必要な時だけ装着しやすい,눈부심 대책,필요할 때만 장착하기 쉬움,29300,KRW,,,CL300-B_1.jpg,https://www.san-nishimura.co.jp/product/item/?key_word=CL300-B
CL300-C,クリップオングラス (ダークスモーク),클립온 안경 (),まぶしさ対策,必要な時だけ装着しやすい,눈부심 대책,필요할 때만 장착하기 쉬움,29300,KRW,,,CL300-C_1.jpg,https://www.san-nishimura.co.jp/product/item/?key_word=CL300-C
CL300-D,クリップオングラス (ライトブラウン),클립온 안경 (라이트브라운),まぶしさ対策,必要な時だけ装着しやすい,눈부심 대책,필요할 때만 장착하기 쉬움,29300,KRW,,,CL300-D_1.jpg,https://www.san-nishimura.co.jp/product/item/?key_word=CL300-D
CL300-E,クリップオングラス (ブラウン),클립온 안경 (브라운),まぶしさ対策,必要な時だけ装着しやすい,눈부심 대책,필요할 때만 장착하기 쉬움,29300,KRW,,,CL300-E_1.jpg,https://www.san-nishimura.co.jp/product/item/?key_word=CL300-E
CL300-F,クリップオングラス (ダークブラウン),클립온 안경 (브라운),まぶしさ対策,必要な時だけ装着しやすい,눈부심 대책,필요할 때만 장착하기 쉬움,29300,KRW,,,CL300-F_1.jpg,https://www.san-nishimura.co.jp/product/item/?key_word=CL300-F
CL400-A,クリップオングラス (ライトスモーク),클립온 안경 (라이트),まぶしさ対策,必要な時だけ装着しやすい,눈부심 대책,필요할 때만 장착하기 쉬움,29300,KRW,,,CL400-A_1.jpg,https://www.san-nishimura.co.jp/product/item/?key_word=CL400-A
CL400-B,クリップオングラス (スモーク),클립온 안경 (),まぶしさ対策,必要な時だけ装着しやすい,눈부심 대책,필요할 때만 장착하기 쉬움,29300,KRW,,,CL400-B_1.jpg,https://www.san-nishimura.co.jp/product/item/?key_word=CL400-B
CL400-C,クリップオングラス (ダークスモーク),클립온 안경 (),まぶしさ対策,必要な時だけ装着しやすい,눈부심 대책,필요할 때만 장착하기 쉬움,29300,KRW,,,CL400-C_1.jpg,https://www.san-nishimura.co.jp/product/item/?key_word=CL400-C
CL400-D,クリップオングラス (ライトブラウン),클립온 안경 (라이트브라운),まぶしさ対策,必要な時だけ装着しやすい,눈부심 대책,필요할 때만 장착하기 쉬움,29300,KRW,,,CL400-D_1.jpg,https://www.san-nishimura.co.jp/product/item/?key_word=CL400-D
CL400-E,クリップオングラス (ブラウン),클립온 안경 (브라운),まぶしさ対策,必要な時だけ装着しやすい,눈부심 대책,필요할 때만 장착하기 쉬움,29300,KRW,,,CL400-E_1.jpg,https://www.san-nishimura.co.jp/product/item/?key_word=CL400-E
CL400-F,クリップオングラス (ダークブラウン),클립온 안경 (브라운),まぶしさ対策,必要な時だけ装着しやすい,눈부심 대책,필요할 때만 장착하기 쉬움,29300,KRW,,,CL400-F_1.jpg,https://www.san-nishimura.co.jp/product/item/?key_word=CL400-F
CL500-A,クリップオングラス (ライトスモーク),클립온 안경 (라이트),まぶしさ対策,必要な時だけ装着しやすい,눈부심 대책,필요할 때만 장착하기 쉬움,29300,KRW,,,CL500-A_1.jpg,https://www.san-nishimura.co.jp/product/item/?key_word=CL500-A
CL500-B,クリップオングラス (スモーク),클립온 안경 (),まぶしさ対策,必要な時だけ装着しやすい,눈부심 대책,필요할 때만 장착하기 쉬움,29300,KRW,,,CL500-B_1.jpg,https://www.san-nishimura.co.jp/product/item/?key_word=CL500-B
CL500-C,クリップオングラス (ダークスモーク),클립온 안경 (),まぶしさ対策,必要な時だけ装着しやすい,눈부심 대책,필요할 때만 장착하기 쉬움,29300,KRW,,,CL500-C_1.jpg,https://www.san-nishimura.co.jp/product/item/?key_word=CL500-C
CL500-D,クリップオングラス (ライトブラウン),클립온 안경 (라이트브라운),まぶしさ対策,必要な時だけ装着しやすい,눈부심 대책,필요할 때만 장착하기 쉬움,29300,KRW,,,CL500-D_1.jpg,https://www.san-nishimura.co.jp/product/item/?key_word=CL500-D
CL500-E,クリップオングラス (ブラウン),클립온 안경 (브라운),まぶしさ対策,必要な時だけ装着しやすい,눈부심 대책,필요할 때만 장착하기 쉬움,29300,KRW,,,CL500-E_1.jpg,https://www.san-nishimura.co.jp/product/item/?key_word=CL500-E
CL500-F,クリップオングラス (ダークブラウン),클립온 안경 (브라운),まぶしさ対策,必要な時だけ装着しやすい,눈부심 대책,필요할 때만 장착하기 쉬움,29300,KRW,,,CL500-F_1.jpg,https://www.san-nishimura.co.jp/product/item/?key_word=CL500-F
CL600-A,クリップオングラス (ライトスモーク),클립온 안경 (라이트),まぶしさ対策,必要な時だけ装着しやすい,눈부심 대책,필요할 때만 장착하기 쉬움,29300,KRW,,,CL600-A_1.jpg,https://www.san-nishimura.co.jp/product/item/?key_word=CL600-A
CL600-B,クリップオングラス (スモーク),클립온 안경 (),まぶしさ対策,必要な時だけ装着しやすい,눈부심 대책,필요할 때만 장착하기 쉬움,29300,KRW,,,CL600-B_1.jpg,https://www.san-nishimura.co.jp/product/item/?key_word=CL600-B
CL600-C,クリップオングラス (ダークスモーク),클립온 안경 (),まぶしさ対策,必要な時だけ装着しやすい,눈부심 대책,필요할 때만 장착하기 쉬움,29300,KRW,,,CL600-C_1.jpg,https://www.san-nishimura.co.jp/product/item/?key_word=CL600-C
CL600-E,クリップオングラス (ブラウン),클립온 안경 (브라운),まぶしさ対策,必要な時だけ装着しやすい,눈부심 대책,필요할 때만 장착하기 쉬움,29300,KRW,,,CL600-E_1.jpg,https://www.san-nishimura.co.jp/product/item/?key_word=CL600-E
CL600-F,クリップオングラス (ダークブラウン),클립온 안경 (브라운),まぶしさ対策,必要な時だけ装着しやすい,눈부심 대책,필요할 때만 장착하기 쉬움,29300,KRW,,,CL600-F_1.jpg,https://www.san-nishimura.co.jp/product/item/?key_word=CL600-F
D141-778-CG-A,Dシリーズチタンプレミアムパッド(シャンパンゴールド×ブラック),D시리즈티타늄 프리미엄코받침(골드×블랙),鼻パッド交換・調整,当たりと掛け心地を整えやすい,코패드 교체 및 조정,맞닿는 느낌과 착용감을 조정하기 쉬움,9200,KRW,,,D141-778-CG-A_1.jpg,https://www.san-nishimura.co.jp/product/item/?key_word=D141-778-CG-A
D141-778-CG-B,Dシリーズチタンプレミアムパッド(シャンパンゴールド×ブラウン),D시리즈티타늄 프리미엄코받침(골드×브라운),鼻パッド交換・調整,当たりと掛け心地を整えやすい,코패드 교체 및 조정,맞닿는 느낌과 착용감을 조정하기 쉬움,9200,KRW,,,D141-778-CG-B_1.jpg,https://www.san-nishimura.co.jp/product/item/?key_word=D141-778-CG-B
D141-778-S-A,Dシリーズチタンプレミアムパッド(シルバー×ブラック),D시리즈티타늄 프리미엄코받침(실버×블랙),鼻パッド交換・調整,当たりと掛け心地を整えやすい,코패드 교체 및 조정,맞닿는 느낌과 착용감을 조정하기 쉬움,9200,KRW,,,D141-778-S-A_1.jpg,https://www.san-nishimura.co.jp/product/item/?key_word=D141-778-S-A
D141-778-S-B,Dシリーズチタンプレミアムパッド(シルバー×ブラウン),D시리즈티타늄 프리미엄코받침(실버×브라운),鼻パッド交換・調整,当たりと掛け心地を整えやすい,코패드 교체 및 조정,맞닿는 느낌과 착용감을 조정하기 쉬움,9200,KRW,,,D141-778-S-B_1.jpg,https://www.san-nishimura.co.jp/product/item/?key_word=D141-778-S-B
D141-779-CG-A,Dシリーズチタンプレミアムパッド(シャンパンゴールド×ブラック),D시리즈티타늄 프리미엄코받침(골드×블랙),鼻パッド交換・調整,当たりと掛け心地を整えやすい,코패드 교체 및 조정,맞닿는 느낌과 착용감을 조정하기 쉬움,9200,KRW,,,D141-779-CG-A_1.jpg,https://www.san-nishimura.co.jp/product/item/?key_word=D141-779-CG-A
D141-779-CG-B,Dシリーズチタンプレミアムパッド(シャンパンゴールド×ブラウン),D시리즈티타늄 프리미엄코받침(골드×브라운),鼻パッド交換・調整,当たりと掛け心地を整えやすい,코패드 교체 및 조정,맞닿는 느낌과 착용감을 조정하기 쉬움,9200,KRW,,,D141-779-CG-B_1.jpg,https://www.san-nishimura.co.jp/product/item/?key_word=D141-779-CG-B
D141-779-BK-A,Dシリーズチタンプレミアムパッド(ブラック×ブラック),D시리즈티타늄 프리미엄코받침(블랙×블랙),鼻パッド交換・調整,当たりと掛け心地を整えやすい,코패드 교체 및 조정,맞닿는 느낌과 착용감을 조정하기 쉬움,9200,KRW,,,D141-779-BK-A_1.jpg,https://www.san-nishimura.co.jp/product/item/?key_word=D141-779-BK-A
D141-779-BK-B,Dシリーズチタンプレミアムパッド(ブラック×ブラウン),D시리즈티타늄 프리미엄코받침(블랙×브라운),鼻パッド交換・調整,当たりと掛け心地を整えやすい,코패드 교체 및 조정,맞닿는 느낌과 착용감을 조정하기 쉬움,9200,KRW,,,D141-779-BK-B_1.jpg,https://www.san-nishimura.co.jp/product/item/?key_word=D141-779-BK-B
D141-779-RW-A,Dシリーズチタンプレミアムパッド(ベースメタル×ブラック),D시리즈티타늄 프리미엄코받침(메탈×블랙),鼻パッド交換・調整,当たりと掛け心地を整えやすい,코패드 교체 및 조정,맞닿는 느낌과 착용감을 조정하기 쉬움,9200,KRW,,,D141-779-RW-A_1.jpg,https://www.san-nishimura.co.jp/product/item/?key_word=D141-779-RW-A
D141-779-RW-B,Dシリーズチタンプレミアムパッド(ベースメタル×ブラウン),D시리즈티타늄 프리미엄코받침(메탈×브라운),鼻パッド交換・調整,当たりと掛け心地を整えやすい,코패드 교체 및 조정,맞닿는 느낌과 착용감을 조정하기 쉬움,9200,KRW,,,D141-779-RW-B_1.jpg,https://www.san-nishimura.co.jp/product/item/?key_word=D141-779-RW-B
DM-3,レンズ穴明機,렌즈,穴あけ・穴調整,穴径や位置を整えやすい,구멍 가공 및 조정,구멍 크기와 위치를 맞추기 쉬움,1921000,KRW,,カタログP.237,DM-3_1.jpg,https://www.san-nishimura.co.jp/product/item/%e3%83%ac%e3%83%b3%e3%82%ba%e7%a9%b4%e6%98%8e%e6%a9%9f/
DM-5,レンズ穴明機,렌즈,穴あけ・穴調整,穴径や位置を整えやすい,구멍 가공 및 조정,구멍 크기와 위치를 맞추기 쉬움,1870000,KRW,,カタログP.237,DM-5_1.jpg,https://www.san-nishimura.co.jp/product/item/%e3%83%ac%e3%83%b3%e3%82%ba%e7%a9%b4%e6%98%8e%e6%a9%9f-2/
DM-50,デジドリル,드릴,穴あけ・穴調整,穴径や位置を整えやすい,구멍 가공 및 조정,구멍 크기와 위치를 맞추기 쉬움,6120000,KRW,,カタログP.238,DM-50_1.jpg,https://www.san-nishimura.co.jp/product/item/%e3%83%87%e3%82%b8%e3%83%89%e3%83%aa%e3%83%ab/
E110910,繰出しルーペ 10x 23mm径,확대경 10x 23mm,拡大確認,細部を見やすくする,확대 확인,세부를 보기 쉽게 함,69400,KRW,,,E110910_1.jpg,https://www.san-nishimura.co.jp/product/item/?key_word=E110910
E1124110,アイルーペ10x 25mm径,확대경10x 25mm,拡大確認,細部を見やすくする,확대 확인,세부를 보기 쉽게 함,45900,KRW,,,,https://www.san-nishimura.co.jp/product/item/?key_word=E1124110
E11243,アイルーペ3x 25mm径,확대경3x 25mm,拡大確認,細部を見やすくする,확대 확인,세부를 보기 쉽게 함,35700,KRW,,,,https://www.san-nishimura.co.jp/product/item/?key_word=E11243
E11245,アイルーペ5x 25mm径,확대경5x 25mm,拡大確認,細部を見やすくする,확대 확인,세부를 보기 쉽게 함,38800,KRW,,,,https://www.san-nishimura.co.jp/product/item/?key_word=E11245
E11247,アイルーペ7x 25mm径,확대경7x 25mm,拡大確認,細部を見やすくする,확대 확인,세부를 보기 쉽게 함,43900,KRW,,,E11247_1.jpg,https://www.san-nishimura.co.jp/product/item/?key_word=E11247
E1130,ダイヤモンドルーペ15x 13mm径,다이아몬드확대경15x 13mm,拡大確認,細部を見やすくする,확대 확인,세부를 보기 쉽게 함,60200,KRW,,,E1130_1.jpg,https://www.san-nishimura.co.jp/product/item/?key_word=E1130
E1154,ライトグリップLED,라이트그립LED,拡大確認,細部を見やすくする,확대 확인,세부를 보기 쉽게 함,192800,KRW,,,,https://www.san-nishimura.co.jp/product/item/?key_word=E1154
E115201,スケール(ドッキングスケールルーペ用),(확대경),拡大確認,細部を見やすくする,확대 확인,세부를 보기 쉽게 함,74500,KRW,,,E115201_1.jpg,https://www.san-nishimura.co.jp/product/item/?key_word=E115201
E115202,スケール(ドッキングスケールルーペ用),(확대경),拡大確認,細部を見やすくする,확대 확인,세부를 보기 쉽게 함,74500,KRW,,,E115202_1.jpg,https://www.san-nishimura.co.jp/product/item/?key_word=E115202
E115203,スケール(ドッキングスケールルーペ用),(확대경),拡大確認,細部を見やすくする,확대 확인,세부를 보기 쉽게 함,74500,KRW,,,E115203_1.jpg,https://www.san-nishimura.co.jp/product/item/?key_word=E115203
E115204,スケール(ドッキングスケールルーペ用),(확대경),拡大確認,細部を見やすくする,확대 확인,세부를 보기 쉽게 함,74500,KRW,,,E115204_1.jpg,https://www.san-nishimura.co.jp/product/item/?key_word=E115204
E1153,ワイドスタンドルーペ8x 25mm径,와이드스탠드확대경8x 25mm,拡大確認,細部を見やすくする,확대 확인,세부를 보기 쉽게 함,60200,KRW,,,E1153_1.jpg,https://www.san-nishimura.co.jp/product/item/?key_word=E1153
E115410,スケールルーペ10x(1152-01付)視度調節可,확대경10x(1152-01포함),拡大確認,細部を見やすくする,확대 확인,세부를 보기 쉽게 함,280500,KRW,,,E115410_1.jpg,https://www.san-nishimura.co.jp/product/item/?key_word=E115410
E11547,スケールルーペ7x(1152-01付)視度調節可,확대경7x(1152-01포함),拡大確認,細部を見やすくする,확대 확인,세부를 보기 쉽게 함,263200,KRW,,,E11547_1.jpg,https://www.san-nishimura.co.jp/product/item/?key_word=E11547
E117610,精密繰出しルーペ10x 21mm径,확대경10x 21mm,拡大確認,細部を見やすくする,확대 확인,세부를 보기 쉽게 함,118300,KRW,,,,https://www.san-nishimura.co.jp/product/item/?key_word=E117610
E117612,精密繰出しルーペ12x 15mm径,확대경12x 15mm,拡大確認,細部を見やすくする,확대 확인,세부를 보기 쉽게 함,138700,KRW,,,,https://www.san-nishimura.co.jp/product/item/?key_word=E117612
E11766,精密繰出しルーペ6x 21mm径,확대경6x 21mm,拡大確認,細部を見やすくする,확대 확인,세부를 보기 쉽게 함,106100,KRW,,,E11766_1.jpg,https://www.san-nishimura.co.jp/product/item/?key_word=E11766
E11768,精密繰出しルーペ8x 21mm径,확대경8x 21mm,拡大確認,細部を見やすくする,확대 확인,세부를 보기 쉽게 함,112200,KRW,,,,https://www.san-nishimura.co.jp/product/item/?key_word=E11768
E118210,フォールディングルーペ10x 23mm径,확대경10x 23mm,拡大確認,細部を見やすくする,확대 확인,세부를 보기 쉽게 함,126500,KRW,,,E118210_1.jpg,https://www.san-nishimura.co.jp/product/item/?key_word=E118210
E118410,精密繰出しルーペ10x 15mm径,확대경10x 15mm,拡大確認,細部を見やすくする,확대 확인,세부를 보기 쉽게 함,211100,KRW,,,E118410_1.jpg,https://www.san-nishimura.co.jp/product/item/?key_word=E118410
E118420,精密繰出しルーペ20x 17mm径,확대경20x 17mm,拡大確認,細部を見やすくする,확대 확인,세부를 보기 쉽게 함,235600,KRW,,,,https://www.san-nishimura.co.jp/product/item/?key_word=E118420
E11869,フォールディングルーペ3x+6x=9x 23mm径,확대경3x+6x=9x 23mm,拡大確認,細部を見やすくする,확대 확인,세부를 보기 쉽게 함,219300,KRW,,,E11869_1.jpg,https://www.san-nishimura.co.jp/product/item/?key_word=E11869
E1187,精密繰出しルーペ4x+6x=10x 27mm径,확대경4x+6x=10x 27mm,拡大確認,細部を見やすくする,확대 확인,세부를 보기 쉽게 함,162200,KRW,,,E1187_1.jpg,https://www.san-nishimura.co.jp/product/item/?key_word=E1187
E1255,精密リネンテスター10x 12mm径,10x 12mm,拡大確認,細部を見やすくする,확대 확인,세부를 보기 쉽게 함,74500,KRW,,,E1255_1.jpg,https://www.san-nishimura.co.jp/product/item/?key_word=E1255
E1256,精密リネンテスター8x 15mm径,8x 15mm,拡大確認,細部を見やすくする,확대 확인,세부를 보기 쉽게 함,78500,KRW,,,,https://www.san-nishimura.co.jp/product/item/?key_word=E1256
E1258,精密リネンテスター6x 20mm径,6x 20mm,拡大確認,細部を見やすくする,확대 확인,세부를 보기 쉽게 함,101000,KRW,,,,https://www.san-nishimura.co.jp/product/item/?key_word=E1258
E1259,精密リネンテスター5x 28mm径,5x 28mm,拡大確認,細部を見やすくする,확대 확인,세부를 보기 쉽게 함,129500,KRW,,,,https://www.san-nishimura.co.jp/product/item/?key_word=E1259
E1270,エコノミック・リネンテスター5x 28mm径,5x 28mm,拡大確認,細部を見やすくする,확대 확인,세부를 보기 쉽게 함,37700,KRW,,,E1270_1.jpg,https://www.san-nishimura.co.jp/product/item/?key_word=E1270
E1271,エコノミック・リネンテスター10x 12mm径,10x 12mm,拡大確認,細部を見やすくする,확대 확인,세부를 보기 쉽게 함,33700,KRW,,,,https://www.san-nishimura.co.jp/product/item/?key_word=E1271
E1272,エコノミック・リネンテスター8x 16mm径,8x 16mm,拡大確認,細部を見やすくする,확대 확인,세부를 보기 쉽게 함,34700,KRW,,,,https://www.san-nishimura.co.jp/product/item/?key_word=E1272
E1420,デスクトップルーペ1.8x 65mm,확대경1.8x 65mm,拡大確認,細部を見やすくする,확대 확인,세부를 보기 쉽게 함,133600,KRW,,,E1420_1.jpg,https://www.san-nishimura.co.jp/product/item/?key_word=E1420
E1421,デスクトップルーペ1.8x 65mm 黒枠付き,확대경1.8x 65mm 포함,拡大確認,細部を見やすくする,확대 확인,세부를 보기 쉽게 함,147900,KRW,,,E1421_1.jpg,https://www.san-nishimura.co.jp/product/item/?key_word=E1421
E1424,デスクトップルーペ1.8x 45mm,확대경1.8x 45mm,拡大確認,細部を見やすくする,확대 확인,세부를 보기 쉽게 함,78500,KRW,,,E1424_1.jpg,https://www.san-nishimura.co.jp/product/item/?key_word=E1424
E1426,デスクトップルーペ1.8x 35x50mm,확대경1.8x 35x50mm,拡大確認,細部を見やすくする,확대 확인,세부를 보기 쉽게 함,155000,KRW,,,E1426_1.jpg,https://www.san-nishimura.co.jp/product/item/?key_word=E1426
E1436,デスクトップルーペ2.2x 33x64mm,확대경2.2x 33x64mm,拡大確認,細部を見やすくする,확대 확인,세부를 보기 쉽게 함,187700,KRW,,,E1436_1.jpg,https://www.san-nishimura.co.jp/product/item/?key_word=E1436
E143830,メナスルクス3x,3x,拡大確認,細部を見やすくする,확대 확인,세부를 보기 쉽게 함,240700,KRW,,,E143830_1.jpg,https://www.san-nishimura.co.jp/product/item/?key_word=E143830
E1511001,モベース 3x 3.5x 4x,베이스 3x 3.5x 4x,拡大確認,細部を見やすくする,확대 확인,세부를 보기 쉽게 함,30600,KRW,,,E1511001_1.jpg,https://www.san-nishimura.co.jp/product/item/?key_word=E1511001
E1511002,モベース 5x 6x,베이스 5x 6x,拡大確認,細部を見やすくする,확대 확인,세부를 보기 쉽게 함,30600,KRW,,,E1511002_1.jpg,https://www.san-nishimura.co.jp/product/item/?key_word=E1511002
E1511003,モベース 7x,베이스 7x,拡大確認,細部を見やすくする,확대 확인,세부를 보기 쉽게 함,30600,KRW,,,E1511003_1.jpg,https://www.san-nishimura.co.jp/product/item/?key_word=E1511003
E1511004,モベース 10x 12.5x,베이스 10x 12.5x,拡大確認,細部を見やすくする,확대 확인,세부를 보기 쉽게 함,30600,KRW,,,E1511004_1.jpg,https://www.san-nishimura.co.jp/product/item/?key_word=E1511004
E151110,LEDワイドライトルーペ10x 35mm径,LED와이드라이트확대경10x 35mm,機器部品交換・補修,機器を使い続けやすい,장비 부품 교체 및 보수,장비를 계속 사용하기 쉬움,130600,KRW,,,,https://www.san-nishimura.co.jp/product/item/?key_word=E151110
E151110M,LEDワイドライトルーペ モベースセット10x,LED와이드라이트확대경 베이스세트10x,機器部品交換・補修,機器を使い続けやすい,장비 부품 교체 및 보수,장비를 계속 사용하기 쉬움,145900,KRW,,,,https://www.san-nishimura.co.jp/product/item/?key_word=E151110M
E151112,LEDワイドライトルーペ12.5x 35mm径,LED와이드라이트확대경12.5x 35mm,機器部品交換・補修,機器を使い続けやすい,장비 부품 교체 및 보수,장비를 계속 사용하기 쉬움,145900,KRW,,,,https://www.san-nishimura.co.jp/product/item/?key_word=E151112
E151112M,LEDワイドライトルーペ モベースセット12.5x,LED와이드라이트확대경 베이스세트12.5x,機器部品交換・補修,機器を使い続けやすい,장비 부품 교체 및 보수,장비를 계속 사용하기 쉬움,161200,KRW,,,,https://www.san-nishimura.co.jp/product/item/?key_word=E151112M
E15112,LEDワイドライトルーペ3x 60mm径,LED와이드라이트확대경3x 60mm,機器部品交換・補修,機器を使い続けやすい,장비 부품 교체 및 보수,장비를 계속 사용하기 쉬움,134600,KRW,,,,https://www.san-nishimura.co.jp/product/item/?key_word=E15112
E15112M,LEDワイドライトルーペ モベースセット3x,LED와이드라이트확대경 베이스세트3x,機器部品交換・補修,機器を使い続けやすい,장비 부품 교체 및 보수,장비를 계속 사용하기 쉬움,149900,KRW,,,E15112M_1.jpg,https://www.san-nishimura.co.jp/product/item/?key_word=E15112M
E15113,LEDワイドライトルーペ3.5x 75X50mm,LED와이드라이트확대경3.5x 75X50mm,機器部品交換・補修,機器を使い続けやすい,장비 부품 교체 및 보수,장비를 계속 사용하기 쉬움,148900,KRW,,,,https://www.san-nishimura.co.jp/product/item/?key_word=E15113
E15113M,LEDワイドライトルーペ モベースセット3.5x,LED와이드라이트확대경 베이스세트3.5x,機器部品交換・補修,機器を使い続けやすい,장비 부품 교체 및 보수,장비를 계속 사용하기 쉬움,164200,KRW,,,E15113M_1.jpg,https://www.san-nishimura.co.jp/product/item/?key_word=E15113M
E15114,LEDワイドライトルーペ4x 75x50mm,LED와이드라이트확대경4x 75x50mm,機器部品交換・補修,機器を使い続けやすい,장비 부품 교체 및 보수,장비를 계속 사용하기 쉬움,205000,KRW,,,,https://www.san-nishimura.co.jp/product/item/?key_word=E15114
E151141,LEDワイドライトルーペ4x 60mm径,LED와이드라이트확대경4x 60mm,機器部品交換・補修,機器を使い続けやすい,장비 부품 교체 및 보수,장비를 계속 사용하기 쉬움,145900,KRW,,,,https://www.san-nishimura.co.jp/product/item/?key_word=E151141
E15114M,LEDワイドライトルーペ モベースセット4x,LED와이드라이트확대경 베이스세트4x,機器部品交換・補修,機器を使い続けやすい,장비 부품 교체 및 보수,장비를 계속 사용하기 쉬움,220300,KRW,,,,https://www.san-nishimura.co.jp/product/item/?key_word=E15114M
E151141M,LEDワイドライトルーペ モベースセット4x,LED와이드라이트확대경 베이스세트4x,機器部品交換・補修,機器を使い続けやすい,장비 부품 교체 및 보수,장비를 계속 사용하기 쉬움,161200,KRW,,,,https://www.san-nishimura.co.jp/product/item/?key_word=E151141M
E15115,LEDワイドライトルーペ5x 58mm径,LED와이드라이트확대경5x 58mm,機器部品交換・補修,機器を使い続けやすい,장비 부품 교체 및 보수,장비를 계속 사용하기 쉬움,148900,KRW,,,,https://www.san-nishimura.co.jp/product/item/?key_word=E15115
E15115M,LEDワイドライトルーペ モベースセット5x,LED와이드라이트확대경 베이스세트5x,機器部品交換・補修,機器を使い続けやすい,장비 부품 교체 및 보수,장비를 계속 사용하기 쉬움,164200,KRW,,,,https://www.san-nishimura.co.jp/product/item/?key_word=E15115M
E15116,LEDワイドライトルーペ6x 58mm径,LED와이드라이트확대경6x 58mm,機器部品交換・補修,機器を使い続けやすい,장비 부품 교체 및 보수,장비를 계속 사용하기 쉬움,159100,KRW,,,,https://www.san-nishimura.co.jp/product/item/?key_word=E15116
E15116M,LEDワイドライトルーペ モベースセット6x,LED와이드라이트확대경 베이스세트6x,機器部品交換・補修,機器を使い続けやすい,장비 부품 교체 및 보수,장비를 계속 사용하기 쉬움,174400,KRW,,,,https://www.san-nishimura.co.jp/product/item/?key_word=E15116M
E15117,LEDワイドライトルーペ7x 35mm径,LED와이드라이트확대경7x 35mm,機器部品交換・補修,機器を使い続けやすい,장비 부품 교체 및 보수,장비를 계속 사용하기 쉬움,122400,KRW,,,,https://www.san-nishimura.co.jp/product/item/?key_word=E15117
E15117M,LEDワイドライトルーペ モベースセット7x,LED와이드라이트확대경 베이스세트7x,機器部品交換・補修,機器を使い続けやすい,장비 부품 교체 및 보수,장비를 계속 사용하기 쉬움,137700,KRW,,,E15117M_1.jpg,https://www.san-nishimura.co.jp/product/item/?key_word=E15117M
E15122,LEDワイドライトルーペXL 3x 55x90mm,LED와이드라이트확대경XL 3x 55x90mm,機器部品交換・補修,機器を使い続けやすい,장비 부품 교체 및 보수,장비를 계속 사용하기 쉬움,188700,KRW,,,E15122_1.jpg,https://www.san-nishimura.co.jp/product/item/?key_word=E15122
E15122M,LEDワイドライトルーペXL モベースセット3x,LED와이드라이트확대경XL 베이스세트3x,機器部品交換・補修,機器を使い続けやすい,장비 부품 교체 및 보수,장비를 계속 사용하기 쉬움,204000,KRW,,,E15122M_1.jpg,https://www.san-nishimura.co.jp/product/item/?key_word=E15122M
E1520910,モビレントLED 10x,LED 10x,拡大確認,細部を見やすくする,확대 확인,세부를 보기 쉽게 함,120400,KRW,,,E1520910_1.jpg,https://www.san-nishimura.co.jp/product/item/?key_word=E1520910
E152094,モビレントLED 4x,LED 4x,拡大確認,細部を見やすくする,확대 확인,세부를 보기 쉽게 함,115300,KRW,,,E152094_1.jpg,https://www.san-nishimura.co.jp/product/item/?key_word=E152094
E152097,モビレントLED 7x,LED 7x,拡大確認,細部を見やすくする,확대 확인,세부를 보기 쉽게 함,118300,KRW,,,E152097_1.jpg,https://www.san-nishimura.co.jp/product/item/?key_word=E152097
E152110,easy POCKET3x ブラック,easy POCKET3x 블랙,拡大確認,細部を見やすくする,확대 확인,세부를 보기 쉽게 함,97900,KRW,,,E152110_1.jpg,https://www.san-nishimura.co.jp/product/item/?key_word=E152110
E152111,easy POCKET3x シルバー,easy POCKET3x 실버,拡大確認,細部を見やすくする,확대 확인,세부를 보기 쉽게 함,97900,KRW,,,E152111_1.jpg,https://www.san-nishimura.co.jp/product/item/?key_word=E152111
E152111S01,easy POCKET3x シルバー スワロフスキーStella,easy POCKET3x 실버 Stella,拡大確認,細部を見やすくする,확대 확인,세부를 보기 쉽게 함,126500,KRW,,,E152111S01_1.jpg,https://www.san-nishimura.co.jp/product/item/?key_word=E152111S01
E152111S02,easy POCKET3x シルバー スワロフスキーMilky Way,easy POCKET3x 실버 Milky Way,拡大確認,細部を見やすくする,확대 확인,세부를 보기 쉽게 함,126500,KRW,,,E152111S02_1.jpg,https://www.san-nishimura.co.jp/product/item/?key_word=E152111S02
E152111S03,easy POCKET3x シルバー スワロフスキーAstro Arts,easy POCKET3x 실버 Astro Arts,拡大確認,細部を見やすくする,확대 확인,세부를 보기 쉽게 함,126500,KRW,,,E152111S03_1.jpg,https://www.san-nishimura.co.jp/product/item/?key_word=E152111S03
E152111SA1,easy POCKET3x シルバー スワロフスキーfluer de luxe,easy POCKET3x 실버 fluer de luxe,拡大確認,細部を見やすくする,확대 확인,세부를 보기 쉽게 함,387600,KRW,,,,https://www.san-nishimura.co.jp/product/item/?key_word=E152111SA1
E152122,easy POCKET4x メタリックブルー,easy POCKET4x 블루,拡大確認,細部を見やすくする,확대 확인,세부를 보기 쉽게 함,123400,KRW,,,E152122_1.jpg,https://www.san-nishimura.co.jp/product/item/?key_word=E152122
E152133,イージーポケット(ホワイト) 6×,(화이트) 6×,拡大確認,細部を見やすくする,확대 확인,세부를 보기 쉽게 함,146900,KRW,,,,https://www.san-nishimura.co.jp/product/item/?key_word=E152133
E152211,easy POCKET XL 2.5x シルバー,easy POCKET XL 2.5x 실버,拡大確認,細部を見やすくする,확대 확인,세부를 보기 쉽게 함,155000,KRW,,,E152211_1.jpg,https://www.san-nishimura.co.jp/product/item/?key_word=E152211
E155074,置き型ライトルーペ10x,라이트확대경10x,拡大確認,細部を見やすくする,확대 확인,세부를 보기 쉽게 함,253000,KRW,,,,https://www.san-nishimura.co.jp/product/item/?key_word=E155074
E155174,置き型ライトルーペ7x,라이트확대경7x,拡大確認,細部を見やすくする,확대 확인,세부를 보기 쉽게 함,253000,KRW,,,,https://www.san-nishimura.co.jp/product/item/?key_word=E155174
E155274,置き型ライトルーペ6x,라이트확대경6x,拡大確認,細部を見やすくする,확대 확인,세부를 보기 쉽게 함,238700,KRW,,,,https://www.san-nishimura.co.jp/product/item/?key_word=E155274
E155394,置き型ライトルーペ5x,라이트확대경5x,拡大確認,細部を見やすくする,확대 확인,세부를 보기 쉽게 함,219300,KRW,,,,https://www.san-nishimura.co.jp/product/item/?key_word=E155394
E155494,置き型ライトルーペ4x,라이트확대경4x,拡大確認,細部を見やすくする,확대 확인,세부를 보기 쉽게 함,262100,KRW,,,,https://www.san-nishimura.co.jp/product/item/?key_word=E155494
E155774,置き型ライトルーペ12.5x,라이트확대경12.5x,拡大確認,細部を見やすくする,확대 확인,세부를 보기 쉽게 함,283600,KRW,,,,https://www.san-nishimura.co.jp/product/item/?key_word=E155774
E155994,置き型ライトルーペ3x,라이트확대경3x,拡大確認,細部を見やすくする,확대 확인,세부를 보기 쉽게 함,253000,KRW,,,E155994_1.jpg,https://www.san-nishimura.co.jp/product/item/?key_word=E155994
E156512,スクリボラックス2.8x,2.8x,拡大確認,細部を見やすくする,확대 확인,세부를 보기 쉽게 함,265200,KRW,,,E156512_1.jpg,https://www.san-nishimura.co.jp/product/item/?key_word=E156512
E1566,ヴィゾ・ルクス・プラス3x,3x,拡大確認,細部を見やすくする,확대 확인,세부를 보기 쉽게 함,323300,KRW,,,E1566_1.jpg,https://www.san-nishimura.co.jp/product/item/?key_word=E1566
E158064,置き型ライトルーペ3x ダブルレンズ,라이트확대경3x 렌즈,拡大確認,細部を見やすくする,확대 확인,세부를 보기 쉽게 함,316200,KRW,,,,https://www.san-nishimura.co.jp/product/item/?key_word=E158064
E158264,置き型ライトルーペ2.8x ダブルレンズ,라이트확대경2.8x 렌즈,拡大確認,細部を見やすくする,확대 확인,세부를 보기 쉽게 함,365200,KRW,,,E158264_1.jpg,https://www.san-nishimura.co.jp/product/item/?key_word=E158264
E158614,パワーラックス3.5x cool light,3.5x cool light,拡大確認,細部を見やすくする,확대 확인,세부를 보기 쉽게 함,323300,KRW,,,,https://www.san-nishimura.co.jp/product/item/?key_word=E158614
E158620,パワーラックス5x cool light,5x cool light,拡大確認,細部を見やすくする,확대 확인,세부를 보기 쉽게 함,323300,KRW,,,,https://www.san-nishimura.co.jp/product/item/?key_word=E158620
E1586201,パワーラックス5x warm light,5x warm light,拡大確認,細部を見やすくする,확대 확인,세부를 보기 쉽게 함,323300,KRW,,,,https://www.san-nishimura.co.jp/product/item/?key_word=E1586201
E158628,パワーラックス7x cool light,7x cool light,拡大確認,細部を見やすくする,확대 확인,세부를 보기 쉽게 함,323300,KRW,,,,https://www.san-nishimura.co.jp/product/item/?key_word=E158628
E15981,ルーぺ用ストラップ,루페용 스트랩,携帯・落下防止,置き忘れや落下を防ぎやすい,휴대 및 낙하 방지,두고 가거나 떨어뜨리는 일을 줄이기 쉬움,12200,KRW,,,E15981_1.jpg,https://www.san-nishimura.co.jp/product/item/?key_word=E15981
E16042,ヘッドライトLED,라이트LED,拡大確認,細部を見やすくする,확대 확인,세부를 보기 쉽게 함,265200,KRW,,,E16042_1.jpg,https://www.san-nishimura.co.jp/product/item/?key_word=E16042
E160422,ヘッドライトLEDクリップ付,라이트LED 포함,拡大確認,細部を見やすくする,확대 확인,세부를 보기 쉽게 함,293800,KRW,,,E160422_1.jpg,https://www.san-nishimura.co.jp/product/item/?key_word=E160422
E1605,リーディングデスク,리딩 데스크,近用・手元作業,度数や用途に合わせて提案しやすい,근거리 시야 및 손작업,도수와 용도에 맞춰 제안하기 쉬움,153000,KRW,,,E1605_1.jpg,https://www.san-nishimura.co.jp/product/item/?key_word=E1605
E16051,ガイドレイル,가이드 레일,機器部品交換・補修,機器を使い続けやすい,장비 부품 교체 및 보수,장비를 계속 사용하기 쉬움,113200,KRW,,,E16051_1.jpg,https://www.san-nishimura.co.jp/product/item/?key_word=E16051
E161522125,アクニス 25 レンズ単品(1ペア),Aknis 25 렌즈 (1쌍),拡大確認,細部を見やすくする,확대 확인,세부를 보기 쉽게 함,132600,KRW,1ペア,,E161522125_1.jpg,https://www.san-nishimura.co.jp/product/item/fl-41%ef%bc%88%e3%82%a2%e3%82%af%e3%83%8b%e3%82%b9%ef%bc%89%e3%83%ac%e3%83%b3%e3%82%ba/
E161522150,アクニス 50 レンズ単品(1ペア),Aknis 50 렌즈 (1쌍),拡大確認,細部を見やすくする,확대 확인,세부를 보기 쉽게 함,132600,KRW,1ペア,,E161522150_1.jpg,https://www.san-nishimura.co.jp/product/item/fl-41%ef%bc%88%e3%82%a2%e3%82%af%e3%83%8b%e3%82%b9%ef%bc%89%e3%83%ac%e3%83%b3%e3%82%ba/
E161522175,アクニス 75 レンズ単品(1ペア),Aknis 75 렌즈 (1쌍),拡大確認,細部を見やすくする,확대 확인,세부를 보기 쉽게 함,132600,KRW,1ペア,,E161522175_1.jpg,https://www.san-nishimura.co.jp/product/item/fl-41%ef%bc%88%e3%82%a2%e3%82%af%e3%83%8b%e3%82%b9%ef%bc%89%e3%83%ac%e3%83%b3%e3%82%ba/
E1615325,アクニス マットブラウン25,Aknis 무광브라운25,拡大確認,細部を見やすくする,확대 확인,세부를 보기 쉽게 함,280500,KRW,,,E1615325_1.jpg,https://www.san-nishimura.co.jp/product/item/%e3%82%a2%e3%82%af%e3%83%8b%e3%82%b9/
E1615350,アクニス マットブラウン50,Aknis 무광브라운50,拡大確認,細部を見やすくする,확대 확인,세부를 보기 쉽게 함,280500,KRW,,,E1615350_1.jpg,https://www.san-nishimura.co.jp/product/item/%e3%82%a2%e3%82%af%e3%83%8b%e3%82%b9/
E1615375,アクニス マットブラウン75,Aknis 무광브라운75,拡大確認,細部を見やすくする,확대 확인,세부를 보기 쉽게 함,280500,KRW,,,E1615375_1.jpg,https://www.san-nishimura.co.jp/product/item/%e3%82%a2%e3%82%af%e3%83%8b%e3%82%b9/
E16155875,アクニススポーツ75ミラー,Aknis 75,拡大確認,細部を見やすくする,확대 확인,세부를 보기 쉽게 함,306000,KRW,,,E16155875_1.jpg,https://www.san-nishimura.co.jp/product/item/%e3%82%a2%e3%82%af%e3%83%8b%e3%82%b9%e3%82%b9%e3%83%9d%e3%83%bc%e3%83%8475%e3%83%9f%e3%83%a9%e3%83%bc/
E16156125,アクニス クリップオン 25,Aknis 25,まぶしさ対策,必要な時だけ装着しやすい,눈부심 대책,필요할 때만 장착하기 쉬움,137700,KRW,,,E16156125_1.jpg,https://www.san-nishimura.co.jp/product/item/?key_word=E16156125
E16156150,アクニス クリップオン 50,Aknis 50,まぶしさ対策,必要な時だけ装着しやすい,눈부심 대책,필요할 때만 장착하기 쉬움,137700,KRW,,,E16156150_1.jpg,https://www.san-nishimura.co.jp/product/item/?key_word=E16156150
E16156175,アクニス クリップオン 75,Aknis 75,まぶしさ対策,必要な時だけ装着しやすい,눈부심 대책,필요할 때만 장착하기 쉬움,137700,KRW,,,E16156175_1.jpg,https://www.san-nishimura.co.jp/product/item/?key_word=E16156175
E16156325,アクニス ハバナ25,Aknis 25,拡大確認,細部を見やすくする,확대 확인,세부를 보기 쉽게 함,280500,KRW,,,E16156325_1.jpg,https://www.san-nishimura.co.jp/product/item/?key_word=E16156325
E16156350,アクニス ハバナ50,Aknis 50,拡大確認,細部を見やすくする,확대 확인,세부를 보기 쉽게 함,280500,KRW,,,E16156350_1.jpg,https://www.san-nishimura.co.jp/product/item/?key_word=E16156350
E16156375,アクニス ハバナ75,Aknis 75,拡大確認,細部を見やすくする,확대 확인,세부를 보기 쉽게 함,280500,KRW,,,E16156375_1.jpg,https://www.san-nishimura.co.jp/product/item/?key_word=E16156375
E1615961,アクニス トライアルレンズキット,Aknis 렌즈,拡大確認,細部を見やすくする,확대 확인,세부를 보기 쉽게 함,132600,KRW,,,E1615961_1.jpg,https://www.san-nishimura.co.jp/product/item/?key_word=E1615961
E16618125,アクニス XL 25 S,Aknis XL 25 S,拡大確認,細部を見やすくする,확대 확인,세부를 보기 쉽게 함,302900,KRW,,,E16618125_1.jpg,https://www.san-nishimura.co.jp/product/item/%e3%82%a2%e3%82%af%e3%83%8b%e3%82%b9/
E16618150,アクニス XL 50 S,Aknis XL 50 S,拡大確認,細部を見やすくする,확대 확인,세부를 보기 쉽게 함,302900,KRW,,,E16618150_1.jpg,https://www.san-nishimura.co.jp/product/item/%e3%82%a2%e3%82%af%e3%83%8b%e3%82%b9/
E16618175,アクニス XL 75 S,Aknis XL 75 S,拡大確認,細部を見やすくする,확대 확인,세부를 보기 쉽게 함,302900,KRW,,,E16618175_1.jpg,https://www.san-nishimura.co.jp/product/item/%e3%82%a2%e3%82%af%e3%83%8b%e3%82%b9/
E16619125,アクニス XL 25 L,Aknis XL 25 L,拡大確認,細部を見やすくする,확대 확인,세부를 보기 쉽게 함,302900,KRW,,,E16619125_1.jpg,https://www.san-nishimura.co.jp/product/item/%e3%82%a2%e3%82%af%e3%83%8b%e3%82%b9/
E16619150,アクニス XL 50 L,Aknis XL 50 L,拡大確認,細部を見やすくする,확대 확인,세부를 보기 쉽게 함,302900,KRW,,,E16619150_1.jpg,https://www.san-nishimura.co.jp/product/item/%e3%82%a2%e3%82%af%e3%83%8b%e3%82%b9/
E16619175,アクニス XL 75 L,Aknis XL 75 L,拡大確認,細部を見やすくする,확대 확인,세부를 보기 쉽게 함,302900,KRW,,,E16619175_1.jpg,https://www.san-nishimura.co.jp/product/item/%e3%82%a2%e3%82%af%e3%83%8b%e3%82%b9/
E1619,トライアル用アダプター(2枚セット),(2 세트),機器部品交換・補修,機器を使い続けやすい,장비 부품 교체 및 보수,장비를 계속 사용하기 쉬움,17300,KRW,2枚,カタログP.322,,https://www.san-nishimura.co.jp/product/item/?key_word=E1619
E1621,ガリレオ主鏡(遠距離用)2.2x,()2.2x,拡大確認,細部を見やすくする,확대 확인,세부를 보기 쉽게 함,433500,KRW,,,E1621_1.jpg,https://www.san-nishimura.co.jp/product/item/?key_word=E1621
E16210,ガリレオ主鏡用マットガラス,무광,機器部品交換・補修,機器を使い続けやすい,장비 부품 교체 및 보수,장비를 계속 사용하기 쉬움,87700,KRW,,カタログP.322,,https://www.san-nishimura.co.jp/product/item/?key_word=E16210
E162110,近用かぶせレンズ 10Dpt(5.5x),렌즈 10Dpt(5.5x),近用・手元作業,度数や用途に合わせて提案しやすい,근거리 시야 및 손작업,도수와 용도에 맞춰 제안하기 쉬움,156100,KRW,,,,https://www.san-nishimura.co.jp/product/item/?key_word=E162110
E162112,近用かぶせレンズ 12Dpt(6.6x),렌즈 12Dpt(6.6x),近用・手元作業,度数や用途に合わせて提案しやすい,근거리 시야 및 손작업,도수와 용도에 맞춰 제안하기 쉬움,156100,KRW,,,,https://www.san-nishimura.co.jp/product/item/?key_word=E162112
E162116,近用かぶせレンズ 16Dpt(8.8x),렌즈 16Dpt(8.8x),近用・手元作業,度数や用途に合わせて提案しやすい,근거리 시야 및 손작업,도수와 용도에 맞춰 제안하기 쉬움,156100,KRW,,,,https://www.san-nishimura.co.jp/product/item/?key_word=E162116
E16213,近用かぶせレンズ 3Dpt(1.65x),렌즈 3Dpt(1.65x),近用・手元作業,度数や用途に合わせて提案しやすい,근거리 시야 및 손작업,도수와 용도에 맞춰 제안하기 쉬움,156100,KRW,,,,https://www.san-nishimura.co.jp/product/item/?key_word=E16213
E16214,近用かぶせレンズ 4Dpt(2.2x),렌즈 4Dpt(2.2x),近用・手元作業,度数や用途に合わせて提案しやすい,근거리 시야 및 손작업,도수와 용도에 맞춰 제안하기 쉬움,156100,KRW,,,,https://www.san-nishimura.co.jp/product/item/?key_word=E16214
E16215,近用かぶせレンズ 5Dpt(2.75x),렌즈 5Dpt(2.75x),近用・手元作業,度数や用途に合わせて提案しやすい,근거리 시야 및 손작업,도수와 용도에 맞춰 제안하기 쉬움,156100,KRW,,,,https://www.san-nishimura.co.jp/product/item/?key_word=E16215
E16216,近用かぶせレンズ 6Dpt(3.3x),렌즈 6Dpt(3.3x),近用・手元作業,度数や用途に合わせて提案しやすい,근거리 시야 및 손작업,도수와 용도에 맞춰 제안하기 쉬움,156100,KRW,,,,https://www.san-nishimura.co.jp/product/item/?key_word=E16216
E16218,近用かぶせレンズ 8Dpt(4.4x),렌즈 8Dpt(4.4x),近用・手元作業,度数や用途に合わせて提案しやすい,근거리 시야 및 손작업,도수와 용도에 맞춰 제안하기 쉬움,156100,KRW,,,,https://www.san-nishimura.co.jp/product/item/?key_word=E16218
E1622,コレクションレンズ取り付け用リング(2枚),렌즈 포함 (2),機器部品交換・補修,機器を使い続けやすい,장비 부품 교체 및 보수,장비를 계속 사용하기 쉬움,52000,KRW,2枚,カタログP.322,,https://www.san-nishimura.co.jp/product/item/?key_word=E1622
E16225,ガリレオ主鏡(遠距離用)2.5x,()2.5x,拡大確認,細部を見やすくする,확대 확인,세부를 보기 쉽게 함,506900,KRW,,,E16225_1.jpg,https://www.san-nishimura.co.jp/product/item/?key_word=E16225
E1623,ニューガリレオ弱視鏡 主鏡 2x,2x,拡大確認,細部を見やすくする,확대 확인,세부를 보기 쉽게 함,743600,KRW,,,E1623_1.jpg,https://www.san-nishimura.co.jp/product/item/?key_word=E1623
E16230,ニューガリレオシステムマットガラス,무광,機器部品交換・補修,機器を使い続けやすい,장비 부품 교체 및 보수,장비를 계속 사용하기 쉬움,130600,KRW,,カタログP.322,,https://www.san-nishimura.co.jp/product/item/?key_word=E16230
E162310,ニューガリレオ近用キャップ 10Dpt,캡 10Dpt,近用・手元作業,度数や用途に合わせて提案しやすい,근거리 시야 및 손작업,도수와 용도에 맞춰 제안하기 쉬움,162200,KRW,,,,https://www.san-nishimura.co.jp/product/item/?key_word=E162310
E162312,ニューガリレオ近用キャップ 12Dpt,캡 12Dpt,近用・手元作業,度数や用途に合わせて提案しやすい,근거리 시야 및 손작업,도수와 용도에 맞춰 제안하기 쉬움,162200,KRW,,,,https://www.san-nishimura.co.jp/product/item/?key_word=E162312
E16233,ニューガリレオ近用キャップ 3Dpt,캡 3Dpt,近用・手元作業,度数や用途に合わせて提案しやすい,근거리 시야 및 손작업,도수와 용도에 맞춰 제안하기 쉬움,162200,KRW,,,E16233_1.jpg,https://www.san-nishimura.co.jp/product/item/?key_word=E16233
E16234,ニューガリレオ近用キャップ 4Dpt,캡 4Dpt,近用・手元作業,度数や用途に合わせて提案しやすい,근거리 시야 및 손작업,도수와 용도에 맞춰 제안하기 쉬움,162200,KRW,,,,https://www.san-nishimura.co.jp/product/item/?key_word=E16234
E16235,ニューガリレオ近用キャップ 5Dpt,캡 5Dpt,近用・手元作業,度数や用途に合わせて提案しやすい,근거리 시야 및 손작업,도수와 용도에 맞춰 제안하기 쉬움,162200,KRW,,,,https://www.san-nishimura.co.jp/product/item/?key_word=E16235
E16236,ニューガリレオ近用キャップ 6Dpt.,캡 6Dpt.,近用・手元作業,度数や用途に合わせて提案しやすい,근거리 시야 및 손작업,도수와 용도에 맞춰 제안하기 쉬움,162200,KRW,,,,https://www.san-nishimura.co.jp/product/item/?key_word=E16236
E16238,ニューガリレオ近用キャップ 8Dpt,캡 8Dpt,近用・手元作業,度数や用途に合わせて提案しやすい,근거리 시야 및 손작업,도수와 용도에 맞춰 제안하기 쉬움,162200,KRW,,,,https://www.san-nishimura.co.jp/product/item/?key_word=E16238
E162411,マックスティービー2.1x,2.1x,拡大確認,細部を見やすくする,확대 확인,세부를 보기 쉽게 함,183600,KRW,,,E162411_1.jpg,https://www.san-nishimura.co.jp/product/item/?key_word=E162411
E162421,マックスティービー2x クリップ,2x,拡大確認,細部を見やすくする,확대 확인,세부를 보기 쉽게 함,183600,KRW,,,,https://www.san-nishimura.co.jp/product/item/?key_word=E162421
E1624511,マックス DETAIL,DETAIL,拡大確認,細部を見やすくする,확대 확인,세부를 보기 쉽게 함,183600,KRW,,,E1624511_1.jpg,https://www.san-nishimura.co.jp/product/item/?key_word=E1624511
E1624521,マックスディテール2x LEDヘッドライト付,2x LED 라이트포함,拡大確認,細部を見やすくする,확대 확인,세부를 보기 쉽게 함,438600,KRW,,,,https://www.san-nishimura.co.jp/product/item/?key_word=E1624521
E162461,マックスディテール2x クリップ,2x,拡大確認,細部を見やすくする,확대 확인,세부를 보기 쉽게 함,183600,KRW,,,,https://www.san-nishimura.co.jp/product/item/?key_word=E162461
E1625S,ガリレオシステムバーツ個人用基本セット,세트,検査・測定,状態確認と加工判断をしやすい,검사 및 측정,상태 확인과 가공 판단이 쉬움,83600,KRW,,,E1625S_1.jpg,https://www.san-nishimura.co.jp/product/item/?key_word=E1625S
E1625T,ガリレオ取付スパナーセット,포함 세트,機器部品交換・補修,機器を使い続けやすい,장비 부품 교체 및 보수,장비를 계속 사용하기 쉬움,29600,KRW,,,E1625T_1.jpg,https://www.san-nishimura.co.jp/product/item/?key_word=E1625T
E1630,ニューガリレオ検査用セット,세트,検査・測定,状態確認と加工判断をしやすい,검사 및 측정,상태 확인과 가공 판단이 쉬움,2666300,KRW,,,E1630_1.jpg,https://www.san-nishimura.co.jp/product/item/?key_word=E1630
E16321,ガリレオ 検査用セット,세트,検査・測定,状態確認と加工判断をしやすい,검사 및 측정,상태 확인과 가공 판단이 쉬움,2456200,KRW,,,E16321_1.jpg,https://www.san-nishimura.co.jp/product/item/?key_word=E16321
E1634,テレメッド3x,3x,拡大確認,細部を見やすくする,확대 확인,세부를 보기 쉽게 함,743600,KRW,,,,https://www.san-nishimura.co.jp/product/item/?key_word=E1634
E16344,テレメッド4x,4x,拡大確認,細部を見やすくする,확대 확인,세부를 보기 쉽게 함,840500,KRW,,,,https://www.san-nishimura.co.jp/product/item/?key_word=E16344
E16362,リドメッド2.5x,2.5x,拡大確認,細部を見やすくする,확대 확인,세부를 보기 쉽게 함,695600,KRW,,,E16362_1.jpg,https://www.san-nishimura.co.jp/product/item/?key_word=E16362
E16363,リドメッド3x,3x,拡大確認,細部を見やすくする,확대 확인,세부를 보기 쉽게 함,807800,KRW,,,,https://www.san-nishimura.co.jp/product/item/?key_word=E16363
E16364,リドメッド4x,4x,拡大確認,細部を見やすくする,확대 확인,세부를 보기 쉽게 함,889400,KRW,,,,https://www.san-nishimura.co.jp/product/item/?key_word=E16364
E1643110,UNIVISION 単品レンズ 10D,UNIVISION 렌즈 10D,検眼・見え方確認,必要な度数を選んで確認しやすい,검안 및 시야 확인,필요한 도수를 골라 확인하기 쉬움,408000,KRW,,,,https://www.san-nishimura.co.jp/product/item/?key_word=E1643110
E1643112,UNIVISION 単品レンズ 12D,UNIVISION 렌즈 12D,検眼・見え方確認,必要な度数を選んで確認しやすい,검안 및 시야 확인,필요한 도수를 골라 확인하기 쉬움,408000,KRW,,,,https://www.san-nishimura.co.jp/product/item/?key_word=E1643112
E1643128,UNIVISION 単品レンズ 28D,UNIVISION 렌즈 28D,検眼・見え方確認,必要な度数を選んで確認しやすい,검안 및 시야 확인,필요한 도수를 골라 확인하기 쉬움,408000,KRW,,,,https://www.san-nishimura.co.jp/product/item/?key_word=E1643128
E1643132,UNIVISION 単品レンズ 32D,UNIVISION 렌즈 32D,検眼・見え方確認,必要な度数を選んで確認しやすい,검안 및 시야 확인,필요한 도수를 골라 확인하기 쉬움,408000,KRW,,,,https://www.san-nishimura.co.jp/product/item/?key_word=E1643132
E1643136,UNIVISION 単品レンズ 36D,UNIVISION 렌즈 36D,検眼・見え方確認,必要な度数を選んで確認しやすい,검안 및 시야 확인,필요한 도수를 골라 확인하기 쉬움,408000,KRW,,,,https://www.san-nishimura.co.jp/product/item/?key_word=E1643136
E164318,UNIVISION 単品レンズ 8D,UNIVISION 렌즈 8D,検眼・見え方確認,必要な度数を選んで確認しやすい,검안 및 시야 확인,필요한 도수를 골라 확인하기 쉬움,408000,KRW,,,,https://www.san-nishimura.co.jp/product/item/?key_word=E164318
E16445041,ラボフレーム フレームのみ,Lab프레임 프레임단품,拡大確認,細部を見やすくする,확대 확인,세부를 보기 쉽게 함,156100,KRW,,,,https://www.san-nishimura.co.jp/product/item/?key_word=E16445041
E164450,ラボフレーム 1.7x,Lab프레임 1.7x,拡大確認,細部を見やすくする,확대 확인,세부를 보기 쉽게 함,216200,KRW,,,E164450_1.jpg,https://www.san-nishimura.co.jp/product/item/?key_word=E164450
E1644501,ラボフレーム 1.7x 2.0x,Lab프레임 1.7x 2.0x,拡大確認,細部を見やすくする,확대 확인,세부를 보기 쉽게 함,278500,KRW,,,,https://www.san-nishimura.co.jp/product/item/?key_word=E1644501
E1644502,ラボフレーム 1.7x 2.5x,Lab프레임 1.7x 2.5x,拡大確認,細部を見やすくする,확대 확인,세부를 보기 쉽게 함,278500,KRW,,,,https://www.san-nishimura.co.jp/product/item/?key_word=E1644502
E1644503,ラボフレーム 1.7x 3.0x,Lab프레임 1.7x 3.0x,拡大確認,細部を見やすくする,확대 확인,세부를 보기 쉽게 함,278500,KRW,,,,https://www.san-nishimura.co.jp/product/item/?key_word=E1644503
E164451,ラボフレーム 2.0x,Lab프레임 2.0x,拡大確認,細部を見やすくする,확대 확인,세부를 보기 쉽게 함,216200,KRW,,,,https://www.san-nishimura.co.jp/product/item/?key_word=E164451
E1644512,ラボフレーム 2.0x 2.5x,Lab프레임 2.0x 2.5x,拡大確認,細部を見やすくする,확대 확인,세부를 보기 쉽게 함,278500,KRW,,,,https://www.san-nishimura.co.jp/product/item/?key_word=E1644512
E1644513,ラボフレーム 2.0x 3.0x,Lab프레임 2.0x 3.0x,拡大確認,細部を見やすくする,확대 확인,세부를 보기 쉽게 함,278500,KRW,,,,https://www.san-nishimura.co.jp/product/item/?key_word=E1644513
E164452,ラボフレーム 2.5x,Lab프레임 2.5x,拡大確認,細部を見やすくする,확대 확인,세부를 보기 쉽게 함,216200,KRW,,,,https://www.san-nishimura.co.jp/product/item/?key_word=E164452
E1644523,ラボフレーム 2.5x 3.0x,Lab프레임 2.5x 3.0x,拡大確認,細部を見やすくする,확대 확인,세부를 보기 쉽게 함,278500,KRW,,,,https://www.san-nishimura.co.jp/product/item/?key_word=E1644523
E164453,ラボフレーム 3.0x,Lab프레임 3.0x,拡大確認,細部を見やすくする,확대 확인,세부를 보기 쉽게 함,216200,KRW,,,,https://www.san-nishimura.co.jp/product/item/?key_word=E164453
E164454,ラボフレーム 4.0x,Lab프레임 4.0x,拡大確認,細部を見やすくする,확대 확인,세부를 보기 쉽게 함,216200,KRW,,,E164454_1.jpg,https://www.san-nishimura.co.jp/product/item/?key_word=E164454
E1644547,ラボフレーム 4.0x7.0 片眼レンズ,Lab프레임 4.0x7.0 렌즈,拡大確認,細部を見やすくする,확대 확인,세부를 보기 쉽게 함,278500,KRW,,,,https://www.san-nishimura.co.jp/product/item/?key_word=E1644547
E164457,ラボフレーム 7.0x,Lab프레임 7.0x,拡大確認,細部を見やすくする,확대 확인,세부를 보기 쉽게 함,216200,KRW,,,,https://www.san-nishimura.co.jp/product/item/?key_word=E164457
E16451,ラボシリーズ用交換レンズ2x,Lab시리즈 렌즈2x,拡大確認,細部を見やすくする,확대 확인,세부를 보기 쉽게 함,74500,KRW,,,,https://www.san-nishimura.co.jp/product/item/?key_word=E16451
E16452,ラボシリーズ用交換レンズ2.5x,Lab시리즈 렌즈2.5x,拡大確認,細部を見やすくする,확대 확인,세부를 보기 쉽게 함,74500,KRW,,,,https://www.san-nishimura.co.jp/product/item/?key_word=E16452
E16453,ラボシリーズ用交換レンズ3x,Lab시리즈 렌즈3x,拡大確認,細部を見やすくする,확대 확인,세부를 보기 쉽게 함,74500,KRW,,,,https://www.san-nishimura.co.jp/product/item/?key_word=E16453
E16454,ラボシリーズ用交換レンズ4x,Lab시리즈 렌즈4x,拡大確認,細部を見やすくする,확대 확인,세부를 보기 쉽게 함,74500,KRW,,,E16454_1.jpg,https://www.san-nishimura.co.jp/product/item/?key_word=E16454
E16455,ラボシリーズ用交換レンズ1.7x,Lab시리즈 렌즈1.7x,拡大確認,細部を見やすくする,확대 확인,세부를 보기 쉽게 함,74500,KRW,,,E16455_1.jpg,https://www.san-nishimura.co.jp/product/item/?key_word=E16455
E16457,ラボシリーズ用交換レンズ7x,Lab시리즈 렌즈7x,拡大確認,細部を見やすくする,확대 확인,세부를 보기 쉽게 함,74500,KRW,,,,https://www.san-nishimura.co.jp/product/item/?key_word=E16457
E164617,ラボクリップ 1.7x,랩 클립 1.7x,拡大確認,細部を見やすくする,확대 확인,세부를 보기 쉽게 함,122400,KRW,,,E164617_1.jpg,https://www.san-nishimura.co.jp/product/item/?key_word=E164617
E16462,ラボクリップ クリップのみ,랩 클립 단품,拡大確認,細部を見やすくする,확대 확인,세부를 보기 쉽게 함,55100,KRW,,,E16462_1.jpg,https://www.san-nishimura.co.jp/product/item/?key_word=E16462
E164620,ラボクリップ 2.0x,랩 클립 2.0x,拡大確認,細部を見やすくする,확대 확인,세부를 보기 쉽게 함,122400,KRW,,,,https://www.san-nishimura.co.jp/product/item/?key_word=E164620
E1646201,ラボクリップ 1.7x 2.0x,랩 클립 1.7x 2.0x,拡大確認,細部を見やすくする,확대 확인,세부를 보기 쉽게 함,185600,KRW,,,,https://www.san-nishimura.co.jp/product/item/?key_word=E1646201
E1646202,ラボクリップ 1.7x 2.5x,랩 클립 1.7x 2.5x,拡大確認,細部を見やすくする,확대 확인,세부를 보기 쉽게 함,185600,KRW,,,,https://www.san-nishimura.co.jp/product/item/?key_word=E1646202
E1646203,ラボクリップ 1.7x 3.0x,랩 클립 1.7x 3.0x,拡大確認,細部を見やすくする,확대 확인,세부를 보기 쉽게 함,185600,KRW,,,,https://www.san-nishimura.co.jp/product/item/?key_word=E1646203
E1646212,ラボクリップ 2.0x 2.5x,랩 클립 2.0x 2.5x,拡大確認,細部を見やすくする,확대 확인,세부를 보기 쉽게 함,185600,KRW,,,,https://www.san-nishimura.co.jp/product/item/?key_word=E1646212
E1646213,ラボクリップ 2.0x 3.0x,랩 클립 2.0x 3.0x,拡大確認,細部を見やすくする,확대 확인,세부를 보기 쉽게 함,185600,KRW,,,,https://www.san-nishimura.co.jp/product/item/?key_word=E1646213
E1646223,ラボクリップ 2.5x 3.0x,랩 클립 2.5x 3.0x,拡大確認,細部を見やすくする,확대 확인,세부를 보기 쉽게 함,185600,KRW,,,,https://www.san-nishimura.co.jp/product/item/?key_word=E1646223
E1646247,ラボクリップ 4.0x 7.0x片眼レンズ,랩 클립 4.0x 7.0x 렌즈,拡大確認,細部を見やすくする,확대 확인,세부를 보기 쉽게 함,185600,KRW,,,,https://www.san-nishimura.co.jp/product/item/?key_word=E1646247
E164625,ラボクリップ 2.5x,랩 클립 2.5x,拡大確認,細部を見やすくする,확대 확인,세부를 보기 쉽게 함,122400,KRW,,,,https://www.san-nishimura.co.jp/product/item/?key_word=E164625
E164630,ラボクリップ 3.0x,랩 클립 3.0x,拡大確認,細部を見やすくする,확대 확인,세부를 보기 쉽게 함,122400,KRW,,,,https://www.san-nishimura.co.jp/product/item/?key_word=E164630
E16464,ラボクリップ アームのみ,랩 클립 단품,拡大確認,細部を見やすくする,확대 확인,세부를 보기 쉽게 함,27500,KRW,,,E16464_1.jpg,https://www.san-nishimura.co.jp/product/item/?key_word=E16464
E164640,ラボクリップ 4.0x,랩 클립 4.0x,拡大確認,細部を見やすくする,확대 확인,세부를 보기 쉽게 함,122400,KRW,,,E164640_1.jpg,https://www.san-nishimura.co.jp/product/item/?key_word=E164640
E164670,ラボクリップ 7.0x,랩 클립 7.0x,拡大確認,細部を見やすくする,확대 확인,세부를 보기 쉽게 함,122400,KRW,,,,https://www.san-nishimura.co.jp/product/item/?key_word=E164670
E1648,ラボヘッド ヘッドバンドのみ,랩 헤드 단품,眼鏡固定,動いてもズレ落ちを防ぎやすい,안경 고정,움직일 때 흘러내림을 줄이기 쉬움,156100,KRW,,,E1648_1.jpg,https://www.san-nishimura.co.jp/product/item/?key_word=E1648
E164801,ラボヘッド 1.7x 2.0x,랩 헤드 1.7x 2.0x,拡大確認,細部を見やすくする,확대 확인,세부를 보기 쉽게 함,278500,KRW,,,,https://www.san-nishimura.co.jp/product/item/?key_word=E164801
E164802,ラボヘッド 1.7x 2.5x,랩 헤드 1.7x 2.5x,拡大確認,細部を見やすくする,확대 확인,세부를 보기 쉽게 함,278500,KRW,,,,https://www.san-nishimura.co.jp/product/item/?key_word=E164802
E164803,ラボヘッド 1.7x 3.0x,랩 헤드 1.7x 3.0x,拡大確認,細部を見やすくする,확대 확인,세부를 보기 쉽게 함,278500,KRW,,,,https://www.san-nishimura.co.jp/product/item/?key_word=E164803
E164812,ラボヘッド 2.0x 2.5x,랩 헤드 2.0x 2.5x,拡大確認,細部を見やすくする,확대 확인,세부를 보기 쉽게 함,278500,KRW,,,,https://www.san-nishimura.co.jp/product/item/?key_word=E164812
E164813,ラボヘッド 2.0x 3.0x,랩 헤드 2.0x 3.0x,拡大確認,細部を見やすくする,확대 확인,세부를 보기 쉽게 함,278500,KRW,,,,https://www.san-nishimura.co.jp/product/item/?key_word=E164813
E164817,ラボヘッド 1.7x,랩 헤드 1.7x,拡大確認,細部を見やすくする,확대 확인,세부를 보기 쉽게 함,216200,KRW,,,E164817_1.jpg,https://www.san-nishimura.co.jp/product/item/?key_word=E164817
E164820,ラボヘッド 2.0x,랩 헤드 2.0x,拡大確認,細部を見やすくする,확대 확인,세부를 보기 쉽게 함,216200,KRW,,,,https://www.san-nishimura.co.jp/product/item/?key_word=E164820
E164823,ラボヘッド 2.5x 3.0x,랩 헤드 2.5x 3.0x,拡大確認,細部を見やすくする,확대 확인,세부를 보기 쉽게 함,278500,KRW,,,,https://www.san-nishimura.co.jp/product/item/?key_word=E164823
E164825,ラボヘッド 2.5x,랩 헤드 2.5x,拡大確認,細部を見やすくする,확대 확인,세부를 보기 쉽게 함,216200,KRW,,,,https://www.san-nishimura.co.jp/product/item/?key_word=E164825
E164830,ラボヘッド 3.0x,랩 헤드 3.0x,拡大確認,細部を見やすくする,확대 확인,세부를 보기 쉽게 함,216200,KRW,,,,https://www.san-nishimura.co.jp/product/item/?key_word=E164830
E16502,スマートルクスデジタル(非課税),(),拡大確認,細部を見やすくする,확대 확인,세부를 보기 쉽게 함,2861100,KRW,,,E16502_1.jpg,https://www.san-nishimura.co.jp/product/item/%e3%82%b9%e3%83%9e%e3%83%bc%e3%83%88%e3%83%ab%e3%82%af%e3%82%b9%e3%83%87%e3%82%b8%e3%82%bf%e3%83%ab2/
E1650204,E16502用専用ハンドル,E16502,機器部品交換・補修,機器を使い続けやすい,장비 부품 교체 및 보수,장비를 계속 사용하기 쉬움,47700,KRW,,,,https://www.san-nishimura.co.jp/product/item/%e3%82%b9%e3%83%9e%e3%83%bc%e3%83%88%e3%83%ab%e3%82%af%e3%82%b9%e3%83%87%e3%82%b8%e3%82%bf%e3%83%ab2/
E1650208,E16502用専用バンパー,E16502,機器部品交換・補修,機器を使い続けやすい,장비 부품 교체 및 보수,장비를 계속 사용하기 쉬움,47700,KRW,,,,https://www.san-nishimura.co.jp/product/item/%e3%82%b9%e3%83%9e%e3%83%bc%e3%83%88%e3%83%ab%e3%82%af%e3%82%b9%e3%83%87%e3%82%b8%e3%82%bf%e3%83%ab2/
E16521,ヴィソルクスデジタルHD(非課税),HD(),拡大確認,細部を見やすくする,확대 확인,세부를 보기 쉽게 함,2809100,KRW,,,E16521_1.jpg,https://www.san-nishimura.co.jp/product/item/%e3%83%b4%e3%82%a3%e3%82%be%e3%83%ab%e3%82%af%e3%82%b9%e3%83%87%e3%82%b8%e3%82%bf%e3%83%abhd/
E1652105,ヴィソルクスデジタル専用ベース,전용 베이스,拡大確認,細部を見やすくする,확대 확인,세부를 보기 쉽게 함,159000,KRW,,,E1652105_1.jpg,https://www.san-nishimura.co.jp/product/item/%e3%83%b4%e3%82%a3%e3%82%be%e3%83%ab%e3%82%af%e3%82%b9%e3%83%87%e3%82%b8%e3%82%bf%e3%83%abhd/
E16551,ヴィソルクスデジタルXL FHD(非課税),XL FHD(),拡大確認,細部を見やすくする,확대 확인,세부를 보기 쉽게 함,2861100,KRW,,,,https://www.san-nishimura.co.jp/product/item/?key_word=E16551
E1655105,ヴィソルクスデジタルXL FHD専用ベース,XL FHD,拡大確認,細部を見やすくする,확대 확인,세부를 보기 쉽게 함,159000,KRW,,,E1655105_1.jpg,https://www.san-nishimura.co.jp/product/item/%e3%83%b4%e3%82%a3%e3%82%be%e3%83%ab%e3%82%af%e3%82%b9%e3%83%87%e3%82%b8%e3%82%bf%e3%83%abxl-fhd/
E1663115,ウェルネスプロテクトイエロー小,옐로소,まぶしさ対策,必要な時だけ装着しやすい,눈부심 대책,필요할 때만 장착하기 쉬움,244800,KRW,,,,https://www.san-nishimura.co.jp/product/item/%e3%82%a6%e3%82%a7%e3%83%ab%e3%83%8d%e3%82%b9%e3%83%97%e3%83%ad%e3%83%86%e3%82%af%e3%83%88/
E1663165,ウェルネスプロテクトライトブラウン小,라이트브라운소,まぶしさ対策,必要な時だけ装着しやすい,눈부심 대책,필요할 때만 장착하기 쉬움,244800,KRW,,,,https://www.san-nishimura.co.jp/product/item/%e3%82%a6%e3%82%a7%e3%83%ab%e3%83%8d%e3%82%b9%e3%83%97%e3%83%ad%e3%83%86%e3%82%af%e3%83%88/
E1663175P,ウェルネスプロテクト偏光レンズ小,렌즈소,まぶしさ対策,必要な時だけ装着しやすい,눈부심 대책,필요할 때만 장착하기 쉬움,309100,KRW,,,,https://www.san-nishimura.co.jp/product/item/%e3%82%a6%e3%82%a7%e3%83%ab%e3%83%8d%e3%82%b9%e3%83%97%e3%83%ad%e3%83%86%e3%82%af%e3%83%88/
E1663185,ウェルネスプロテクトブラウン小,브라운소,まぶしさ対策,必要な時だけ装着しやすい,눈부심 대책,필요할 때만 장착하기 쉬움,244800,KRW,,,,https://www.san-nishimura.co.jp/product/item/%e3%82%a6%e3%82%a7%e3%83%ab%e3%83%8d%e3%82%b9%e3%83%97%e3%83%ad%e3%83%86%e3%82%af%e3%83%88/
E1663215,ウェルネスプロテクトイエロー大,옐로대,まぶしさ対策,必要な時だけ装着しやすい,눈부심 대책,필요할 때만 장착하기 쉬움,244800,KRW,,,E1663215_1.jpg,https://www.san-nishimura.co.jp/product/item/%e3%82%a6%e3%82%a7%e3%83%ab%e3%83%8d%e3%82%b9%e3%83%97%e3%83%ad%e3%83%86%e3%82%af%e3%83%88/
E1663265,ウェルネスプロテクトライトブラウン大,라이트브라운대,まぶしさ対策,必要な時だけ装着しやすい,눈부심 대책,필요할 때만 장착하기 쉬움,244800,KRW,,,,https://www.san-nishimura.co.jp/product/item/%e3%82%a6%e3%82%a7%e3%83%ab%e3%83%8d%e3%82%b9%e3%83%97%e3%83%ad%e3%83%86%e3%82%af%e3%83%88/
E1663275P,ウェルネスプロテクト偏光レンズ大,렌즈대,まぶしさ対策,必要な時だけ装着しやすい,눈부심 대책,필요할 때만 장착하기 쉬움,309100,KRW,,,,https://www.san-nishimura.co.jp/product/item/%e3%82%a6%e3%82%a7%e3%83%ab%e3%83%8d%e3%82%b9%e3%83%97%e3%83%ad%e3%83%86%e3%82%af%e3%83%88/
E1663285,ウェルネスプロテクトブラウン大,브라운대,まぶしさ対策,必要な時だけ装着しやすい,눈부심 대책,필요할 때만 장착하기 쉬움,244800,KRW,,,,https://www.san-nishimura.co.jp/product/item/%e3%82%a6%e3%82%a7%e3%83%ab%e3%83%8d%e3%82%b9%e3%83%97%e3%83%ad%e3%83%86%e3%82%af%e3%83%88/
E1663815,ウェルネスプロテクト オーバーサングラス イエロー小,선글라스 옐로소,まぶしさ対策,必要な時だけ装着しやすい,눈부심 대책,필요할 때만 장착하기 쉬움,296800,KRW,,,,https://www.san-nishimura.co.jp/product/item/%e3%82%a6%e3%82%a7%e3%83%ab%e3%83%8d%e3%82%b9%e3%83%97%e3%83%ad%e3%83%86%e3%82%af%e3%83%88/
E1663865,ウェルネスプロテクト オーバーサングラス ライトブラウン小,선글라스 라이트브라운소,まぶしさ対策,必要な時だけ装着しやすい,눈부심 대책,필요할 때만 장착하기 쉬움,296800,KRW,,,,https://www.san-nishimura.co.jp/product/item/%e3%82%a6%e3%82%a7%e3%83%ab%e3%83%8d%e3%82%b9%e3%83%97%e3%83%ad%e3%83%86%e3%82%af%e3%83%88/
E1663885,ウェルネスプロテクト オーバーサングラス ブラウン小,선글라스 브라운소,まぶしさ対策,必要な時だけ装着しやすい,눈부심 대책,필요할 때만 장착하기 쉬움,296800,KRW,,,,https://www.san-nishimura.co.jp/product/item/%e3%82%a6%e3%82%a7%e3%83%ab%e3%83%8d%e3%82%b9%e3%83%97%e3%83%ad%e3%83%86%e3%82%af%e3%83%88/
E1663915,ウェルネスプロテクト オーバーサングラス イエロー大,선글라스 옐로대,まぶしさ対策,必要な時だけ装着しやすい,눈부심 대책,필요할 때만 장착하기 쉬움,296800,KRW,,,,https://www.san-nishimura.co.jp/product/item/%e3%82%a6%e3%82%a7%e3%83%ab%e3%83%8d%e3%82%b9%e3%83%97%e3%83%ad%e3%83%86%e3%82%af%e3%83%88/
E1663965,ウェルネスプロテクト オーバーサングラス ライトブラウン大,선글라스 라이트브라운대,まぶしさ対策,必要な時だけ装着しやすい,눈부심 대책,필요할 때만 장착하기 쉬움,296800,KRW,,,E1663965_1.jpg,https://www.san-nishimura.co.jp/product/item/%e3%82%a6%e3%82%a7%e3%83%ab%e3%83%8d%e3%82%b9%e3%83%97%e3%83%ad%e3%83%86%e3%82%af%e3%83%88/
E1663985,ウェルネスプロテクト オーバーサングラス ブラウン大,선글라스 브라운대,まぶしさ対策,必要な時だけ装着しやすい,눈부심 대책,필요할 때만 장착하기 쉬움,296800,KRW,,,,https://www.san-nishimura.co.jp/product/item/%e3%82%a6%e3%82%a7%e3%83%ab%e3%83%8d%e3%82%b9%e3%83%97%e3%83%ad%e3%83%86%e3%82%af%e3%83%88/
E1666575P,ウェルネスプロテクト スポーツ偏光,스포츠 편광 제품,まぶしさ対策,必要な時だけ装着しやすい,눈부심 대책,필요할 때만 장착하기 쉬움,306000,KRW,,,E1666575P_1.jpg,https://www.san-nishimura.co.jp/product/item/%e3%82%a6%e3%82%a7%e3%83%ab%e3%83%8d%e3%82%b9%e3%83%97%e3%83%ad%e3%83%86%e3%82%af%e3%83%88-%e3%82%b9%e3%83%9d%e3%83%bc%e3%83%84%e5%81%8f%e5%85%89/
E16711,ケプラーシステム単眼鏡用フィンガーリング,단안경용 핑거 링,拡大確認,細部を見やすくする,확대 확인,세부를 보기 쉽게 함,59200,KRW,,,E16711_1.jpg,https://www.san-nishimura.co.jp/product/item/?key_word=E16711
E16731,ケプラーシステム単眼鏡3.4x(150mm)2.8x,3.4x(150mm)2.8x,拡大確認,細部を見やすくする,확대 확인,세부를 보기 쉽게 함,602800,KRW,,,E16731_1.jpg,https://www.san-nishimura.co.jp/product/item/?key_word=E16731
E16732,ケプラーシステム単眼鏡5.5x(200mm)4.2x,5.5x(200mm)4.2x,拡大確認,細部を見やすくする,확대 확인,세부를 보기 쉽게 함,690500,KRW,,,E16732_1.jpg,https://www.san-nishimura.co.jp/product/item/?key_word=E16732
E16733,ケプラーシステム単眼鏡5x(200mm)4.2x,5x(200mm)4.2x,拡大確認,細部を見やすくする,확대 확인,세부를 보기 쉽게 함,602800,KRW,,,E16733_1.jpg,https://www.san-nishimura.co.jp/product/item/?key_word=E16733
E16734,ケプラーシステム単眼鏡7.6x(250mm)6x,7.6x(250mm)6x,拡大確認,細部を見やすくする,확대 확인,세부를 보기 쉽게 함,690500,KRW,,,E16734_1.jpg,https://www.san-nishimura.co.jp/product/item/?key_word=E16734
E1674820,バリオプラス8x 20mm径,8x 20mm,拡大確認,細部を見やすくする,확대 확인,세부를 보기 쉽게 함,867000,KRW,,,E1674820_1.jpg,https://www.san-nishimura.co.jp/product/item/?key_word=E1674820
E1674832,バリオプラス8x 32mm径,8x 32mm,拡大確認,細部を見やすくする,확대 확인,세부를 보기 쉽게 함,1028200,KRW,,,E1674832_1.jpg,https://www.san-nishimura.co.jp/product/item/?key_word=E1674832
E168010,プリズムビノコンフォート 10dpt,10dpt,拡大確認,細部を見やすくする,확대 확인,세부를 보기 쉽게 함,640600,KRW,,,,https://www.san-nishimura.co.jp/product/item/?key_word=E168010
E16804,プリズムビノコンフォート 4dpt,4dpt,拡大確認,細部を見やすくする,확대 확인,세부를 보기 쉽게 함,581400,KRW,,,E16804_1.jpg,https://www.san-nishimura.co.jp/product/item/?key_word=E16804
E16806,プリズムビノコンフォート 6dpt,6dpt,拡大確認,細部を見やすくする,확대 확인,세부를 보기 쉽게 함,581400,KRW,,,,https://www.san-nishimura.co.jp/product/item/?key_word=E16806
E16808,プリズムビノコンフォート 8dpt,8dpt,拡大確認,細部を見やすくする,확대 확인,세부를 보기 쉽게 함,640600,KRW,,,,https://www.san-nishimura.co.jp/product/item/?key_word=E16808
E16813L,ノーヴェスモノ 眼鏡式近用ルーペ 3x,확대경 3x,拡大確認,細部を見やすくする,확대 확인,세부를 보기 쉽게 함,557900,KRW,,,E16813L_1.jpg,https://www.san-nishimura.co.jp/product/item/?key_word=E16813L
E16813R,ノーヴェスモノ 眼鏡式近用ルーペ 3x,확대경 3x,拡大確認,細部を見やすくする,확대 확인,세부를 보기 쉽게 함,557900,KRW,,,E16813R_1.jpg,https://www.san-nishimura.co.jp/product/item/?key_word=E16813R
E16814L,ノーヴェスモノ 眼鏡式近用ルーペ 4x,확대경 4x,拡大確認,細部を見やすくする,확대 확인,세부를 보기 쉽게 함,557900,KRW,,,E16814L_1.jpg,https://www.san-nishimura.co.jp/product/item/?key_word=E16814L
E16814R,ノーヴェスモノ 眼鏡式近用ルーペ 4x,확대경 4x,拡大確認,細部を見やすくする,확대 확인,세부를 보기 쉽게 함,557900,KRW,,,E16814R_1.jpg,https://www.san-nishimura.co.jp/product/item/?key_word=E16814R
E16815L,ノーヴェスモノ 眼鏡式近用ルーペ 5x,확대경 5x,拡大確認,細部を見やすくする,확대 확인,세부를 보기 쉽게 함,557900,KRW,,,E16815L_1.jpg,https://www.san-nishimura.co.jp/product/item/?key_word=E16815L
E16815R,ノーヴェスモノ 眼鏡式近用ルーペ 5x,확대경 5x,拡大確認,細部を見やすくする,확대 확인,세부를 보기 쉽게 함,557900,KRW,,,E16815R_1.jpg,https://www.san-nishimura.co.jp/product/item/?key_word=E16815R
E16816L,ノーヴェスモノ 眼鏡式近用ルーペ 6x,확대경 6x,拡大確認,細部を見やすくする,확대 확인,세부를 보기 쉽게 함,557900,KRW,,,E16816L_1.jpg,https://www.san-nishimura.co.jp/product/item/?key_word=E16816L
E16816R,ノーヴェスモノ 眼鏡式近用ルーペ 6x,확대경 6x,拡大確認,細部を見やすくする,확대 확인,세부를 보기 쉽게 함,557900,KRW,,,E16816R_1.jpg,https://www.san-nishimura.co.jp/product/item/?key_word=E16816R
E168210,ノーヴェスビノ 10dpt,10dpt,拡大確認,細部を見やすくする,확대 확인,세부를 보기 쉽게 함,472300,KRW,,,E168210_1.jpg,https://www.san-nishimura.co.jp/product/item/?key_word=E168210
E16824,ノーヴェスビノ 4dpt,4dpt,拡大確認,細部を見やすくする,확대 확인,세부를 보기 쉽게 함,472300,KRW,,,E16824_1.jpg,https://www.san-nishimura.co.jp/product/item/?key_word=E16824
E16825,ノーヴェスビノ 5dpt,5dpt,拡大確認,細部を見やすくする,확대 확인,세부를 보기 쉽게 함,472300,KRW,,,E16825_1.jpg,https://www.san-nishimura.co.jp/product/item/?key_word=E16825
E16826,ノーヴェスビノ 6dpt,6dpt,拡大確認,細部を見やすくする,확대 확인,세부를 보기 쉽게 함,472300,KRW,,,E16826_1.jpg,https://www.san-nishimura.co.jp/product/item/?key_word=E16826
E16828,ノーヴェスビノ 8dpt,8dpt,拡大確認,細部を見やすくする,확대 확인,세부를 보기 쉽게 함,472300,KRW,,,E16828_1.jpg,https://www.san-nishimura.co.jp/product/item/?key_word=E16828
E1710910,モビレント10x,10x,拡大確認,細部を見やすくする,확대 확인,세부를 보기 쉽게 함,63200,KRW,,,,https://www.san-nishimura.co.jp/product/item/?key_word=E1710910
E171094,モビレント4x,4x,拡大確認,細部を見やすくする,확대 확인,세부를 보기 쉽게 함,54100,KRW,,,E171094_1.jpg,https://www.san-nishimura.co.jp/product/item/?key_word=E171094
E171097,モビレント7x,7x,拡大確認,細部を見やすくする,확대 확인,세부를 보기 쉽게 함,59200,KRW,,,E171097_1.jpg,https://www.san-nishimura.co.jp/product/item/?key_word=E171097
E172116,VISO POCKET2.5x ボルドー,VISO POCKET2.5x,拡大確認,細部を見やすくする,확대 확인,세부를 보기 쉽게 함,49000,KRW,,,,https://www.san-nishimura.co.jp/product/item/?key_word=E172116
E172116B,VISO POCKET2.5x ボルドー ブリスター,VISO POCKET2.5x,拡大確認,細部を見やすくする,확대 확인,세부를 보기 쉽게 함,49000,KRW,,,E172116B_1.jpg,https://www.san-nishimura.co.jp/product/item/%e3%83%b4%e3%82%a3%e3%82%be%e3%83%bb%e3%83%9d%e3%82%b1%e3%83%83%e3%83%88/
E172146,VISO POCKET2.5x ブラウン,VISO POCKET2.5x 브라운,拡大確認,細部を見やすくする,확대 확인,세부를 보기 쉽게 함,49000,KRW,,,,https://www.san-nishimura.co.jp/product/item/?key_word=E172146
E172146B,VISO POCKET2.5x ブラウン ブリスター,VISO POCKET2.5x 브라운,拡大確認,細部を見やすくする,확대 확인,세부를 보기 쉽게 함,49000,KRW,,,E172146B_1.jpg,https://www.san-nishimura.co.jp/product/item/%e3%83%b4%e3%82%a3%e3%82%be%e3%83%bb%e3%83%9d%e3%82%b1%e3%83%83%e3%83%88/
E172156,VISO POCKET2.5x ブラック,VISO POCKET2.5x 블랙,拡大確認,細部を見やすくする,확대 확인,세부를 보기 쉽게 함,49000,KRW,,,,https://www.san-nishimura.co.jp/product/item/?key_word=E172156
E172156B,VISO POCKET2.5x ブラック ブリスター,VISO POCKET2.5x 블랙,拡大確認,細部を見やすくする,확대 확인,세부를 보기 쉽게 함,49000,KRW,,,E172156B_1.jpg,https://www.san-nishimura.co.jp/product/item/%e3%83%b4%e3%82%a3%e3%82%be%e3%83%bb%e3%83%9d%e3%82%b1%e3%83%83%e3%83%88/
E1730131,エコノミーハンディルーペ゚3.5x レッド,확대경 3.5x 레드,拡大確認,細部を見やすくする,확대 확인,세부를 보기 쉽게 함,20400,KRW,,,E1730131_1.jpg,https://www.san-nishimura.co.jp/product/item/?key_word=E1730131
E1730131B,エコノミーハンディルーペ3.5xレッドブリスター,확대경3.5x레드,拡大確認,細部を見やすくする,확대 확인,세부를 보기 쉽게 함,20400,KRW,,,E1730131B_1.jpg,https://www.san-nishimura.co.jp/product/item/?key_word=E1730131B
E1730231,エコノミーハンディルーペ3.5x スモークグレー,확대경3.5x 그레이,拡大確認,細部を見やすくする,확대 확인,세부를 보기 쉽게 함,20400,KRW,,,E1730231_1.jpg,https://www.san-nishimura.co.jp/product/item/?key_word=E1730231
E1730231B,エコノミーハンディルーペ3.5xスモークグレーブリスター,확대경3.5x 그레이,拡大確認,細部を見やすくする,확대 확인,세부를 보기 쉽게 함,20400,KRW,,,E1730231B_1.jpg,https://www.san-nishimura.co.jp/product/item/?key_word=E1730231B
E1730331,エコノミーハンディルーペ3.5x ロイヤルブルー,확대경3.5x 블루,拡大確認,細部を見やすくする,확대 확인,세부를 보기 쉽게 함,20400,KRW,,,E1730331_1.jpg,https://www.san-nishimura.co.jp/product/item/?key_word=E1730331
E1730331B,エコノミーハンディルーペ゚3.5x ロイヤルブルーブリスター,확대경 3.5x 블루,拡大確認,細部を見やすくする,확대 확인,세부를 보기 쉽게 함,20400,KRW,,,E1730331B_1.jpg,https://www.san-nishimura.co.jp/product/item/?key_word=E1730331B
E1730531,エコノミーハンディルーペ 3.5x ブラック,확대경 3.5x 블랙,拡大確認,細部を見やすくする,확대 확인,세부를 보기 쉽게 함,20400,KRW,,,E1730531_1.jpg,https://www.san-nishimura.co.jp/product/item/?key_word=E1730531
E1730531B,エコノミーハンディルーペ3.5xブラックブリスター,확대경3.5x블랙,拡大確認,細部を見やすくする,확대 확인,세부를 보기 쉽게 함,20400,KRW,,,E1730531B_1.jpg,https://www.san-nishimura.co.jp/product/item/?key_word=E1730531B
E1740130,ハンディルーペ6x 30mm径 ダークレッド,확대경6x 30mm 레드,拡大確認,細部を見やすくする,확대 확인,세부를 보기 쉽게 함,36700,KRW,,,E1740130_1.jpg,https://www.san-nishimura.co.jp/product/item/?key_word=E1740130
E1740150,ハンディルーペ3.5x 50mm径 ダークレッド,확대경3.5x 50mm 레드,拡大確認,細部を見やすくする,확대 확인,세부를 보기 쉽게 함,42800,KRW,,,E1740150_1.jpg,https://www.san-nishimura.co.jp/product/item/?key_word=E1740150
E1740160,ハンディルーペ3.5x 60mm径 ダークレッド,확대경3.5x 60mm 레드,拡大確認,細部を見やすくする,확대 확인,세부를 보기 쉽게 함,51000,KRW,,,E1740160_1.jpg,https://www.san-nishimura.co.jp/product/item/?key_word=E1740160
E1740250,ハンディルーペ3.5x 50mm径オリーブグリーン,확대경3.5x 50mm 그린,拡大確認,細部を見やすくする,확대 확인,세부를 보기 쉽게 함,42800,KRW,,,E1740250_1.jpg,https://www.san-nishimura.co.jp/product/item/?key_word=E1740250
E1740260,ハンディルーペ3.5x 60mm径 オリーブグリーン,확대경3.5x 60mm 그린,拡大確認,細部を見やすくする,확대 확인,세부를 보기 쉽게 함,51000,KRW,,,E1740260_1.jpg,https://www.san-nishimura.co.jp/product/item/?key_word=E1740260
E1740450,ハンディルーペ3.5x 50mm径 ブラウン,확대경3.5x 50mm 브라운,拡大確認,細部を見やすくする,확대 확인,세부를 보기 쉽게 함,42800,KRW,,,E1740450_1.jpg,https://www.san-nishimura.co.jp/product/item/?key_word=E1740450
E1740460,ハンディルーペ3.5x 60mm径 ブラウン,확대경3.5x 60mm 브라운,拡大確認,細部を見やすくする,확대 확인,세부를 보기 쉽게 함,51000,KRW,,,E1740460_1.jpg,https://www.san-nishimura.co.jp/product/item/?key_word=E1740460
E1740530,ハンディルーペ6x 30mm径 ブラック,확대경6x 30mm 블랙,拡大確認,細部を見やすくする,확대 확인,세부를 보기 쉽게 함,36700,KRW,,,E1740530_1.jpg,https://www.san-nishimura.co.jp/product/item/?key_word=E1740530
E1740550,ハンディルーペ3.5x 50mm径 ブラツク,확대경3.5x 50mm,拡大確認,細部を見やすくする,확대 확인,세부를 보기 쉽게 함,42800,KRW,,,E1740550_1.jpg,https://www.san-nishimura.co.jp/product/item/?key_word=E1740550
E1740560,ハンディルーペ3.5x 60mm径 ブラック,확대경3.5x 60mm 블랙,拡大確認,細部を見やすくする,확대 확인,세부를 보기 쉽게 함,51000,KRW,,,E1740560_1.jpg,https://www.san-nishimura.co.jp/product/item/?key_word=E1740560
E1752150,ハンディルーペ3.5x 50mm径 角レッド,확대경3.5x 50mm 각형레드,拡大確認,細部を見やすくする,확대 확인,세부를 보기 쉽게 함,51000,KRW,,,E1752150_1.jpg,https://www.san-nishimura.co.jp/product/item/?key_word=E1752150
E1752160,ハンディルーペ3.5x 60mm径 角レッド,확대경3.5x 60mm 각형레드,拡大確認,細部を見やすくする,확대 확인,세부를 보기 쉽게 함,57100,KRW,,,E1752160_1.jpg,https://www.san-nishimura.co.jp/product/item/?key_word=E1752160
E1752550,ハンディルーペ3.5x 50mm径 角ブラック,확대경3.5x 50mm 각형블랙,拡大確認,細部を見やすくする,확대 확인,세부를 보기 쉽게 함,51000,KRW,,,E1752550_1.jpg,https://www.san-nishimura.co.jp/product/item/?key_word=E1752550
E1752560,ハンディルーペ3.5x 60mm径 角ブラック,확대경3.5x 60mm 각형블랙,拡大確認,細部を見やすくする,확대 확인,세부를 보기 쉽게 함,57100,KRW,,,E1752560_1.jpg,https://www.san-nishimura.co.jp/product/item/?key_word=E1752560
E1752850,ハンディルーペ3.5x 50mm径 角ライトブラウン,확대경3.5x 50mm 각형라이트브라운,拡大確認,細部を見やすくする,확대 확인,세부를 보기 쉽게 함,51000,KRW,,,E1752850_1.jpg,https://www.san-nishimura.co.jp/product/item/?key_word=E1752850
E1752860,ハンディルーペ3.5x 60mm径 角ライトブラウン,확대경3.5x 60mm 각형라이트브라운,拡大確認,細部を見やすくする,확대 확인,세부를 보기 쉽게 함,57100,KRW,,,E1752860_1.jpg,https://www.san-nishimura.co.jp/product/item/?key_word=E1752860
E18376M,LEDワイドライト モベースセット,LED와이드라이트 베이스세트,機器部品交換・補修,機器を使い続けやすい,장비 부품 교체 및 보수,장비를 계속 사용하기 쉬움,1402500,KRW,,,,https://www.san-nishimura.co.jp/product/item/?key_word=E18376M
E2031,ハンドスタンドルーペ2.6x 100x50mm,스탠드확대경2.6x 100x50mm,拡大確認,細部を見やすくする,확대 확인,세부를 보기 쉽게 함,170300,KRW,,,E2031_1.jpg,https://www.san-nishimura.co.jp/product/item/?key_word=E2031
E2032,ハンドスタンドルーペ2.8x 100x75mm,스탠드확대경2.8x 100x75mm,拡大確認,細部を見やすくする,확대 확인,세부를 보기 쉽게 함,235600,KRW,,,E2032_1.jpg,https://www.san-nishimura.co.jp/product/item/?key_word=E2032
E2034,ハンドスタンドルーペ3.5x 75x50mm,스탠드확대경3.5x 75x50mm,拡大確認,細部を見やすくする,확대 확인,세부를 보기 쉽게 함,155000,KRW,,,E2034_1.jpg,https://www.san-nishimura.co.jp/product/item/?key_word=E2034
E2605,バールーペ1.8x 200mm,확대경1.8x 200mm,拡大確認,細部を見やすくする,확대 확인,세부를 보기 쉽게 함,59200,KRW,,,E2605_1.jpg,https://www.san-nishimura.co.jp/product/item/?key_word=E2605
E2606,バールーペ2x 122mm,확대경2x 122mm,拡大確認,細部を見やすくする,확대 확인,세부를 보기 쉽게 함,92800,KRW,,,E2606_1.jpg,https://www.san-nishimura.co.jp/product/item/?key_word=E2606
E2608,バールーペ1.8x 250mm,확대경1.8x 250mm,拡大確認,細部を見やすくする,확대 확인,세부를 보기 쉽게 함,140800,KRW,,,E2608_1.jpg,https://www.san-nishimura.co.jp/product/item/?key_word=E2608
E2612407,クリスタルルーペ3.25x 45mm径,확대경3.25x 45mm,拡大確認,細部を見やすくする,확대 확인,세부를 보기 쉽게 함,14300,KRW,,,,https://www.san-nishimura.co.jp/product/item/%e3%82%af%e3%83%aa%e3%82%b9%e3%82%bf%e3%83%ab%e3%83%ab%e3%83%bc%e3%83%9a/
E261240B,クリスタルルーペ3.25x45mmブリスター,확대경3.25x45mm,拡大確認,細部を見やすくする,확대 확인,세부를 보기 쉽게 함,14300,KRW,,,E261240B_1.jpg,https://www.san-nishimura.co.jp/product/item/?key_word=E261240B
E2612607,クリスタルルーペ2.5x 60mm径,확대경2.5x 60mm,拡大確認,細部を見やすくする,확대 확인,세부를 보기 쉽게 함,23500,KRW,,,,https://www.san-nishimura.co.jp/product/item/%e3%82%af%e3%83%aa%e3%82%b9%e3%82%bf%e3%83%ab%e3%83%ab%e3%83%bc%e3%83%9a/
E261260B,クリスタルルーペ2.5x60mmブリスター,확대경2.5x60mm,拡大確認,細部を見やすくする,확대 확인,세부를 보기 쉽게 함,23500,KRW,,,E261260B_1.jpg,https://www.san-nishimura.co.jp/product/item/?key_word=E261260B
E2612807,クリスタルルーペ2.25x 80mm径,확대경2.25x 80mm,拡大確認,細部を見やすくする,확대 확인,세부를 보기 쉽게 함,34700,KRW,,,,https://www.san-nishimura.co.jp/product/item/%e3%82%af%e3%83%aa%e3%82%b9%e3%82%bf%e3%83%ab%e3%83%ab%e3%83%bc%e3%83%9a/
E261280B,クリスタルルーペ2.25x 80mmブリスター,확대경2.25x 80mm,拡大確認,細部を見やすくする,확대 확인,세부를 보기 쉽게 함,34700,KRW,,,E261280B_1.jpg,https://www.san-nishimura.co.jp/product/item/?key_word=E261280B
E261280S1,クリスタルルーペ2.25x 80mm径 グレース,확대경2.25x 80mm 그레이,拡大確認,細部を見やすくする,확대 확인,세부를 보기 쉽게 함,56100,KRW,,,E261280S1_1.jpg,https://www.san-nishimura.co.jp/product/item/%e3%82%af%e3%83%aa%e3%82%b9%e3%82%bf%e3%83%ab%e3%83%ab%e3%83%bc%e3%83%9a/
E26129507,クリスタルルーペ2x 90x50mm,확대경2x 90x50mm,拡大確認,細部を見やすくする,확대 확인,세부를 보기 쉽게 함,43900,KRW,,,,https://www.san-nishimura.co.jp/product/item/%e3%82%af%e3%83%aa%e3%82%b9%e3%82%bf%e3%83%ab%e3%83%ab%e3%83%bc%e3%83%9a/
E2612950B,クリスタルルーペ2x 90x50mm,확대경2x 90x50mm,拡大確認,細部を見やすくする,확대 확인,세부를 보기 쉽게 함,43900,KRW,,,E2612950B_1.jpg,https://www.san-nishimura.co.jp/product/item/?key_word=E2612950B
E2612950S1,クリスタルルーペ゚2x 90x50mm コスモス,확대경 2x 90x50mm,拡大確認,細部を見やすくする,확대 확인,세부를 보기 쉽게 함,67300,KRW,,,E2612950S1_1.jpg,https://www.san-nishimura.co.jp/product/item/%e3%82%af%e3%83%aa%e3%82%b9%e3%82%bf%e3%83%ab%e3%83%ab%e3%83%bc%e3%83%9a/
E2614150,ホワイトルーペ2x 100x50mm,화이트확대경2x 100x50mm,拡大確認,細部を見やすくする,확대 확인,세부를 보기 쉽게 함,73400,KRW,,,E2614150_1.jpg,https://www.san-nishimura.co.jp/product/item/%e3%83%9b%e3%83%af%e3%82%a4%e3%83%88%e3%83%ab%e3%83%bc%e3%83%9a/
E261480,ホワイトルーペ2.25x 80mm径,화이트확대경2.25x 80mm,拡大確認,細部を見やすくする,확대 확인,세부를 보기 쉽게 함,62200,KRW,,,E261480_1.jpg,https://www.san-nishimura.co.jp/product/item/%e3%83%9b%e3%83%af%e3%82%a4%e3%83%88%e3%83%ab%e3%83%bc%e3%83%9a/
E2614840,ホワイトルーペ2.25x 80x40mm,화이트확대경2.25x 80x40mm,拡大確認,細部を見やすくする,확대 확인,세부를 보기 쉽게 함,68300,KRW,,,E2614840_1.jpg,https://www.san-nishimura.co.jp/product/item/%e3%83%9b%e3%83%af%e3%82%a4%e3%83%88%e3%83%ab%e3%83%bc%e3%83%9a/
E2626,ワイドスタンドルーペ6x 50mm径,와이드스탠드확대경6x 50mm,拡大確認,細部を見やすくする,확대 확인,세부를 보기 쉽게 함,105100,KRW,,,E2626_1.jpg,https://www.san-nishimura.co.jp/product/item/?key_word=E2626
E2628,ワイドスタンドルーペ10x 35mm径,와이드스탠드확대경10x 35mm,拡大確認,細部を見やすくする,확대 확인,세부를 보기 쉽게 함,110200,KRW,,,E2628_1.jpg,https://www.san-nishimura.co.jp/product/item/?key_word=E2628
E263611,デスクリーダー2.8x/3.8x,2.8x/3.8x,拡大確認,細部を見やすくする,확대 확인,세부를 보기 쉽게 함,280500,KRW,,,E263611_1.jpg,https://www.san-nishimura.co.jp/product/item/?key_word=E263611
E2642100,広視野ルーペ2x 100mm径,확대경2x 100mm,拡大確認,細部を見やすくする,확대 확인,세부를 보기 쉽게 함,109100,KRW,,,E2642100_1.jpg,https://www.san-nishimura.co.jp/product/item/%e5%ba%83%e8%a6%96%e9%87%8e%e3%83%ab%e3%83%bc%e3%83%9a/
E2642120,広視野ルーペ1.9x 120mm径,확대경1.9x 120mm,拡大確認,細部を見やすくする,확대 확인,세부를 보기 쉽게 함,133600,KRW,,,E2642120_1.jpg,https://www.san-nishimura.co.jp/product/item/%e5%ba%83%e8%a6%96%e9%87%8e%e3%83%ab%e3%83%bc%e3%83%9a/
E26421255,広視野ルーペ1.85x 120x55mm,확대경1.85x 120x55mm,拡大確認,細部を見やすくする,확대 확인,세부를 보기 쉽게 함,136700,KRW,,,E26421255_1.jpg,https://www.san-nishimura.co.jp/product/item/%e5%ba%83%e8%a6%96%e9%87%8e%e3%83%ab%e3%83%bc%e3%83%9a/
E2642150,広視野ルーペ2x 100x50mm,확대경2x 100x50mm,拡大確認,細部を見やすくする,확대 확인,세부를 보기 쉽게 함,116300,KRW,,,E2642150_1.jpg,https://www.san-nishimura.co.jp/product/item/%e5%ba%83%e8%a6%96%e9%87%8e%e3%83%ab%e3%83%bc%e3%83%9a/
E264265,広視野ルーペ3x 65mm径,확대경3x 65mm,拡大確認,細部を見やすくする,확대 확인,세부를 보기 쉽게 함,63200,KRW,,,E264265_1.jpg,https://www.san-nishimura.co.jp/product/item/%e5%ba%83%e8%a6%96%e9%87%8e%e3%83%ab%e3%83%bc%e3%83%9a/
E264280,広視野ルーペ2.3x 80mm径,확대경2.3x 80mm,拡大確認,細部を見やすくする,확대 확인,세부를 보기 쉽게 함,77500,KRW,,,E264280_1.jpg,https://www.san-nishimura.co.jp/product/item/%e5%ba%83%e8%a6%96%e9%87%8e%e3%83%ab%e3%83%bc%e3%83%9a/
E2642840,広視野ルーペ2.4x 80x40mm,확대경2.4x 80x40mm,拡大確認,細部を見やすくする,확대 확인,세부를 보기 쉽게 함,94900,KRW,,,E2642840_1.jpg,https://www.san-nishimura.co.jp/product/item/%e5%ba%83%e8%a6%96%e9%87%8e%e3%83%ab%e3%83%bc%e3%83%9a/
E2655150,ブラックルーペ 3x 100x50mm,블랙확대경 3x 100x50mm,拡大確認,細部を見やすくする,확대 확인,세부를 보기 쉽게 함,166300,KRW,,,E2655150_1.jpg,https://www.san-nishimura.co.jp/product/item/%e3%83%96%e3%83%a9%e3%83%83%e3%82%af%e3%83%ab%e3%83%bc%e3%83%9a/
E2655175,ブラックルーペ 2.8x 100x75mm,블랙확대경 2.8x 100x75mm,拡大確認,細部を見やすくする,확대 확인,세부를 보기 쉽게 함,177500,KRW,,,E2655175_1.jpg,https://www.san-nishimura.co.jp/product/item/%e3%83%96%e3%83%a9%e3%83%83%e3%82%af%e3%83%ab%e3%83%bc%e3%83%9a/
E265550,ブラックルーペ 6x 50mm径,블랙확대경 6x 50mm,拡大確認,細部を見やすくする,확대 확인,세부를 보기 쉽게 함,96900,KRW,,,E265550_1.jpg,https://www.san-nishimura.co.jp/product/item/%e3%83%96%e3%83%a9%e3%83%83%e3%82%af%e3%83%ab%e3%83%bc%e3%83%9a/
E265560,ブラックルーペ 5x 58mm径,블랙확대경 5x 58mm,拡大確認,細部を見やすくする,확대 확인,세부를 보기 쉽게 함,115300,KRW,,,E265560_1.jpg,https://www.san-nishimura.co.jp/product/item/%e3%83%96%e3%83%a9%e3%83%83%e3%82%af%e3%83%ab%e3%83%bc%e3%83%9a/
E265570,ブラックルーペ 4x 70mm径,블랙확대경 4x 70mm,拡大確認,細部を見やすくする,확대 확인,세부를 보기 쉽게 함,135700,KRW,,,E265570_1.jpg,https://www.san-nishimura.co.jp/product/item/%e3%83%96%e3%83%a9%e3%83%83%e3%82%af%e3%83%ab%e3%83%bc%e3%83%9a/
E2655750,ブラックルーペ 3.5x 70x50m,블랙확대경 3.5x 70x50m,拡大確認,細部を見やすくする,확대 확인,세부를 보기 쉽게 함,147900,KRW,,,E2655750_1.jpg,https://www.san-nishimura.co.jp/product/item/%e3%83%96%e3%83%a9%e3%83%83%e3%82%af%e3%83%ab%e3%83%bc%e3%83%9a/
E266850,メディプランエルゴ 4.5x 50mm径,4.5x 50mm,拡大確認,細部を見やすくする,확대 확인,세부를 보기 쉽게 함,152000,KRW,,,E266850_1.jpg,https://www.san-nishimura.co.jp/product/item/%e3%83%a1%e3%83%87%e3%82%a3%e3%83%97%e3%83%a9%e3%83%b3%e3%82%a8%e3%83%ab%e3%82%b4/
E266860,メディプランエルゴ 3.8x 60mm径,3.8x 60mm,拡大確認,細部を見やすくする,확대 확인,세부를 보기 쉽게 함,140800,KRW,,,E266860_1.jpg,https://www.san-nishimura.co.jp/product/item/%e3%83%a1%e3%83%87%e3%82%a3%e3%83%97%e3%83%a9%e3%83%b3%e3%82%a8%e3%83%ab%e3%82%b4/
E266875,メディプランエルゴ 2.9x 75mm径,2.9x 75mm,拡大確認,細部を見やすくする,확대 확인,세부를 보기 쉽게 함,166300,KRW,,,E266875_1.jpg,https://www.san-nishimura.co.jp/product/item/%e3%83%a1%e3%83%87%e3%82%a3%e3%83%97%e3%83%a9%e3%83%b3%e3%82%a8%e3%83%ab%e3%82%b4/
E266885,メディプランエルゴ 2.4x 85mm径,2.4x 85mm,拡大確認,細部を見やすくする,확대 확인,세부를 보기 쉽게 함,177500,KRW,,,E266885_1.jpg,https://www.san-nishimura.co.jp/product/item/%e3%83%a1%e3%83%87%e3%82%a3%e3%83%97%e3%83%a9%e3%83%b3%e3%82%a8%e3%83%ab%e3%82%b4/
E2668950,メディプランエルゴ 2.7x 90×50mm径角,2.7x 90×50mm 각형,拡大確認,細部を見やすくする,확대 확인,세부를 보기 쉽게 함,185600,KRW,,,E2668950_1.jpg,https://www.san-nishimura.co.jp/product/item/?key_word=E2668950
E2677,ネックルーペ2x 100mm径,확대경2x 100mm,拡大確認,細部を見やすくする,확대 확인,세부를 보기 쉽게 함,90800,KRW,,,E2677_1.jpg,https://www.san-nishimura.co.jp/product/item/?key_word=E2677
E2678,ネックルーペ2x 100x140mm,확대경2x 100x140mm,拡大確認,細部を見やすくする,확대 확인,세부를 보기 쉽게 함,159100,KRW,,,E2678_1.jpg,https://www.san-nishimura.co.jp/product/item/?key_word=E2678
E2855150,レンズケース(ブラックルーペ用),렌즈케이스(블랙확대경),収納・保護,持ち帰りや保管に使いやすい,수납 및 보호,휴대와 보관에 쓰기 쉬움,49000,KRW,,,E2855150_1.jpg,https://www.san-nishimura.co.jp/product/item/?key_word=E2855150
E2855175,レンズケース(ブラックルーペ用),렌즈케이스(블랙확대경),収納・保護,持ち帰りや保管に使いやすい,수납 및 보호,휴대와 보관에 쓰기 쉬움,32600,KRW,,,E2855175_1.jpg,https://www.san-nishimura.co.jp/product/item/?key_word=E2855175
E285550,レンズケース(ブラックルーペ用),렌즈케이스(블랙확대경),収納・保護,持ち帰りや保管に使いやすい,수납 및 보호,휴대와 보관에 쓰기 쉬움,27500,KRW,,,E285550_1.jpg,https://www.san-nishimura.co.jp/product/item/?key_word=E285550
E285560,レンズケース(ブラックルーペ用),렌즈케이스(블랙확대경),収納・保護,持ち帰りや保管に使いやすい,수납 및 보호,휴대와 보관에 쓰기 쉬움,27500,KRW,,,E285560_1.jpg,https://www.san-nishimura.co.jp/product/item/?key_word=E285560
E285570,レンズケース(ブラックルーペ用),렌즈케이스(블랙확대경),収納・保護,持ち帰りや保管に使いやすい,수납 및 보호,휴대와 보관에 쓰기 쉬움,27500,KRW,,,E285570_1.jpg,https://www.san-nishimura.co.jp/product/item/?key_word=E285570
E2855750,レンズケース(ブラックルーペ用),렌즈케이스(블랙확대경),収納・保護,持ち帰りや保管に使いやすい,수납 및 보호,휴대와 보관에 쓰기 쉬움,27500,KRW,,,,https://www.san-nishimura.co.jp/product/item/?key_word=E2855750
E29931115,PCビュアー クリアパープル1.5度,PCViewer 클리어퍼플1.5,拡大確認,細部を見やすくする,확대 확인,세부를 보기 쉽게 함,79600,KRW,,,E29931115_1.jpg,https://www.san-nishimura.co.jp/product/item/?key_word=E29931115
E29931120,PCビュアー クリアパープル2.0度,PCViewer 클리어퍼플2.0,拡大確認,細部を見やすくする,확대 확인,세부를 보기 쉽게 함,79600,KRW,,,E29931120_1.jpg,https://www.san-nishimura.co.jp/product/item/?key_word=E29931120
E29931125,PCビュアー クリアパープル2.5度,PCViewer 클리어퍼플2.5,拡大確認,細部を見やすくする,확대 확인,세부를 보기 쉽게 함,79600,KRW,,,E29931125_1.jpg,https://www.san-nishimura.co.jp/product/item/?key_word=E29931125
E29931130,PCビュアー クリアパープル3.0度,PCViewer 클리어퍼플3.0,拡大確認,細部を見やすくする,확대 확인,세부를 보기 쉽게 함,79600,KRW,,,E29931130_1.jpg,https://www.san-nishimura.co.jp/product/item/?key_word=E29931130
E29931215,PCビュアー クリアレッド1.5度,PCViewer 클리어레드1.5,拡大確認,細部を見やすくする,확대 확인,세부를 보기 쉽게 함,79600,KRW,,,E29931215_1.jpg,https://www.san-nishimura.co.jp/product/item/?key_word=E29931215
E29931220,PCビュアー クリアレッド2.0度,PCViewer 클리어레드2.0,拡大確認,細部を見やすくする,확대 확인,세부를 보기 쉽게 함,79600,KRW,,,E29931220_1.jpg,https://www.san-nishimura.co.jp/product/item/?key_word=E29931220
E29931225,PCビュアー クリアレッド2.5度,PCViewer 클리어레드2.5,拡大確認,細部を見やすくする,확대 확인,세부를 보기 쉽게 함,79600,KRW,,,E29931225_1.jpg,https://www.san-nishimura.co.jp/product/item/?key_word=E29931225
E29931230,PCビュアー クリアレッド3.0度,PCViewer 클리어레드3.0,拡大確認,細部を見やすくする,확대 확인,세부를 보기 쉽게 함,79600,KRW,,,E29931230_1.jpg,https://www.san-nishimura.co.jp/product/item/?key_word=E29931230
E29931315,PCビュアー パープルホワイト1.5度,PCViewer 퍼플화이트1.5,拡大確認,細部を見やすくする,확대 확인,세부를 보기 쉽게 함,79600,KRW,,,E29931315_1.jpg,https://www.san-nishimura.co.jp/product/item/?key_word=E29931315
E29931320,PCビュアー パープルホワイト2.0度,PCViewer 퍼플화이트2.0,拡大確認,細部を見やすくする,확대 확인,세부를 보기 쉽게 함,79600,KRW,,,E29931320_1.jpg,https://www.san-nishimura.co.jp/product/item/?key_word=E29931320
E29931325,PCビュアー パープルホワイト2.5度,PCViewer 퍼플화이트2.5,拡大確認,細部を見やすくする,확대 확인,세부를 보기 쉽게 함,79600,KRW,,,E29931325_1.jpg,https://www.san-nishimura.co.jp/product/item/?key_word=E29931325
E29931330,PCビュアー パープルホワイト3.0度,PCViewer 퍼플화이트3.0,拡大確認,細部を見やすくする,확대 확인,세부를 보기 쉽게 함,79600,KRW,,,E29931330_1.jpg,https://www.san-nishimura.co.jp/product/item/?key_word=E29931330
E29931415,PCビュアー レッドブラック1.5度,PCViewer 레드블랙1.5,拡大確認,細部を見やすくする,확대 확인,세부를 보기 쉽게 함,79600,KRW,,,E29931415_1.jpg,https://www.san-nishimura.co.jp/product/item/?key_word=E29931415
E29931420,PCビュアー レッドブラック2.0度,PCViewer 레드블랙2.0,拡大確認,細部を見やすくする,확대 확인,세부를 보기 쉽게 함,79600,KRW,,,E29931420_1.jpg,https://www.san-nishimura.co.jp/product/item/?key_word=E29931420
E29931425,PCビュアー レッドブラック2.5度,PCViewer 레드블랙2.5,拡大確認,細部を見やすくする,확대 확인,세부를 보기 쉽게 함,79600,KRW,,,E29931425_1.jpg,https://www.san-nishimura.co.jp/product/item/?key_word=E29931425
E29931430,PCビュアー レッドブラック3.0度,PCViewer 레드블랙3.0,拡大確認,細部を見やすくする,확대 확인,세부를 보기 쉽게 함,79600,KRW,,,E29931430_1.jpg,https://www.san-nishimura.co.jp/product/item/?key_word=E29931430
E29942610,シニアグラス「エレガンシィ」パープル1.0度,돋보기 안경「 건메탈 」퍼플1.0,近用・手元作業,度数や用途に合わせて提案しやすい,근거리 시야 및 손작업,도수와 용도에 맞춰 제안하기 쉬움,49000,KRW,,,E29942610_1.jpg,https://www.san-nishimura.co.jp/product/item/?key_word=E29942610
E29942615,シニアグラス「エレガンシィ」パープル1.5度,돋보기 안경「 건메탈 」퍼플1.5,近用・手元作業,度数や用途に合わせて提案しやすい,근거리 시야 및 손작업,도수와 용도에 맞춰 제안하기 쉬움,49000,KRW,,,E29942615_1.jpg,https://www.san-nishimura.co.jp/product/item/?key_word=E29942615
E29942620,シニアグラス「エレガンシィ」パープル2.0度,돋보기 안경「 건메탈 」퍼플2.0,近用・手元作業,度数や用途に合わせて提案しやすい,근거리 시야 및 손작업,도수와 용도에 맞춰 제안하기 쉬움,49000,KRW,,,,https://www.san-nishimura.co.jp/product/item/?key_word=E29942620
E29942625,シニアグラス「エレガンシィ」パープル2.5度,돋보기 안경「 건메탈 」퍼플2.5,近用・手元作業,度数や用途に合わせて提案しやすい,근거리 시야 및 손작업,도수와 용도에 맞춰 제안하기 쉬움,49000,KRW,,,E29942625_1.jpg,https://www.san-nishimura.co.jp/product/item/?key_word=E29942625
E29942710,シニアグラス「エレガンシィ」ワイン1.0度,돋보기 안경「 건메탈 」와인1.0,近用・手元作業,度数や用途に合わせて提案しやすい,근거리 시야 및 손작업,도수와 용도에 맞춰 제안하기 쉬움,49000,KRW,,,E29942710_1.jpg,https://www.san-nishimura.co.jp/product/item/?key_word=E29942710
E29942715,シニアグラス「エレガンシィ」ワイン1.5度,돋보기 안경「 건메탈 」와인1.5,近用・手元作業,度数や用途に合わせて提案しやすい,근거리 시야 및 손작업,도수와 용도에 맞춰 제안하기 쉬움,49000,KRW,,,E29942715_1.jpg,https://www.san-nishimura.co.jp/product/item/?key_word=E29942715
E29942720,シニアグラス「エレガンシィ」ワイン2.0度,돋보기 안경「 건메탈 」와인2.0,近用・手元作業,度数や用途に合わせて提案しやすい,근거리 시야 및 손작업,도수와 용도에 맞춰 제안하기 쉬움,49000,KRW,,,E29942720_1.jpg,https://www.san-nishimura.co.jp/product/item/?key_word=E29942720
E29942725,シニアグラス「エレガンシィ」ワイン2.5度,돋보기 안경「 건메탈 」와인2.5,近用・手元作業,度数や用途に合わせて提案しやすい,근거리 시야 및 손작업,도수와 용도에 맞춰 제안하기 쉬움,49000,KRW,,,E29942725_1.jpg,https://www.san-nishimura.co.jp/product/item/?key_word=E29942725
E29945100,エアーPC II度無し ブルー,에어PC II 블루,PC作業・室内用,色や用途を説明して提案しやすい,PC 작업 및 실내용,색상과 용도를 설명해 제안하기 쉬움,69000,KRW,,,,https://www.san-nishimura.co.jp/product/item/?key_word=E29945100
E29945115,シニアグラス「エアーPC II」ブルー+1.5度,돋보기 안경「에어PC II」블루+1.5,PC作業・室内用,色や用途を説明して提案しやすい,PC 작업 및 실내용,색상과 용도를 설명해 제안하기 쉬움,69000,KRW,,,E29945115_1.jpg,https://www.san-nishimura.co.jp/product/item/?key_word=E29945115
E29945120,シニアグラス「エアーPC II」ブルー+2.0度,돋보기 안경「에어PC II」블루+2.0,PC作業・室内用,色や用途を説明して提案しやすい,PC 작업 및 실내용,색상과 용도를 설명해 제안하기 쉬움,69000,KRW,,,,https://www.san-nishimura.co.jp/product/item/?key_word=E29945120
E29945125,シニアグラス「エアーPC II」ブルー+2.5度,돋보기 안경「에어PC II」블루+2.5,PC作業・室内用,色や用途を説明して提案しやすい,PC 작업 및 실내용,색상과 용도를 설명해 제안하기 쉬움,69000,KRW,,,,https://www.san-nishimura.co.jp/product/item/?key_word=E29945125
E29945130,シニアグラス「エアーPC II」ブルー+3.0度,돋보기 안경「에어PC II」블루+3.0,PC作業・室内用,色や用途を説明して提案しやすい,PC 작업 및 실내용,색상과 용도를 설명해 제안하기 쉬움,69000,KRW,,,,https://www.san-nishimura.co.jp/product/item/?key_word=E29945130
E29945200,エアーPC II度無し パープル,에어PC II 퍼플,PC作業・室内用,色や用途を説明して提案しやすい,PC 작업 및 실내용,색상과 용도를 설명해 제안하기 쉬움,69000,KRW,,,,https://www.san-nishimura.co.jp/product/item/?key_word=E29945200
E29945215,シニアグラス「エアーPC II」パープル+1.5度,돋보기 안경「에어PC II」퍼플+1.5,PC作業・室内用,色や用途を説明して提案しやすい,PC 작업 및 실내용,색상과 용도를 설명해 제안하기 쉬움,69000,KRW,,,E29945215_1.jpg,https://www.san-nishimura.co.jp/product/item/?key_word=E29945215
E29945220,シニアグラス「エアーPC II」パープル+2.0度,돋보기 안경「에어PC II」퍼플+2.0,PC作業・室内用,色や用途を説明して提案しやすい,PC 작업 및 실내용,색상과 용도를 설명해 제안하기 쉬움,69000,KRW,,,,https://www.san-nishimura.co.jp/product/item/?key_word=E29945220
E29945225,シニアグラス「エアーPC II」パープル+2.5度,돋보기 안경「에어PC II」퍼플+2.5,PC作業・室内用,色や用途を説明して提案しやすい,PC 작업 및 실내용,색상과 용도를 설명해 제안하기 쉬움,69000,KRW,,,,https://www.san-nishimura.co.jp/product/item/?key_word=E29945225
E29945230,シニアグラス「エアーPC II」パープル+3.0度,돋보기 안경「에어PC II」퍼플+3.0,PC作業・室内用,色や用途を説明して提案しやすい,PC 작업 및 실내용,색상과 용도를 설명해 제안하기 쉬움,69000,KRW,,,,https://www.san-nishimura.co.jp/product/item/?key_word=E29945230
E29945300,エアーPC II度無し グレー,에어PC II 그레이,PC作業・室内用,色や用途を説明して提案しやすい,PC 작업 및 실내용,색상과 용도를 설명해 제안하기 쉬움,69000,KRW,,,,https://www.san-nishimura.co.jp/product/item/?key_word=E29945300
E29945315,シニアグラス「エアーPC II」グレー+1.5度,돋보기 안경「에어PC II」그레이+1.5,PC作業・室内用,色や用途を説明して提案しやすい,PC 작업 및 실내용,색상과 용도를 설명해 제안하기 쉬움,69000,KRW,,,E29945315_1.jpg,https://www.san-nishimura.co.jp/product/item/?key_word=E29945315
E29945320,シニアグラス「エアーPC II」グレー+2.0度,돋보기 안경「에어PC II」그레이+2.0,PC作業・室内用,色や用途を説明して提案しやすい,PC 작업 및 실내용,색상과 용도를 설명해 제안하기 쉬움,69000,KRW,,,,https://www.san-nishimura.co.jp/product/item/?key_word=E29945320
E29945325,シニアグラス「エアーPC II」グレー+2.5度,돋보기 안경「에어PC II」그레이+2.5,PC作業・室内用,色や用途を説明して提案しやすい,PC 작업 및 실내용,색상과 용도를 설명해 제안하기 쉬움,69000,KRW,,,,https://www.san-nishimura.co.jp/product/item/?key_word=E29945325
E29945330,シニアグラス「エアーPC II」グレー+3.0度,돋보기 안경「에어PC II」그레이+3.0,PC作業・室内用,色や用途を説明して提案しやすい,PC 작업 및 실내용,색상과 용도를 설명해 제안하기 쉬움,69000,KRW,,,,https://www.san-nishimura.co.jp/product/item/?key_word=E29945330
E29945500,エアーPC II度無し ブラック,에어PC II 블랙,PC作業・室内用,色や用途を説明して提案しやすい,PC 작업 및 실내용,색상과 용도를 설명해 제안하기 쉬움,69000,KRW,,,,https://www.san-nishimura.co.jp/product/item/?key_word=E29945500
E29945515,シニアグラス「エアーPC II」ブラック+1.5度,돋보기 안경「에어PC II」블랙+1.5,PC作業・室内用,色や用途を説明して提案しやすい,PC 작업 및 실내용,색상과 용도를 설명해 제안하기 쉬움,69000,KRW,,,E29945515_1.jpg,https://www.san-nishimura.co.jp/product/item/?key_word=E29945515
E29945520,シニアグラス「エアーPC II」ブラック+2.0度,돋보기 안경「에어PC II」블랙+2.0,PC作業・室内用,色や用途を説明して提案しやすい,PC 작업 및 실내용,색상과 용도를 설명해 제안하기 쉬움,69000,KRW,,,,https://www.san-nishimura.co.jp/product/item/?key_word=E29945520
E29945525,シニアグラス「エアーPC II」ブラック+2.5度,돋보기 안경「에어PC II」블랙+2.5,PC作業・室内用,色や用途を説明して提案しやすい,PC 작업 및 실내용,색상과 용도를 설명해 제안하기 쉬움,69000,KRW,,,,https://www.san-nishimura.co.jp/product/item/?key_word=E29945525
E29945530,シニアグラス「エアーPC II」ブラック+3.0度,돋보기 안경「에어PC II」블랙+3.0,PC作業・室内用,色や用途を説明して提案しやすい,PC 작업 및 실내용,색상과 용도를 설명해 제안하기 쉬움,69000,KRW,,,,https://www.san-nishimura.co.jp/product/item/?key_word=E29945530
E29946110,リーディングMEGANE IIブルー1.0度,돋보기 안경 II블루1.0,近用・手元作業,度数や用途に合わせて提案しやすい,근거리 시야 및 손작업,도수와 용도에 맞춰 제안하기 쉬움,49000,KRW,,,E29946110_1.jpg,https://www.san-nishimura.co.jp/product/item/?key_word=E29946110
E29946115,リーディングMEGANE IIブルー 1.5度,돋보기 안경 II블루 1.5,近用・手元作業,度数や用途に合わせて提案しやすい,근거리 시야 및 손작업,도수와 용도에 맞춰 제안하기 쉬움,49000,KRW,,,,https://www.san-nishimura.co.jp/product/item/?key_word=E29946115
E29946120,リーディングMEGANE IIブルー 2.0度,돋보기 안경 II블루 2.0,近用・手元作業,度数や用途に合わせて提案しやすい,근거리 시야 및 손작업,도수와 용도에 맞춰 제안하기 쉬움,49000,KRW,,,,https://www.san-nishimura.co.jp/product/item/?key_word=E29946120
E29946125,リーディングMEGANE IIブルー 2.5度,돋보기 안경 II블루 2.5,近用・手元作業,度数や用途に合わせて提案しやすい,근거리 시야 및 손작업,도수와 용도에 맞춰 제안하기 쉬움,49000,KRW,,,,https://www.san-nishimura.co.jp/product/item/?key_word=E29946125
E29946130,リーディングMEGANE IIブルー 3.0度,돋보기 안경 II블루 3.0,近用・手元作業,度数や用途に合わせて提案しやすい,근거리 시야 및 손작업,도수와 용도에 맞춰 제안하기 쉬움,49000,KRW,,,,https://www.san-nishimura.co.jp/product/item/?key_word=E29946130
E29946210,リーディングMEGANE IIパープル1.0度,돋보기 안경 II퍼플1.0,近用・手元作業,度数や用途に合わせて提案しやすい,근거리 시야 및 손작업,도수와 용도에 맞춰 제안하기 쉬움,49000,KRW,,,E29946210_1.jpg,https://www.san-nishimura.co.jp/product/item/?key_word=E29946210
E29946215,リーディングMEGANE IIパープル1.5度,돋보기 안경 II퍼플1.5,近用・手元作業,度数や用途に合わせて提案しやすい,근거리 시야 및 손작업,도수와 용도에 맞춰 제안하기 쉬움,49000,KRW,,,,https://www.san-nishimura.co.jp/product/item/?key_word=E29946215
E29946220,リーディングMEGANE IIパープル2.0度,돋보기 안경 II퍼플2.0,近用・手元作業,度数や用途に合わせて提案しやすい,근거리 시야 및 손작업,도수와 용도에 맞춰 제안하기 쉬움,49000,KRW,,,,https://www.san-nishimura.co.jp/product/item/?key_word=E29946220
E29946225,リーディングMEGANE IIパープル2.5度,돋보기 안경 II퍼플2.5,近用・手元作業,度数や用途に合わせて提案しやすい,근거리 시야 및 손작업,도수와 용도에 맞춰 제안하기 쉬움,49000,KRW,,,,https://www.san-nishimura.co.jp/product/item/?key_word=E29946225
E29946230,リーディングMEGANE IIパープル3.0度,돋보기 안경 II퍼플3.0,近用・手元作業,度数や用途に合わせて提案しやすい,근거리 시야 및 손작업,도수와 용도에 맞춰 제안하기 쉬움,49000,KRW,,,,https://www.san-nishimura.co.jp/product/item/?key_word=E29946230
E29946410,リーディングMEGANE II ライトブラウン1.0度,돋보기 안경 II 라이트브라운1.0,近用・手元作業,度数や用途に合わせて提案しやすい,근거리 시야 및 손작업,도수와 용도에 맞춰 제안하기 쉬움,49000,KRW,,,E29946410_1.jpg,https://www.san-nishimura.co.jp/product/item/?key_word=E29946410
E29946415,リーディングMEGANE II ライトブラウン1.5度,돋보기 안경 II 라이트브라운1.5,近用・手元作業,度数や用途に合わせて提案しやすい,근거리 시야 및 손작업,도수와 용도에 맞춰 제안하기 쉬움,49000,KRW,,,,https://www.san-nishimura.co.jp/product/item/?key_word=E29946415
E29946420,リーディングMEGANE II ライトブラウン2.0度,돋보기 안경 II 라이트브라운2.0,近用・手元作業,度数や用途に合わせて提案しやすい,근거리 시야 및 손작업,도수와 용도에 맞춰 제안하기 쉬움,49000,KRW,,,,https://www.san-nishimura.co.jp/product/item/?key_word=E29946420
E29946425,リーディングMEGANE II ライトブラウン2.5度,돋보기 안경 II 라이트브라운2.5,近用・手元作業,度数や用途に合わせて提案しやすい,근거리 시야 및 손작업,도수와 용도에 맞춰 제안하기 쉬움,49000,KRW,,,,https://www.san-nishimura.co.jp/product/item/?key_word=E29946425
E29946430,リーディングMEGANE II ライトブラウン3.0度,돋보기 안경 II 라이트브라운3.0,近用・手元作業,度数や用途に合わせて提案しやすい,근거리 시야 및 손작업,도수와 용도에 맞춰 제안하기 쉬움,49000,KRW,,,,https://www.san-nishimura.co.jp/product/item/?key_word=E29946430
E29946510,リーディングMEGANE IIブラック1.0度,돋보기 안경 II블랙1.0,近用・手元作業,度数や用途に合わせて提案しやすい,근거리 시야 및 손작업,도수와 용도에 맞춰 제안하기 쉬움,49000,KRW,,,E29946510_1.jpg,https://www.san-nishimura.co.jp/product/item/?key_word=E29946510
E29946515,リーディングMEGANE IIブラック1.5度,돋보기 안경 II블랙1.5,近用・手元作業,度数や用途に合わせて提案しやすい,근거리 시야 및 손작업,도수와 용도에 맞춰 제안하기 쉬움,49000,KRW,,,,https://www.san-nishimura.co.jp/product/item/?key_word=E29946515
E29946520,リーディングMEGANE IIブラック2.0度,돋보기 안경 II블랙2.0,近用・手元作業,度数や用途に合わせて提案しやすい,근거리 시야 및 손작업,도수와 용도에 맞춰 제안하기 쉬움,49000,KRW,,,,https://www.san-nishimura.co.jp/product/item/?key_word=E29946520
E29946525,リーディングMEGANE IIブラック2.5度,돋보기 안경 II블랙2.5,近用・手元作業,度数や用途に合わせて提案しやすい,근거리 시야 및 손작업,도수와 용도에 맞춰 제안하기 쉬움,49000,KRW,,,,https://www.san-nishimura.co.jp/product/item/?key_word=E29946525
E29946530,リーディングMEGANE IIブラック3.0度,돋보기 안경 II블랙3.0,近用・手元作業,度数や用途に合わせて提案しやすい,근거리 시야 및 손작업,도수와 용도에 맞춰 제안하기 쉬움,49000,KRW,,,,https://www.san-nishimura.co.jp/product/item/?key_word=E29946530
E2994CB,メガネケース ブラック,안경케이스 블랙,収納・保護,持ち帰りや保管に使いやすい,수납 및 보호,휴대와 보관에 쓰기 쉬움,18400,KRW,,,E2994CB_1.jpg,https://www.san-nishimura.co.jp/product/item/?key_word=E2994CB
E2994CL,メガネケース ブルー,안경케이스 블루,収納・保護,持ち帰りや保管に使いやすい,수납 및 보호,휴대와 보관에 쓰기 쉬움,18400,KRW,,,E2994CL_1.jpg,https://www.san-nishimura.co.jp/product/item/?key_word=E2994CL
E2994CP,メガネケース ピンク,안경케이스 핑크,収納・保護,持ち帰りや保管に使いやすい,수납 및 보호,휴대와 보관에 쓰기 쉬움,18400,KRW,,,E2994CP_1.jpg,https://www.san-nishimura.co.jp/product/item/?key_word=E2994CP
E2994G1,グラスチェーン「エレガンシィ」,안경체인「 건메탈 」,携帯・落下防止,置き忘れや落下を防ぎやすい,휴대 및 낙하 방지,두고 가거나 떨어뜨리는 일을 줄이기 쉬움,18400,KRW,,,E2994G1_1.jpg,https://www.san-nishimura.co.jp/product/item/?key_word=E2994G1
E2994L1,レンズクロス,렌즈클리닝 천,清掃・仕上げ,お渡し前の見た目を整えやすい,청소 및 최종 마감,전달 전 외관을 정돈하기 쉬움,6100,KRW,,,E2994L1_1.jpg,https://www.san-nishimura.co.jp/product/item/?key_word=E2994L1
E2994L2,グラスポーチ,안경,収納・保護,持ち帰りや保管に使いやすい,수납 및 보호,휴대와 보관에 쓰기 쉬움,10200,KRW,,,E2994L2_1.jpg,https://www.san-nishimura.co.jp/product/item/?key_word=E2994L2
E2994L3,グラスポーチ ピンク,안경 핑크,収納・保護,持ち帰りや保管に使いやすい,수납 및 보호,휴대와 보관에 쓰기 쉬움,10200,KRW,,,E2994L3_1.jpg,https://www.san-nishimura.co.jp/product/item/?key_word=E2994L3
E2995M4413,極小遠近両用単眼鏡 マイクロラックス4倍,초소형원근 4,拡大確認,細部を見やすくする,확대 확인,세부를 보기 쉽게 함,109100,KRW,,,E2995M4413_1.jpg,https://www.san-nishimura.co.jp/product/item/?key_word=E2995M4413
E2995M4618,極小遠近両用単眼鏡 マイクロラックス6倍,초소형원근 6,拡大確認,細部を見やすくする,확대 확인,세부를 보기 쉽게 함,159100,KRW,,,E2995M4618_1.jpg,https://www.san-nishimura.co.jp/product/item/?key_word=E2995M4618
E299729261,クリップオンサングラスブラウン,선글라스브라운,まぶしさ対策,必要な時だけ装着しやすい,눈부심 대책,필요할 때만 장착하기 쉬움,65300,KRW,,,E299729261_1.jpg,https://www.san-nishimura.co.jp/product/item/?key_word=E299729261
E299729270,クリップセーフティー,클립 세이프티,ズレ落ち防止,日常の掛け心地を安定させやすい,흘러내림 방지,일상 착용감을 안정시키기 쉬움,45900,KRW,,,E299729270_1.jpg,https://www.san-nishimura.co.jp/product/item/?key_word=E299729270
E299729272,キャップ・クリップ・サンシェード グレー,캡 그레이,まぶしさ対策,必要な時だけ装着しやすい,눈부심 대책,필요할 때만 장착하기 쉬움,54100,KRW,,,E299729272_1.jpg,https://www.san-nishimura.co.jp/product/item/?key_word=E299729272
E299729273,キャップ・クリップ・サンシェード ダークグリーン,캡 그린,まぶしさ対策,必要な時だけ装着しやすい,눈부심 대책,필요할 때만 장착하기 쉬움,54100,KRW,,,E299729273_1.jpg,https://www.san-nishimura.co.jp/product/item/?key_word=E299729273
E4248418,双眼鏡ヴィジョン 4×,4×,遠方観察,遠くの対象を捉えやすい,원거리 관찰,먼 대상을 보기 쉬움,143800,KRW,,,E4248418_1.jpg,https://www.san-nishimura.co.jp/product/item/?key_word=E4248418
E4248618,双眼鏡ヴィジョン 6×,6×,遠方観察,遠くの対象を捉えやすい,원거리 관찰,먼 대상을 보기 쉬움,155000,KRW,,,E4248618_1.jpg,https://www.san-nishimura.co.jp/product/item/?key_word=E4248618
E4250842,双眼鏡 レガッタ 8倍,8,遠方観察,遠くの対象を捉えやすい,원거리 관찰,먼 대상을 보기 쉬움,942500,KRW,,,E4250842_1.jpg,https://www.san-nishimura.co.jp/product/item/%e3%83%ac%e3%82%ac%e3%83%83%e3%82%bf/
E4268125,双眼鏡セクターF 10×,F 10×,遠方観察,遠くの対象を捉えやすい,원거리 관찰,먼 대상을 보기 쉬움,391700,KRW,,,E4268125_1.jpg,https://www.san-nishimura.co.jp/product/item/%e3%82%bb%e3%82%af%e3%82%bf%e3%83%bcf/
E4268825,双眼鏡 セクターF 8x25,F 8x25,遠方観察,遠くの対象を捉えやすい,원거리 관찰,먼 대상을 보기 쉬움,367200,KRW,,,E4268825_1.jpg,https://www.san-nishimura.co.jp/product/item/%e3%82%bb%e3%82%af%e3%82%bf%e3%83%bcf/
E4293616,単眼鏡クラブM 6×,M 6×,拡大確認,細部を見やすくする,확대 확인,세부를 보기 쉽게 함,255000,KRW,,,E4293616_1.jpg,https://www.san-nishimura.co.jp/product/item/%e3%82%af%e3%83%a9%e3%83%96m/
E4293816,単眼鏡クラブM 8×,M 8×,拡大確認,細部を見やすくする,확대 확인,세부를 보기 쉽게 함,269300,KRW,,,E4293816_1.jpg,https://www.san-nishimura.co.jp/product/item/%e3%82%af%e3%83%a9%e3%83%96m/
E42968251,単眼鏡アドベンチャー8×,8×,拡大確認,細部を見やすくする,확대 확인,세부를 보기 쉽게 함,178500,KRW,,,E42968251_1.jpg,https://www.san-nishimura.co.jp/product/item/?key_word=E42968251
E44411,オペラグラス ドレスデン,오페라글라스,遠方観察,遠くの対象を捉えやすい,원거리 관찰,먼 대상을 보기 쉬움,246800,KRW,,,E44411_1.jpg,https://www.san-nishimura.co.jp/product/item/?key_word=E44411
E44431,オペラグラス スワン,오페라글라스,遠方観察,遠くの対象を捉えやすい,원거리 관찰,먼 대상을 보기 쉬움,246800,KRW,,,E44431_1.jpg,https://www.san-nishimura.co.jp/product/item/?key_word=E44431
E44441,オペラグラス フィガロ,오페라글라스,遠方観察,遠くの対象を捉えやすい,원거리 관찰,먼 대상을 보기 쉬움,246800,KRW,,,E44441_1.jpg,https://www.san-nishimura.co.jp/product/item/?key_word=E44441
E44421,オペラグラス カルメン,오페라글라스,遠方観察,遠くの対象を捉えやすい,원거리 관찰,먼 대상을 보기 쉬움,246800,KRW,,,,https://www.san-nishimura.co.jp/product/item/?key_word=E44421
E841626151,オペラグラス VIVA FESTIVAL ブラック 6倍,오페라글라스 VIVA FESTIVAL 블랙 6,遠方観察,遠くの対象を捉えやすい,원거리 관찰,먼 대상을 보기 쉬움,210100,KRW,,,E841626151_1.jpg,https://www.san-nishimura.co.jp/product/item/?key_word=E841626151
E841626152,オペラグラス VIVA FESTIVAL ホワイト 6倍,오페라글라스 VIVA FESTIVAL 화이트 6,遠方観察,遠くの対象を捉えやすい,원거리 관찰,먼 대상을 보기 쉬움,210100,KRW,,,E841626152_1.jpg,https://www.san-nishimura.co.jp/product/item/?key_word=E841626152
E84177821,双眼鏡マグノ 8×,8×,遠方観察,遠くの対象を捉えやすい,원거리 관찰,먼 대상을 보기 쉬움,96900,KRW,,,E84177821_1.jpg,https://www.san-nishimura.co.jp/product/item/?key_word=E84177821
FI-103,粘着付ミゾセル,포함 셀,ナイロール・溝まわり調整,レンズ保持を安定させやすい,나일론 림·홈 주변 조정,렌즈 고정을 안정시키기 쉬움,23800,KRW,,"カタログP.59,265",FI-103_1.jpg,https://www.san-nishimura.co.jp/product/item/%e7%b2%98%e7%9d%80%e4%bb%98%e3%83%9f%e3%82%be%e3%82%bb%e3%83%ab/
FM-1,フレームPDメーター,프레임PD 미터,検査・測定,状態確認と加工判断をしやすい,검사 및 측정,상태 확인과 가공 판단이 쉬움,680000,KRW,,カタログP.237,FM-1_1.jpg,https://www.san-nishimura.co.jp/product/item/%e3%83%95%e3%83%ac%e3%83%bc%e3%83%a0pd%e3%83%a1%e3%83%bc%e3%82%bf%e3%83%bc/
GC003-1,チェーンゴム輪のみ小(透明) 10ヶ入 内径7.8mm,체인고무 단품소(투명) 10 입 7.8mm,携帯・落下防止,置き忘れや落下を防ぎやすい,휴대 및 낙하 방지,두고 가거나 떨어뜨리는 일을 줄이기 쉬움,8500,KRW,10ヶ,カタログP.117,GC003-1_1.jpg,https://www.san-nishimura.co.jp/product/item/?key_word=GC003-1
GC003-2,チェーンゴム輪のみ大(透明) 10ヶ入 内径9.8mm,체인고무 단품대(투명) 10 입 9.8mm,携帯・落下防止,置き忘れや落下を防ぎやすい,휴대 및 낙하 방지,두고 가거나 떨어뜨리는 일을 줄이기 쉬움,10200,KRW,10ヶ,カタログP.117,GC003-2_1.jpg,https://www.san-nishimura.co.jp/product/item/?key_word=GC003-2
GC003-3,チェーンゴム輪のみ特大(透明) 10ヶ入 内径11.0mm,체인고무 단품 대(투명) 10 입 11.0mm,携帯・落下防止,置き忘れや落下を防ぎやすい,휴대 및 낙하 방지,두고 가거나 떨어뜨리는 일을 줄이기 쉬움,11900,KRW,10ヶ,カタログP.117,GC003-3_1.jpg,https://www.san-nishimura.co.jp/product/item/?key_word=GC003-3
GC003-G,チェーンゴム輪(金具 金) 10ヶ入,체인고무 (골드 골드) 10 입,携帯・落下防止,置き忘れや落下を防ぎやすい,휴대 및 낙하 방지,두고 가거나 떨어뜨리는 일을 줄이기 쉬움,16300,KRW,10ヶ,カタログP.117,GC003-G_1.jpg,https://www.san-nishimura.co.jp/product/item/?key_word=GC003-G
GC003-G-1,チェーン丸管のみ(金)10ヶ入,체인원형 단품(골드)10 입,携帯・落下防止,置き忘れや落下を防ぎやすい,휴대 및 낙하 방지,두고 가거나 떨어뜨리는 일을 줄이기 쉬움,1400,KRW,10ヶ,カタログP.117,GC003-G-1_1.jpg,https://www.san-nishimura.co.jp/product/item/?key_word=GC003-G-1
GC003-W,チェーンゴム輪(金具 銀) 10ヶ入,체인고무 (골드 실버) 10 입,携帯・落下防止,置き忘れや落下を防ぎやすい,휴대 및 낙하 방지,두고 가거나 떨어뜨리는 일을 줄이기 쉬움,16300,KRW,10ヶ,カタログP.117,GC003-W_1.jpg,https://www.san-nishimura.co.jp/product/item/?key_word=GC003-W
GC003-W-1,チェーン丸管のみ(銀)10ヶ入,체인원형 단품(실버)10 입,携帯・落下防止,置き忘れや落下を防ぎやすい,휴대 및 낙하 방지,두고 가거나 떨어뜨리는 일을 줄이기 쉬움,1400,KRW,10ヶ,カタログP.117,GC003-W-1_1.jpg,https://www.san-nishimura.co.jp/product/item/?key_word=GC003-W-1
GC004,チェーンゴム輪(黒 カシメタイプ) 10ヶ入,체인고무 (타입) 10 입,機器部品交換・補修,機器を使い続けやすい,장비 부품 교체 및 보수,장비를 계속 사용하기 쉬움,22100,KRW,10ヶ,カタログP.117,GC004_1.jpg,https://www.san-nishimura.co.jp/product/item/?key_word=GC004
GC103G,グラスチェーン (ゴールド),안경체인 (골드),携帯・落下防止,置き忘れや落下を防ぎやすい,휴대 및 낙하 방지,두고 가거나 떨어뜨리는 일을 줄이기 쉬움,11700,KRW,,カタログP.112,GC103G_1.jpg,https://www.san-nishimura.co.jp/product/item/?key_word=GC103G
GC103W,グラスチェーン (シルバー),안경체인 (실버),携帯・落下防止,置き忘れや落下を防ぎやすい,휴대 및 낙하 방지,두고 가거나 떨어뜨리는 일을 줄이기 쉬움,11700,KRW,,カタログP.112,GC103W_1.jpg,https://www.san-nishimura.co.jp/product/item/?key_word=GC103W
GC105G,グラスチェーン (ゴールド),안경체인 (골드),携帯・落下防止,置き忘れや落下を防ぎやすい,휴대 및 낙하 방지,두고 가거나 떨어뜨리는 일을 줄이기 쉬움,14700,KRW,,カタログP.112,GC105G_1.jpg,https://www.san-nishimura.co.jp/product/item/?key_word=GC105G
GC105W,グラスチェーン (シルバー),안경체인 (실버),携帯・落下防止,置き忘れや落下を防ぎやすい,휴대 및 낙하 방지,두고 가거나 떨어뜨리는 일을 줄이기 쉬움,14700,KRW,,カタログP.112,GC105W_1.jpg,https://www.san-nishimura.co.jp/product/item/?key_word=GC105W
GC107G,グラスチェーン(ゴールド),안경체인(골드),携帯・落下防止,置き忘れや落下を防ぎやすい,휴대 및 낙하 방지,두고 가거나 떨어뜨리는 일을 줄이기 쉬움,22500,KRW,,カタログP.112,GC107G_1.jpg,https://www.san-nishimura.co.jp/product/item/?key_word=GC107G
GC107W,グラスチェーン(シルバー),안경체인(실버),携帯・落下防止,置き忘れや落下を防ぎやすい,휴대 및 낙하 방지,두고 가거나 떨어뜨리는 일을 줄이기 쉬움,22500,KRW,,カタログP.112,GC107W_1.jpg,https://www.san-nishimura.co.jp/product/item/?key_word=GC107W
GC108G,グラスチェーン(ゴールド),안경체인(골드),携帯・落下防止,置き忘れや落下を防ぎやすい,휴대 및 낙하 방지,두고 가거나 떨어뜨리는 일을 줄이기 쉬움,19600,KRW,,カタログP.112,GC108G_1.jpg,https://www.san-nishimura.co.jp/product/item/?key_word=GC108G
GC108W,グラスチェーン(シルバー),안경체인(실버),携帯・落下防止,置き忘れや落下を防ぎやすい,휴대 및 낙하 방지,두고 가거나 떨어뜨리는 일을 줄이기 쉬움,19600,KRW,,カタログP.112,GC108W_1.jpg,https://www.san-nishimura.co.jp/product/item/?key_word=GC108W
GC109G,グラスチェーン(ゴールド),안경체인(골드),携帯・落下防止,置き忘れや落下を防ぎやすい,휴대 및 낙하 방지,두고 가거나 떨어뜨리는 일을 줄이기 쉬움,19600,KRW,,カタログP.112,GC109G_1.jpg,https://www.san-nishimura.co.jp/product/item/?key_word=GC109G
GC109W,グラスチェーン(シルバー),안경체인(실버),携帯・落下防止,置き忘れや落下を防ぎやすい,휴대 및 낙하 방지,두고 가거나 떨어뜨리는 일을 줄이기 쉬움,19600,KRW,,カタログP.112,GC109W_1.jpg,https://www.san-nishimura.co.jp/product/item/?key_word=GC109W
GC110G,グラスチェーン(ゴールド),안경체인(골드),携帯・落下防止,置き忘れや落下を防ぎやすい,휴대 및 낙하 방지,두고 가거나 떨어뜨리는 일을 줄이기 쉬움,14700,KRW,,カタログP.112,GC110G_1.jpg,https://www.san-nishimura.co.jp/product/item/?key_word=GC110G
GC110W,グラスチェーン(シルバー),안경체인(실버),携帯・落下防止,置き忘れや落下を防ぎやすい,휴대 및 낙하 방지,두고 가거나 떨어뜨리는 일을 줄이기 쉬움,14700,KRW,,カタログP.112,GC110W_1.jpg,https://www.san-nishimura.co.jp/product/item/?key_word=GC110W
GC111G,グラスチェーン(ゴールド),안경체인(골드),携帯・落下防止,置き忘れや落下を防ぎやすい,휴대 및 낙하 방지,두고 가거나 떨어뜨리는 일을 줄이기 쉬움,17600,KRW,,カタログP.112,GC111G_1.jpg,https://www.san-nishimura.co.jp/product/item/?key_word=GC111G
GC111W,グラスチェーン(シルバー),안경체인(실버),携帯・落下防止,置き忘れや落下を防ぎやすい,휴대 및 낙하 방지,두고 가거나 떨어뜨리는 일을 줄이기 쉬움,17600,KRW,,カタログP.112,GC111W_1.jpg,https://www.san-nishimura.co.jp/product/item/?key_word=GC111W
GC113G,グラスチェーン(ゴールド),안경체인(골드),携帯・落下防止,置き忘れや落下を防ぎやすい,휴대 및 낙하 방지,두고 가거나 떨어뜨리는 일을 줄이기 쉬움,19600,KRW,,カタログP.112,GC113G_1.jpg,https://www.san-nishimura.co.jp/product/item/?key_word=GC113G
GC113W,グラスチェーン(シルバー),안경체인(실버),携帯・落下防止,置き忘れや落下を防ぎやすい,휴대 및 낙하 방지,두고 가거나 떨어뜨리는 일을 줄이기 쉬움,19600,KRW,,カタログP.112,GC113W_1.jpg,https://www.san-nishimura.co.jp/product/item/?key_word=GC113W
GC114G,グラスチェーン(ゴールド),안경체인(골드),携帯・落下防止,置き忘れや落下を防ぎやすい,휴대 및 낙하 방지,두고 가거나 떨어뜨리는 일을 줄이기 쉬움,14700,KRW,,カタログP.112,GC114G_1.jpg,https://www.san-nishimura.co.jp/product/item/?key_word=GC114G
GC114W,グラスチェーン(シルバー),안경체인(실버),携帯・落下防止,置き忘れや落下を防ぎやすい,휴대 및 낙하 방지,두고 가거나 떨어뜨리는 일을 줄이기 쉬움,14700,KRW,,カタログP.112,GC114W_1.jpg,https://www.san-nishimura.co.jp/product/item/?key_word=GC114W
GC201G01,グラスチェーン (ゴールド),안경체인 (골드),携帯・落下防止,置き忘れや落下を防ぎやすい,휴대 및 낙하 방지,두고 가거나 떨어뜨리는 일을 줄이기 쉬움,19600,KRW,,カタログP.113,,https://www.san-nishimura.co.jp/product/item/?key_word=GC201G01
GC201W02,グラスチェーン (シルバー),안경체인 (실버),携帯・落下防止,置き忘れや落下を防ぎやすい,휴대 및 낙하 방지,두고 가거나 떨어뜨리는 일을 줄이기 쉬움,19600,KRW,,カタログP.113,GC201W02_1.jpg,https://www.san-nishimura.co.jp/product/item/?key_word=GC201W02
GC204W01,グラスチェーン (シルバー),안경체인 (실버),携帯・落下防止,置き忘れや落下を防ぎやすい,휴대 및 낙하 방지,두고 가거나 떨어뜨리는 일을 줄이기 쉬움,23500,KRW,,カタログP.113,GC204W01_1.jpg,https://www.san-nishimura.co.jp/product/item/?key_word=GC204W01
GC205W01,グラスチェーン (ホワイトパール),안경체인 (화이트),携帯・落下防止,置き忘れや落下を防ぎやすい,휴대 및 낙하 방지,두고 가거나 떨어뜨리는 일을 줄이기 쉬움,19600,KRW,,カタログP.113,GC205W01_1.jpg,https://www.san-nishimura.co.jp/product/item/?key_word=GC205W01
GC206G01,グラスチェーン (パール・ゴールド),안경체인 (골드),携帯・落下防止,置き忘れや落下を防ぎやすい,휴대 및 낙하 방지,두고 가거나 떨어뜨리는 일을 줄이기 쉬움,19600,KRW,,カタログP.113,GC206G01_1.jpg,https://www.san-nishimura.co.jp/product/item/?key_word=GC206G01
GC206W01,グラスチェーン (パール・シルバー),안경체인 (실버),携帯・落下防止,置き忘れや落下を防ぎやすい,휴대 및 낙하 방지,두고 가거나 떨어뜨리는 일을 줄이기 쉬움,19600,KRW,,カタログP.113,GC206W01_1.jpg,https://www.san-nishimura.co.jp/product/item/?key_word=GC206W01
GC207W01,グラスチェーン (シルバー),안경체인 (실버),携帯・落下防止,置き忘れや落下を防ぎやすい,휴대 및 낙하 방지,두고 가거나 떨어뜨리는 일을 줄이기 쉬움,17600,KRW,,カタログP.113,GC207W01_1.jpg,https://www.san-nishimura.co.jp/product/item/?key_word=GC207W01
GC208BK01,グラスチェーン (ブラック),안경체인 (블랙),携帯・落下防止,置き忘れや落下を防ぎやすい,휴대 및 낙하 방지,두고 가거나 떨어뜨리는 일을 줄이기 쉬움,17600,KRW,,カタログP.113,GC208BK01_1.jpg,https://www.san-nishimura.co.jp/product/item/?key_word=GC208BK01
GC209B,グラスチェーン(ブルー),안경체인(블루),携帯・落下防止,置き忘れや落下を防ぎやすい,휴대 및 낙하 방지,두고 가거나 떨어뜨리는 일을 줄이기 쉬움,24400,KRW,,カタログP.113,GC209B_1.jpg,https://www.san-nishimura.co.jp/product/item/?key_word=GC209B
GC209OR,グラスチェーン(オレンジ),안경체인(오렌지),携帯・落下防止,置き忘れや落下を防ぎやすい,휴대 및 낙하 방지,두고 가거나 떨어뜨리는 일을 줄이기 쉬움,24400,KRW,,カタログP.113,GC209OR_1.jpg,https://www.san-nishimura.co.jp/product/item/?key_word=GC209OR
GC209P,グラスチェーン(ピンク),안경체인(핑크),携帯・落下防止,置き忘れや落下を防ぎやすい,휴대 및 낙하 방지,두고 가거나 떨어뜨리는 일을 줄이기 쉬움,24400,KRW,,カタログP.113,GC209P_1.jpg,https://www.san-nishimura.co.jp/product/item/?key_word=GC209P
GC210G,グラスチェーン(ゴールド),안경체인(골드),携帯・落下防止,置き忘れや落下を防ぎやすい,휴대 및 낙하 방지,두고 가거나 떨어뜨리는 일을 줄이기 쉬움,20500,KRW,,カタログP.113,GC210G_1.jpg,https://www.san-nishimura.co.jp/product/item/?key_word=GC210G
GC212BK,グラスチェーン(ブラック),안경체인(블랙),携帯・落下防止,置き忘れや落下を防ぎやすい,휴대 및 낙하 방지,두고 가거나 떨어뜨리는 일을 줄이기 쉬움,22500,KRW,,カタログP.113,GC212BK_1.jpg,https://www.san-nishimura.co.jp/product/item/?key_word=GC212BK
GC212G,グラスチェーン(ゴールド),안경체인(골드),携帯・落下防止,置き忘れや落下を防ぎやすい,휴대 및 낙하 방지,두고 가거나 떨어뜨리는 일을 줄이기 쉬움,22500,KRW,,カタログP.113,GC212G_1.jpg,https://www.san-nishimura.co.jp/product/item/?key_word=GC212G
GC212W,グラスチェーン(シルバー),안경체인(실버),携帯・落下防止,置き忘れや落下を防ぎやすい,휴대 및 낙하 방지,두고 가거나 떨어뜨리는 일을 줄이기 쉬움,22500,KRW,,カタログP.113,GC212W_1.jpg,https://www.san-nishimura.co.jp/product/item/?key_word=GC212W
GC213W,グラスチェーン(シルバー),안경체인(실버),携帯・落下防止,置き忘れや落下を防ぎやすい,휴대 및 낙하 방지,두고 가거나 떨어뜨리는 일을 줄이기 쉬움,22500,KRW,,カタログP.113,GC213W_1.jpg,https://www.san-nishimura.co.jp/product/item/?key_word=GC213W
GC214G,グラスチェーン(ゴールド)留め具パール,안경체인(골드),携帯・落下防止,置き忘れや落下を防ぎやすい,휴대 및 낙하 방지,두고 가거나 떨어뜨리는 일을 줄이기 쉬움,18600,KRW,,カタログP.113,GC214G_1.jpg,https://www.san-nishimura.co.jp/product/item/?key_word=GC214G
GC215W,グラスチェーン(シルバー)留め具パール,안경체인(실버),携帯・落下防止,置き忘れや落下を防ぎやすい,휴대 및 낙하 방지,두고 가거나 떨어뜨리는 일을 줄이기 쉬움,18600,KRW,,カタログP.113,GC215W_1.jpg,https://www.san-nishimura.co.jp/product/item/?key_word=GC215W
GC217G,グラスチェーン(ゴールド)留め具花,안경체인(골드),携帯・落下防止,置き忘れや落下を防ぎやすい,휴대 및 낙하 방지,두고 가거나 떨어뜨리는 일을 줄이기 쉬움,16200,KRW,,カタログP.113,GC217G_1.jpg,https://www.san-nishimura.co.jp/product/item/?key_word=GC217G
GC218M,グラスチェーン(アンティーク・留め具花),안경체인(),携帯・落下防止,置き忘れや落下を防ぎやすい,휴대 및 낙하 방지,두고 가거나 떨어뜨리는 일을 줄이기 쉬움,24400,KRW,,カタログP.113,GC218M_1.jpg,https://www.san-nishimura.co.jp/product/item/?key_word=GC218M
GC219G,グラスチェーン(ゴールド・留め具花),안경체인(골드),携帯・落下防止,置き忘れや落下を防ぎやすい,휴대 및 낙하 방지,두고 가거나 떨어뜨리는 일을 줄이기 쉬움,23500,KRW,,カタログP.113,GC219G_1.jpg,https://www.san-nishimura.co.jp/product/item/?key_word=GC219G
GC401W03,グラスホルダー (ブラウンパール),안경홀더 (브라운),携帯・落下防止,置き忘れや落下を防ぎやすい,휴대 및 낙하 방지,두고 가거나 떨어뜨리는 일을 줄이기 쉬움,9800,KRW,,,,https://www.san-nishimura.co.jp/product/item/?key_word=GC401W03
GC402G01,グラスホルダー(リーフ・ゴールド),안경홀더(골드),携帯・落下防止,置き忘れや落下を防ぎやすい,휴대 및 낙하 방지,두고 가거나 떨어뜨리는 일을 줄이기 쉬움,9800,KRW,,,,https://www.san-nishimura.co.jp/product/item/?key_word=GC402G01
GC402W01,グラスホルダー(リーフ・シルバー),안경홀더(실버),携帯・落下防止,置き忘れや落下を防ぎやすい,휴대 및 낙하 방지,두고 가거나 떨어뜨리는 일을 줄이기 쉬움,9800,KRW,,,,https://www.san-nishimura.co.jp/product/item/?key_word=GC402W01
GC501B,グラスチェーン(カラーコード・ブルー),안경체인(컬러 코드 블루),携帯・落下防止,置き忘れや落下を防ぎやすい,휴대 및 낙하 방지,두고 가거나 떨어뜨리는 일을 줄이기 쉬움,9800,KRW,,カタログP.115,GC501B_1.jpg,https://www.san-nishimura.co.jp/product/item/?key_word=GC501B
GC501BK,グラスチェーン(カラーコード・ブラック),안경체인(컬러 코드 블랙),携帯・落下防止,置き忘れや落下を防ぎやすい,휴대 및 낙하 방지,두고 가거나 떨어뜨리는 일을 줄이기 쉬움,9800,KRW,,カタログP.115,GC501BK_1.jpg,https://www.san-nishimura.co.jp/product/item/?key_word=GC501BK
GC501BK-L,グラスチェーン(カラーコード)(ブラック)ロング,안경체인(컬러 코드)(블랙)롱,携帯・落下防止,置き忘れや落下を防ぎやすい,휴대 및 낙하 방지,두고 가거나 떨어뜨리는 일을 줄이기 쉬움,9800,KRW,,カタログP.115,,https://www.san-nishimura.co.jp/product/item/?key_word=GC501BK-L
GC501GR,グラスチェーン(カラーコード・グリーン),안경체인(컬러 코드 그린),携帯・落下防止,置き忘れや落下を防ぎやすい,휴대 및 낙하 방지,두고 가거나 떨어뜨리는 일을 줄이기 쉬움,9800,KRW,,カタログP.115,GC501GR_1.jpg,https://www.san-nishimura.co.jp/product/item/?key_word=GC501GR
GC501GR-L,グラスチェーン(カラーコード)(グリーン)ロング,안경체인(컬러 코드)(그린)롱,携帯・落下防止,置き忘れや落下を防ぎやすい,휴대 및 낙하 방지,두고 가거나 떨어뜨리는 일을 줄이기 쉬움,9800,KRW,,カタログP.115,,https://www.san-nishimura.co.jp/product/item/?key_word=GC501GR-L
GC501LBR,グラスチェーン(カラーコード)(ライトブラウン),안경체인(컬러 코드)(라이트브라운),携帯・落下防止,置き忘れや落下を防ぎやすい,휴대 및 낙하 방지,두고 가거나 떨어뜨리는 일을 줄이기 쉬움,9800,KRW,,カタログP.115,GC501LBR_1.jpg,https://www.san-nishimura.co.jp/product/item/?key_word=GC501LBR
GC501LBR-L,グラスチェーン(カラーコード)(ライトブラウン)ロング,안경체인(컬러 코드)(라이트브라운)롱,携帯・落下防止,置き忘れや落下を防ぎやすい,휴대 및 낙하 방지,두고 가거나 떨어뜨리는 일을 줄이기 쉬움,9800,KRW,,カタログP.115,,https://www.san-nishimura.co.jp/product/item/?key_word=GC501LBR-L
GC501NB,グラスチェーン(カラーコード・ネイビーブルー),안경체인(컬러 코드 네이비블루),携帯・落下防止,置き忘れや落下を防ぎやすい,휴대 및 낙하 방지,두고 가거나 떨어뜨리는 일을 줄이기 쉬움,9800,KRW,,カタログP.115,GC501NB_1.jpg,https://www.san-nishimura.co.jp/product/item/?key_word=GC501NB
GC501NB-L,グラスチェーン(カラーコード)(ネイビーブルー)ロング,안경체인(컬러 코드)(네이비블루)롱,携帯・落下防止,置き忘れや落下を防ぎやすい,휴대 및 낙하 방지,두고 가거나 떨어뜨리는 일을 줄이기 쉬움,9800,KRW,,カタログP.115,,https://www.san-nishimura.co.jp/product/item/?key_word=GC501NB-L
GC501R,グラスチェーン(カラーコード・エンジ),안경체인(컬러 코드),携帯・落下防止,置き忘れや落下を防ぎやすい,휴대 및 낙하 방지,두고 가거나 떨어뜨리는 일을 줄이기 쉬움,9800,KRW,,カタログP.115,GC501R_1.jpg,https://www.san-nishimura.co.jp/product/item/?key_word=GC501R
GC502B,グラスチェーン(カラーコード・ブルー),안경체인(컬러 코드 블루),携帯・落下防止,置き忘れや落下を防ぎやすい,휴대 및 낙하 방지,두고 가거나 떨어뜨리는 일을 줄이기 쉬움,3900,KRW,,カタログP.115,GC502B_1.jpg,https://www.san-nishimura.co.jp/product/item/?key_word=GC502B
GC502BK,グラスチェーン(カラーコード・ブラック),안경체인(컬러 코드 블랙),携帯・落下防止,置き忘れや落下を防ぎやすい,휴대 및 낙하 방지,두고 가거나 떨어뜨리는 일을 줄이기 쉬움,3900,KRW,,カタログP.115,GC502BK_1.jpg,https://www.san-nishimura.co.jp/product/item/?key_word=GC502BK
GC502BR,グラスチェーン(カラーコード・ブラウン),안경체인(컬러 코드 브라운),携帯・落下防止,置き忘れや落下を防ぎやすい,휴대 및 낙하 방지,두고 가거나 떨어뜨리는 일을 줄이기 쉬움,3900,KRW,,カタログP.115,GC502BR_1.jpg,https://www.san-nishimura.co.jp/product/item/?key_word=GC502BR
GC502GL,グラスチェーン(カラーコード・グレー),안경체인(컬러 코드 그레이),携帯・落下防止,置き忘れや落下を防ぎやすい,휴대 및 낙하 방지,두고 가거나 떨어뜨리는 일을 줄이기 쉬움,3900,KRW,,カタログP.115,GC502GL_1.jpg,https://www.san-nishimura.co.jp/product/item/?key_word=GC502GL
GC502R,グラスチェーン(カラーコード・エンジ),안경체인(컬러 코드),携帯・落下防止,置き忘れや落下を防ぎやすい,휴대 및 낙하 방지,두고 가거나 떨어뜨리는 일을 줄이기 쉬움,3900,KRW,,カタログP.115,GC502R_1.jpg,https://www.san-nishimura.co.jp/product/item/?key_word=GC502R
GC505B,グラスチェーン(カラーコード)(ブルー),안경체인(컬러 코드)(블루),携帯・落下防止,置き忘れや落下を防ぎやすい,휴대 및 낙하 방지,두고 가거나 떨어뜨리는 일을 줄이기 쉬움,19600,KRW,,カタログP.115,GC505B_1.jpg,https://www.san-nishimura.co.jp/product/item/?key_word=GC505B
GC505BK,グラスチェーン(カラーコード)(ブラック),안경체인(컬러 코드)(블랙),携帯・落下防止,置き忘れや落下を防ぎやすい,휴대 및 낙하 방지,두고 가거나 떨어뜨리는 일을 줄이기 쉬움,19600,KRW,,カタログP.115,GC505BK_1.jpg,https://www.san-nishimura.co.jp/product/item/?key_word=GC505BK
GC505BR,グラスチェーン(カラーコード)(ブラウン),안경체인(컬러 코드)(브라운),携帯・落下防止,置き忘れや落下を防ぎやすい,휴대 및 낙하 방지,두고 가거나 떨어뜨리는 일을 줄이기 쉬움,19600,KRW,,カタログP.115,GC505BR_1.jpg,https://www.san-nishimura.co.jp/product/item/?key_word=GC505BR
GC505R,グラスチェーン(カラーコード)(エンジ),안경체인(컬러 코드)(),携帯・落下防止,置き忘れや落下を防ぎやすい,휴대 및 낙하 방지,두고 가거나 떨어뜨리는 일을 줄이기 쉬움,19600,KRW,,カタログP.115,GC505R_1.jpg,https://www.san-nishimura.co.jp/product/item/?key_word=GC505R
GC506GR,グラスチェーン(カラーコード)(グリーン),안경체인(컬러 코드)(그린),携帯・落下防止,置き忘れや落下を防ぎやすい,휴대 및 낙하 방지,두고 가거나 떨어뜨리는 일을 줄이기 쉬움,18600,KRW,,カタログP.116,GC506GR_1.jpg,https://www.san-nishimura.co.jp/product/item/?key_word=GC506GR
GC506LBR,グラスチェーン(カラーコード)(ライトブラウン),안경체인(컬러 코드)(라이트브라운),携帯・落下防止,置き忘れや落下を防ぎやすい,휴대 및 낙하 방지,두고 가거나 떨어뜨리는 일을 줄이기 쉬움,18600,KRW,,カタログP.116,GC506LBR_1.jpg,https://www.san-nishimura.co.jp/product/item/?key_word=GC506LBR
GC506R,グラスチェーン(カラーコード)(エンジ),안경체인(컬러 코드)(),携帯・落下防止,置き忘れや落下を防ぎやすい,휴대 및 낙하 방지,두고 가거나 떨어뜨리는 일을 줄이기 쉬움,18600,KRW,,カタログP.116,GC506R_1.jpg,https://www.san-nishimura.co.jp/product/item/?key_word=GC506R
GC507B,グラスチェーン(カラーコード)(ブルー),안경체인(컬러 코드)(블루),携帯・落下防止,置き忘れや落下を防ぎやすい,휴대 및 낙하 방지,두고 가거나 떨어뜨리는 일을 줄이기 쉬움,9800,KRW,,カタログP.116,GC507B_1.jpg,https://www.san-nishimura.co.jp/product/item/?key_word=GC507B
GC507BK,グラスチェーン(カラーコード)(ブラック),안경체인(컬러 코드)(블랙),携帯・落下防止,置き忘れや落下を防ぎやすい,휴대 및 낙하 방지,두고 가거나 떨어뜨리는 일을 줄이기 쉬움,9800,KRW,,カタログP.116,GC507BK_1.jpg,https://www.san-nishimura.co.jp/product/item/?key_word=GC507BK
GC507P,グラスチェーン(カラーコード)(ピンク),안경체인(컬러 코드)(핑크),携帯・落下防止,置き忘れや落下を防ぎやすい,휴대 및 낙하 방지,두고 가거나 떨어뜨리는 일을 줄이기 쉬움,9800,KRW,,カタログP.116,GC507P_1.jpg,https://www.san-nishimura.co.jp/product/item/?key_word=GC507P
GC507PU,グラスチェーン(カラーコード)(パープル),안경체인(컬러 코드)(퍼플),携帯・落下防止,置き忘れや落下を防ぎやすい,휴대 및 낙하 방지,두고 가거나 떨어뜨리는 일을 줄이기 쉬움,9800,KRW,,カタログP.116,GC507PU_1.jpg,https://www.san-nishimura.co.jp/product/item/?key_word=GC507PU
GC507R,グラスチェーン(カラーコード)(エンジ),안경체인(컬러 코드)(),携帯・落下防止,置き忘れや落下を防ぎやすい,휴대 및 낙하 방지,두고 가거나 떨어뜨리는 일을 줄이기 쉬움,9800,KRW,,カタログP.116,GC507R_1.jpg,https://www.san-nishimura.co.jp/product/item/?key_word=GC507R
GC508BK,グラスチェーン(カラーコード)(ブラック),안경체인(컬러 코드)(블랙),携帯・落下防止,置き忘れや落下を防ぎやすい,휴대 및 낙하 방지,두고 가거나 떨어뜨리는 일을 줄이기 쉬움,11700,KRW,,カタログP.116,GC508BK_1.jpg,https://www.san-nishimura.co.jp/product/item/?key_word=GC508BK
GC508BK-L,グラスチェーン(カラーコード)(ブラック)ロング,안경체인(컬러 코드)(블랙)롱,携帯・落下防止,置き忘れや落下を防ぎやすい,휴대 및 낙하 방지,두고 가거나 떨어뜨리는 일을 줄이기 쉬움,11700,KRW,,,,https://www.san-nishimura.co.jp/product/item/?key_word=GC508BK-L
GC508BR,グラスチェーン(カラーコード)(ブラウン),안경체인(컬러 코드)(브라운),携帯・落下防止,置き忘れや落下を防ぎやすい,휴대 및 낙하 방지,두고 가거나 떨어뜨리는 일을 줄이기 쉬움,11700,KRW,,カタログP.116,GC508BR_1.jpg,https://www.san-nishimura.co.jp/product/item/?key_word=GC508BR
GC511GL,グラスチェーン(カラーコード)(グレー),안경체인(컬러 코드)(그레이),携帯・落下防止,置き忘れや落下を防ぎやすい,휴대 및 낙하 방지,두고 가거나 떨어뜨리는 일을 줄이기 쉬움,15600,KRW,,カタログP.116,GC511GL_1.jpg,https://www.san-nishimura.co.jp/product/item/?key_word=GC511GL
GC511LBR,グラスチェーン(カラーコード)(ライトブラウン),안경체인(컬러 코드)(라이트브라운),携帯・落下防止,置き忘れや落下を防ぎやすい,휴대 및 낙하 방지,두고 가거나 떨어뜨리는 일을 줄이기 쉬움,15600,KRW,,カタログP.116,,https://www.san-nishimura.co.jp/product/item/?key_word=GC511LBR
GC511NB,グラスチェーン(カラーコード)(ネイビーブルー),안경체인(컬러 코드)(네이비블루),携帯・落下防止,置き忘れや落下を防ぎやすい,휴대 및 낙하 방지,두고 가거나 떨어뜨리는 일을 줄이기 쉬움,15600,KRW,,カタログP.116,GC511NB_1.jpg,https://www.san-nishimura.co.jp/product/item/?key_word=GC511NB
GC512BR,グラスチェーン(スエード調(ブラウン),안경체인((브라운),携帯・落下防止,置き忘れや落下を防ぎやすい,휴대 및 낙하 방지,두고 가거나 떨어뜨리는 일을 줄이기 쉬움,12700,KRW,,カタログP.114,GC512BR_1.jpg,https://www.san-nishimura.co.jp/product/item/?key_word=GC512BR
GC512LBR,グラスチェーン(スエード調(ライトブラウン),안경체인((라이트브라운),携帯・落下防止,置き忘れや落下を防ぎやすい,휴대 및 낙하 방지,두고 가거나 떨어뜨리는 일을 줄이기 쉬움,12700,KRW,,カタログP.114,GC512LBR_1.jpg,https://www.san-nishimura.co.jp/product/item/?key_word=GC512LBR
GC514BR,グラスコード(スポーツタイプ)(ブラウン),안경줄(타입)(브라운),携帯・落下防止,置き忘れや落下を防ぎやすい,휴대 및 낙하 방지,두고 가거나 떨어뜨리는 일을 줄이기 쉬움,14700,KRW,,カタログP.114,GC514BR_1.jpg,https://www.san-nishimura.co.jp/product/item/?key_word=GC514BR
GC515BK,グラスコード(雅)(漆黒),안경줄()(),携帯・落下防止,置き忘れや落下を防ぎやすい,휴대 및 낙하 방지,두고 가거나 떨어뜨리는 일을 줄이기 쉬움,14700,KRW,,カタログP.114,GC515BK_1.jpg,https://www.san-nishimura.co.jp/product/item/?key_word=GC515BK
GC515GR,グラスコード(雅)(若草),안경줄()(),携帯・落下防止,置き忘れや落下を防ぎやすい,휴대 및 낙하 방지,두고 가거나 떨어뜨리는 일을 줄이기 쉬움,14700,KRW,,カタログP.114,GC515GR_1.jpg,https://www.san-nishimura.co.jp/product/item/?key_word=GC515GR
GC515PU,グラスコード(雅)(すみれ),안경줄()(),携帯・落下防止,置き忘れや落下を防ぎやすい,휴대 및 낙하 방지,두고 가거나 떨어뜨리는 일을 줄이기 쉬움,14700,KRW,,カタログP.114,GC515PU_1.jpg,https://www.san-nishimura.co.jp/product/item/?key_word=GC515PU
GC515R,グラスコード(雅)(あかね),안경줄()(),携帯・落下防止,置き忘れや落下を防ぎやすい,휴대 및 낙하 방지,두고 가거나 떨어뜨리는 일을 줄이기 쉬움,14700,KRW,,カタログP.114,GC515R_1.jpg,https://www.san-nishimura.co.jp/product/item/?key_word=GC515R
GC516BK,グラスコード(静電気除去)(ブラック),안경줄()(블랙),携帯・落下防止,置き忘れや落下を防ぎやすい,휴대 및 낙하 방지,두고 가거나 떨어뜨리는 일을 줄이기 쉬움,15600,KRW,,カタログP.116,,https://www.san-nishimura.co.jp/product/item/?key_word=GC516BK
GC516BR,グラスコード(静電気除去)(ブラウン),안경줄()(브라운),携帯・落下防止,置き忘れや落下を防ぎやすい,휴대 및 낙하 방지,두고 가거나 떨어뜨리는 일을 줄이기 쉬움,15600,KRW,,カタログP.116,GC516BR_1.jpg,https://www.san-nishimura.co.jp/product/item/?key_word=GC516BR
GC516DB,グラスコード(静電気除去)(ダークブルー),안경줄()(다크 블루),携帯・落下防止,置き忘れや落下を防ぎやすい,휴대 및 낙하 방지,두고 가거나 떨어뜨리는 일을 줄이기 쉬움,15600,KRW,,カタログP.116,GC516DB_1.jpg,https://www.san-nishimura.co.jp/product/item/?key_word=GC516DB
GC516R,グラスコード(静電気除去)(エンジ),안경줄()(),携帯・落下防止,置き忘れや落下を防ぎやすい,휴대 및 낙하 방지,두고 가거나 떨어뜨리는 일을 줄이기 쉬움,15600,KRW,,カタログP.116,GC516R_1.jpg,https://www.san-nishimura.co.jp/product/item/?key_word=GC516R
GC517B,グラスコード(ストレッチ)(ブルー),안경줄()(블루),携帯・落下防止,置き忘れや落下を防ぎやすい,휴대 및 낙하 방지,두고 가거나 떨어뜨리는 일을 줄이기 쉬움,19600,KRW,,カタログP.117,GC517B_1.jpg,https://www.san-nishimura.co.jp/product/item/?key_word=GC517B
GC517BR,グラスコード(ストレッチ)(ブラウン),안경줄()(브라운),携帯・落下防止,置き忘れや落下を防ぎやすい,휴대 및 낙하 방지,두고 가거나 떨어뜨리는 일을 줄이기 쉬움,19600,KRW,,カタログP.117,GC517BR_1.jpg,https://www.san-nishimura.co.jp/product/item/?key_word=GC517BR
GC517GR,グラスコード(ストレッチ)(グリーン),안경줄()(그린),携帯・落下防止,置き忘れや落下を防ぎやすい,휴대 및 낙하 방지,두고 가거나 떨어뜨리는 일을 줄이기 쉬움,19600,KRW,,カタログP.117,GC517GR_1.jpg,https://www.san-nishimura.co.jp/product/item/?key_word=GC517GR
GC517MX,グラスコード(ストレッチ)(ミックス),안경줄()(),携帯・落下防止,置き忘れや落下を防ぎやすい,휴대 및 낙하 방지,두고 가거나 떨어뜨리는 일을 줄이기 쉬움,19600,KRW,,カタログP.117,GC517MX_1.jpg,https://www.san-nishimura.co.jp/product/item/?key_word=GC517MX
GC517P,グラスコード(ストレッチ)(ピンク),안경줄()(핑크),携帯・落下防止,置き忘れや落下を防ぎやすい,휴대 및 낙하 방지,두고 가거나 떨어뜨리는 일을 줄이기 쉬움,19600,KRW,,カタログP.117,GC517P_1.jpg,https://www.san-nishimura.co.jp/product/item/?key_word=GC517P
GC518GL,グラスコード(迷彩)(グレー),안경줄()(그레이),携帯・落下防止,置き忘れや落下を防ぎやすい,휴대 및 낙하 방지,두고 가거나 떨어뜨리는 일을 줄이기 쉬움,23500,KRW,,カタログP.114,GC518GL_1.jpg,https://www.san-nishimura.co.jp/product/item/?key_word=GC518GL
GC518KK,グラスコード(迷彩)(カーキ),안경줄()(),携帯・落下防止,置き忘れや落下を防ぎやすい,휴대 및 낙하 방지,두고 가거나 떨어뜨리는 일을 줄이기 쉬움,23500,KRW,,カタログP.114,GC518KK_1.jpg,https://www.san-nishimura.co.jp/product/item/?key_word=GC518KK
GC518MX,グラスコード(迷彩)(ミックス),안경줄()(),携帯・落下防止,置き忘れや落下を防ぎやすい,휴대 및 낙하 방지,두고 가거나 떨어뜨리는 일을 줄이기 쉬움,23500,KRW,,カタログP.114,GC518MX_1.jpg,https://www.san-nishimura.co.jp/product/item/?key_word=GC518MX
GC519NB,グラスコード(平組紐)(藍琥珀),안경줄(평면)(),携帯・落下防止,置き忘れや落下を防ぎやすい,휴대 및 낙하 방지,두고 가거나 떨어뜨리는 일을 줄이기 쉬움,12700,KRW,,カタログP.114,GC519NB_1.jpg,https://www.san-nishimura.co.jp/product/item/?key_word=GC519NB
GC519PU,グラスコード(平組紐)(京紫),안경줄(평면)(),携帯・落下防止,置き忘れや落下を防ぎやすい,휴대 및 낙하 방지,두고 가거나 떨어뜨리는 일을 줄이기 쉬움,12700,KRW,,カタログP.114,GC519PU_1.jpg,https://www.san-nishimura.co.jp/product/item/?key_word=GC519PU
GC519RE,グラスコード(平組紐)(唐紅),안경줄(평면)(),携帯・落下防止,置き忘れや落下を防ぎやすい,휴대 및 낙하 방지,두고 가거나 떨어뜨리는 일을 줄이기 쉬움,12700,KRW,,カタログP.114,GC519RE_1.jpg,https://www.san-nishimura.co.jp/product/item/?key_word=GC519RE
GC520BK,グラスコード(ストレッチ)(ブラック),안경줄()(블랙),携帯・落下防止,置き忘れや落下を防ぎやすい,휴대 및 낙하 방지,두고 가거나 떨어뜨리는 일을 줄이기 쉬움,9800,KRW,,カタログP.117,,https://www.san-nishimura.co.jp/product/item/?key_word=GC520BK
GC701,グラスチェーン(ビーズ),안경체인(),携帯・落下防止,置き忘れや落下を防ぎやすい,휴대 및 낙하 방지,두고 가거나 떨어뜨리는 일을 줄이기 쉬움,17600,KRW,,カタログP.117,,https://www.san-nishimura.co.jp/product/item/?key_word=GC701
GC702,グラスチェーン(ビーズ),안경체인(),携帯・落下防止,置き忘れや落下を防ぎやすい,휴대 및 낙하 방지,두고 가거나 떨어뜨리는 일을 줄이기 쉬움,17600,KRW,,カタログP.117,GC702_1.jpg,https://www.san-nishimura.co.jp/product/item/?key_word=GC702
GC703,グラスチェーン(ビーズ),안경체인(),携帯・落下防止,置き忘れや落下を防ぎやすい,휴대 및 낙하 방지,두고 가거나 떨어뜨리는 일을 줄이기 쉬움,17600,KRW,,カタログP.117,GC703_1.jpg,https://www.san-nishimura.co.jp/product/item/?key_word=GC703
GC704,グラスチェーン(ビーズ),안경체인(),携帯・落下防止,置き忘れや落下を防ぎやすい,휴대 및 낙하 방지,두고 가거나 떨어뜨리는 일을 줄이기 쉬움,17600,KRW,,カタログP.117,GC704_1.jpg,https://www.san-nishimura.co.jp/product/item/?key_word=GC704
H486,万能トライアル・フレーム(試験枠)48-60,프레임()48-60,試験枠での検眼,装用位置を合わせて確認しやすい,시험테 검안,착용 위치를 맞춰 확인하기 쉬움,383900,KRW,,カタログP.186,H486_1.jpg,https://www.san-nishimura.co.jp/product/item/%e4%b8%87%e8%83%bd%e3%83%88%e3%83%a9%e3%82%a4%e3%82%a2%e3%83%ab%e3%83%95%e3%83%ac%e3%83%bc%e3%83%a0%e5%ad%90%e4%be%9b%e7%94%a8/
H486-LO,万能トライアル・フレーム(試験枠)下開き48-60,프레임() 48-60,試験枠での検眼,装用位置を合わせて確認しやすい,시험테 검안,착용 위치를 맞춰 확인하기 쉬움,383900,KRW,,カタログP.186,H486-LO_1.jpg,https://www.san-nishimura.co.jp/product/item/%e4%b8%87%e8%83%bd%e3%83%88%e3%83%a9%e3%82%a4%e3%82%a2%e3%83%ab%e3%83%95%e3%83%ac%e3%83%bc%e3%83%a0%e5%ad%90%e4%be%9b%e7%94%a8/
H674,万能トライアル・フレーム(試験枠)54-74,프레임()54-74,試験枠での検眼,装用位置を合わせて確認しやすい,시험테 검안,착용 위치를 맞춰 확인하기 쉬움,383900,KRW,,"カタログP.183,186",H674_1.jpg,https://www.san-nishimura.co.jp/product/item/%e4%b8%87%e8%83%bd%e3%83%88%e3%83%a9%e3%82%a4%e3%82%a2%e3%83%ab%e3%83%95%e3%83%ac%e3%83%bc%e3%83%a0%e5%a4%a7%e4%ba%ba%e7%94%a8/
H674-LO,万能トライアル・フレーム(試験枠)下開き54-74,프레임() 54-74,試験枠での検眼,装用位置を合わせて確認しやすい,시험테 검안,착용 위치를 맞춰 확인하기 쉬움,383900,KRW,,カタログP.186,H674-LO_1.jpg,https://www.san-nishimura.co.jp/product/item/%e4%b8%87%e8%83%bd%e3%83%88%e3%83%a9%e3%82%a4%e3%82%a2%e3%83%ab%e3%83%95%e3%83%ac%e3%83%bc%e3%83%a0%e5%a4%a7%e4%ba%ba%e7%94%a8/
H-B,万能ストレートモダン(486・547・674・770用),트레이 팁(486 547 674 770),視力検査の補助,検査条件を整えやすい,시력검사 보조,검사 조건을 갖추기 쉬움,51000,KRW,,"カタログP.183,184,187",H-B_1.jpg,https://www.san-nishimura.co.jp/product/item/%e4%b8%87%e8%83%bd%e3%82%b9%e3%83%88%e3%83%ac%e3%83%bc%e3%83%88%e3%83%a2%e3%83%80%e3%83%b3/
JAD50,アクリルディスクルーペ(6×)Φ50×30mm,확대경(6×)Φ50×30mm,拡大確認,細部を見やすくする,확대 확인,세부를 보기 쉽게 함,22100,KRW,,カタログP.105,JAD50_1.jpg,https://www.san-nishimura.co.jp/product/item/?key_word=JAD50
JAD65,アクリルディスクルーペ(6×)Φ65×45mm,확대경(6×)Φ65×45mm,拡大確認,細部を見やすくする,확대 확인,세부를 보기 쉽게 함,27600,KRW,,カタログP.105,JAD65_1.jpg,https://www.san-nishimura.co.jp/product/item/?key_word=JAD65
JAD80,アクリルディスクルーペ(6×)Φ80×50mm,확대경(6×)Φ80×50mm,拡大確認,細部を見やすくする,확대 확인,세부를 보기 쉽게 함,33200,KRW,,カタログP.105,JAD80_1.jpg,https://www.san-nishimura.co.jp/product/item/?key_word=JAD80
LM-7,オートレンズメータLM-7,렌즈 LM-7,検査・測定,状態確認と加工判断をしやすい,검사 및 측정,상태 확인과 가공 판단이 쉬움,6596000,KRW,,カタログP.180,,https://www.san-nishimura.co.jp/product/item/?key_word=LM-7
LM-7P,オートレンズメータLM-7P,렌즈 LM-7P,検査・測定,状態確認と加工判断をしやすい,검사 및 측정,상태 확인과 가공 판단이 쉬움,7276000,KRW,,カタログP.180,,https://www.san-nishimura.co.jp/product/item/?key_word=LM-7P
LS-3E,軸打機(接着タイプ),(타입),接着・ゆるみ止め,補修後の固定を安定させやすい,접착 및 풀림 방지,보수 후 고정을 안정시키기 쉬움,2108000,KRW,,カタログP.239,LS-3E_1.jpg,https://www.san-nishimura.co.jp/product/item/?key_word=LS-3E
LS-3W,軸打機(接着.十字線タイプ),(. 타입),接着・ゆるみ止め,補修後の固定を安定させやすい,접착 및 풀림 방지,보수 후 고정을 안정시키기 쉬움,2295000,KRW,,,LS-3W_1.jpg,https://www.san-nishimura.co.jp/product/item/?key_word=LS-3W
M520-A,リモコン視力表用架台,시력표,視力・見え方の確認,検査条件をそろえやすい,시력 및 시야 확인,검사 조건을 맞추기 쉬움,391000,KRW,,カタログP.199,M520-A_1.jpg,https://www.san-nishimura.co.jp/product/item/?key_word=M520-A
M520-B,リモコン視力表 リモコン用架台,시력표,視力・見え方の確認,検査条件をそろえやすい,시력 및 시야 확인,검사 조건을 맞추기 쉬움,714000,KRW,,カタログP.199,M520-B_1.jpg,https://www.san-nishimura.co.jp/product/item/?key_word=M520-B
M700-L,M700/800用フェミミ イヤーチップ L1組,M700/800 팁 L1,補聴器・集音器の装着補助,耳への収まりを整えやすい,청각기기 착용 보조,귀에 맞는 착용감을 정돈하기 쉬움,6100,KRW,1組,カタログP.107,M700-L_1.jpg,https://www.san-nishimura.co.jp/product/item/?key_word=M700-L
M700-M,M700/800用フェミミ イヤーチップ M1組,M700/800 팁 M1,補聴器・集音器の装着補助,耳への収まりを整えやすい,청각기기 착용 보조,귀에 맞는 착용감을 정돈하기 쉬움,6100,KRW,1組,カタログP.107,M700-M_1.jpg,https://www.san-nishimura.co.jp/product/item/?key_word=M700-M
M700-S,M700/800用フェミミ イヤーチップ S1組,M700/800 팁 S1,補聴器・集音器の装着補助,耳への収まりを整えやすい,청각기기 착용 보조,귀에 맞는 착용감을 정돈하기 쉬움,6100,KRW,1組,カタログP.107,M700-S_1.jpg,https://www.san-nishimura.co.jp/product/item/?key_word=M700-S
M700-XS,M700/800用フェミミ イヤーチップ XS1組,M700/800 팁 XS1,補聴器・集音器の装着補助,耳への収まりを整えやすい,청각기기 착용 보조,귀에 맞는 착용감을 정돈하기 쉬움,6100,KRW,1組,カタログP.107,M700-XS_1.jpg,https://www.san-nishimura.co.jp/product/item/?key_word=M700-XS
MC486,万能トライアル・フレームMC48-60,프레임MC48-60,試験枠での検眼,装用位置を合わせて確認しやすい,시험테 검안,착용 위치를 맞춰 확인하기 쉬움,383900,KRW,,カタログP.186,MC486_1.jpg,https://www.san-nishimura.co.jp/product/item/?key_word=MC486
MC486-LO,万能トライアル・フレームMC下開き48-60,프레임MC 48-60,試験枠での検眼,装用位置を合わせて確認しやすい,시험테 검안,착용 위치를 맞춰 확인하기 쉬움,383900,KRW,,カタログP.186,MC486-LO_1.jpg,https://www.san-nishimura.co.jp/product/item/?key_word=MC486-LO
MC580U-PRO,万能トライアル・フレームMC(試験枠)Univ ユニブプロ,프레임MC()Univ,試験枠での検眼,装用位置を合わせて確認しやすい,시험테 검안,착용 위치를 맞춰 확인하기 쉬움,480400,KRW,,"カタログP.183,184",MC580U-PRO_1.jpg,https://www.san-nishimura.co.jp/product/item/%e4%b8%87%e8%83%bd%e3%83%88%e3%83%a9%e3%82%a4%e3%82%a2%e3%83%ab%e3%83%95%e3%83%ac%e3%83%bc%e3%83%a0mc-univ%e3%83%a6%e3%83%8b%e3%83%96/
MC580U-PRO-LO,万能トライアル・フレームMC(試験枠)Univ ユニブプロ リム下開きタイプ,프레임MC()Univ 타입,試験枠での検眼,装用位置を合わせて確認しやすい,시험테 검안,착용 위치를 맞춰 확인하기 쉬움,480400,KRW,1組,カタログP.184,MC580U-PRO-LO_1.jpg,https://www.san-nishimura.co.jp/product/item/%e4%b8%87%e8%83%bd%e3%83%88%e3%83%a9%e3%82%a4%e3%82%a2%e3%83%ab%e3%83%95%e3%83%ac%e3%83%bc%e3%83%a0mc-univ%e3%83%a6%e3%83%8b%e3%83%96/
MC674,万能トライアル・フレームMC54-74,프레임MC54-74,試験枠での検眼,装用位置を合わせて確認しやすい,시험테 검안,착용 위치를 맞춰 확인하기 쉬움,383900,KRW,,カタログP.186,MC674_1.jpg,https://www.san-nishimura.co.jp/product/item/?key_word=MC674
MC674-LO,万能トライアル・フレームMC下開き54-74,프레임MC 54-74,試験枠での検眼,装用位置を合わせて確認しやすい,시험테 검안,착용 위치를 맞춰 확인하기 쉬움,383900,KRW,,カタログP.186,MC674-LO_1.jpg,https://www.san-nishimura.co.jp/product/item/?key_word=MC674-LO
MC-A,万能MCモダン(486・547・674・770用),MC팁(486 547 674 770),視力検査の補助,検査条件を整えやすい,시력검사 보조,검사 조건을 갖추기 쉬움,51000,KRW,,"カタログP.183,184,187",MC-A_1.jpg,https://www.san-nishimura.co.jp/product/item/%e4%b8%87%e8%83%bd%e3%82%b9%e3%83%88%e3%83%ac%e3%83%bc%e3%83%88%e3%83%a2%e3%83%80%e3%83%b3-2/
N31001-3371,レンズメータ用汎用印点カートリッジ(赤),렌즈 마킹 (),機器部品交換・補修,機器を使い続けやすい,장비 부품 교체 및 보수,장비를 계속 사용하기 쉬움,42500,KRW,,"カタログP.180,256",N31001-3371_1.jpg,https://www.san-nishimura.co.jp/product/item/%e5%8d%b0%e7%82%b9%e3%82%ab%e3%83%bc%e3%83%88%e3%83%aa%e3%83%83%e3%82%b8/
N31001-3372,レンズメータ用汎用印点カートリッジ(青)3本入,렌즈 마킹 ()3개,機器部品交換・補修,機器を使い続けやすい,장비 부품 교체 및 보수,장비를 계속 사용하기 쉬움,51000,KRW,3本,"カタログP.180,256",,https://www.san-nishimura.co.jp/product/item/%e5%8d%b0%e7%82%b9%e3%82%ab%e3%83%bc%e3%83%88%e3%83%aa%e3%83%83%e3%82%b8/
N40140-M610,PL砥石用ドレス棒,PL연마석,機器部品交換・補修,機器を使い続けやすい,장비 부품 교체 및 보수,장비를 계속 사용하기 쉬움,37400,KRW,,カタログP.255,N40140-M610_1.jpg,https://www.san-nishimura.co.jp/product/item/?key_word=N40140-M610
N40340-M328,フレーム押え,프레임,機器部品交換・補修,機器を使い続けやすい,장비 부품 교체 및 보수,장비를 계속 사용하기 쉬움,1200,KRW,,カタログP.256,N40340-M328_1.jpg,https://www.san-nishimura.co.jp/product/item/?key_word=N40340-M328
N40340-M983,LE フィーラ左,LE,機器部品交換・補修,機器を使い続けやすい,장비 부품 교체 및 보수,장비를 계속 사용하기 쉬움,46200,KRW,,カタログP.256,N40340-M983_1.jpg,https://www.san-nishimura.co.jp/product/item/?key_word=N40340-M983
N40340-M984,LE フィーラ右,LE,機器部品交換・補修,機器を使い続けやすい,장비 부품 교체 및 보수,장비를 계속 사용하기 쉬움,46200,KRW,3本,カタログP.256,N40340-M984_1.jpg,https://www.san-nishimura.co.jp/product/item/?key_word=N40340-M984
N40350-1910,排水アダプター(ドレン径φ50用),(φ50),機器部品交換・補修,機器を使い続けやすい,장비 부품 교체 및 보수,장비를 계속 사용하기 쉬움,33300,KRW,10個,カタログP.253,N40350-1910_1.jpg,https://www.san-nishimura.co.jp/product/item/?key_word=N40350-1910
N40350-M364,ME用カッター,ME,機器部品交換・補修,機器を使い続けやすい,장비 부품 교체 및 보수,장비를 계속 사용하기 쉬움,170000,KRW,,カタログP.256,N40350-M364_1.jpg,https://www.san-nishimura.co.jp/product/item/?key_word=N40350-M364
N40350-M372,ME用エンドミル/0.8mm(10本/セット),ME /0.8mm(10 /세트),穴あけ・穴調整,穴径や位置を整えやすい,구멍 가공 및 조정,구멍 크기와 위치를 맞추기 쉬움,340000,KRW,10本,カタログP.256,N40350-M372_1.jpg,https://www.san-nishimura.co.jp/product/item/?key_word=N40350-M372
N40360-M103,ME用エンドミル/1.0mm(10本/セット),ME /1.0mm(10 /세트),穴あけ・穴調整,穴径や位置を整えやすい,구멍 가공 및 조정,구멍 크기와 위치를 맞추기 쉬움,340000,KRW,10本,カタログP.256,,https://www.san-nishimura.co.jp/product/item/?key_word=N40360-M103
N40370-3200,9000用カニ目レンズ押え LE10CH-1,9000 렌즈 LE10CH-1,機器部品交換・補修,機器を使い続けやすい,장비 부품 교체 및 보수,장비를 계속 사용하기 쉬움,51000,KRW,,カタログP.255,N40370-3200_1.jpg,https://www.san-nishimura.co.jp/product/item/?key_word=N40370-3200
N40370-8100,ワイドカップホルダ(9000用),와이드 (9000),機器部品交換・補修,機器を使い続けやすい,장비 부품 교체 및 보수,장비를 계속 사용하기 쉬움,42500,KRW,,カタログP.255,N40370-8100_1.jpg,https://www.san-nishimura.co.jp/product/item/?key_word=N40370-8100
N40370-M061,カニ目パッドカップ(白/標準:9000用),코받침 (/ :9000),機器部品交換・補修,機器を使い続けやすい,장비 부품 교체 및 보수,장비를 계속 사용하기 쉬움,11900,KRW,,カタログP.254,N40370-M061_1.jpg,https://www.san-nishimura.co.jp/product/item/?key_word=N40370-M061
N40370-M066,カニ目パッドカップ(青/フラット:9000用),코받침 (/플랫:9000),機器部品交換・補修,機器を使い続けやすい,장비 부품 교체 및 보수,장비를 계속 사용하기 쉬움,11900,KRW,,カタログP.254,N40370-M066_1.jpg,https://www.san-nishimura.co.jp/product/item/?key_word=N40370-M066
N40370-M068,カニ目パッドカップ(赤/高カーブ:9000用),코받침 (/ :9000),機器部品交換・補修,機器を使い続けやすい,장비 부품 교체 및 보수,장비를 계속 사용하기 쉬움,11900,KRW,,カタログP.254,N40370-M068_1.jpg,https://www.san-nishimura.co.jp/product/item/?key_word=N40370-M068
N40370-M085,ワイドカップ(白),와이드 (),機器部品交換・補修,機器を使い続けやすい,장비 부품 교체 및 보수,장비를 계속 사용하기 쉬움,13600,KRW,,カタログP.254,N40370-M085_1.jpg,https://www.san-nishimura.co.jp/product/item/%e3%83%af%e3%82%a4%e3%83%89%e3%82%ab%e3%83%83%e3%83%97/
N40370-M091,レンズ加工保護シール1000枚/ロール,렌즈가공보호 1000 /롤,機器部品交換・補修,機器を使い続けやすい,장비 부품 교체 및 보수,장비를 계속 사용하기 쉬움,85000,KRW,1000枚,カタログP.254,N40370-M091_1.jpg,https://www.san-nishimura.co.jp/product/item/?key_word=N40370-M091
N40370-M092,レンズ加工保護シール(後面用)1000枚/ロール,렌즈가공보호 ()1000 /롤,機器部品交換・補修,機器を使い続けやすい,장비 부품 교체 및 보수,장비를 계속 사용하기 쉬움,102000,KRW,1000枚,カタログP.254,N40370-M092_1.jpg,https://www.san-nishimura.co.jp/product/item/?key_word=N40370-M092
N40370-M093,レンズ加工保護シール100枚/袋,렌즈가공보호 100 /봉투,機器部品交換・補修,機器を使い続けやすい,장비 부품 교체 및 보수,장비를 계속 사용하기 쉬움,10200,KRW,100枚,カタログP.254,N40370-M093_1.jpg,https://www.san-nishimura.co.jp/product/item/?key_word=N40370-M093
N40370-M094,ワイドカップ(赤)左,와이드 (),機器部品交換・補修,機器を使い続けやすい,장비 부품 교체 및 보수,장비를 계속 사용하기 쉬움,13600,KRW,,カタログP.254,N40370-M094_1.jpg,https://www.san-nishimura.co.jp/product/item/%e3%83%af%e3%82%a4%e3%83%89%e3%82%ab%e3%83%83%e3%83%97/
N40370-M095,ワイドカップ(緑)右,와이드 (),機器部品交換・補修,機器を使い続けやすい,장비 부품 교체 및 보수,장비를 계속 사용하기 쉬움,13600,KRW,,カタログP.254,N40370-M095_1.jpg,https://www.san-nishimura.co.jp/product/item/%e3%83%af%e3%82%a4%e3%83%89%e3%82%ab%e3%83%83%e3%83%97/
N40370-M304,フレキシブルレンズ押さえ 交換用ゴム,렌즈 고무,機器部品交換・補修,機器を使い続けやすい,장비 부품 교체 및 보수,장비를 계속 사용하기 쉬움,51000,KRW,,カタログP.255,N40370-M304_1.jpg,https://www.san-nishimura.co.jp/product/item/?key_word=N40370-M304
N40377-M061,ストッキングフィルター(20枚入),(20 입),機器部品交換・補修,機器を使い続けやすい,장비 부품 교체 및 보수,장비를 계속 사용하기 쉬움,51000,KRW,20枚,カタログP.253,N40377-M061_1.jpg,https://www.san-nishimura.co.jp/product/item/?key_word=N40377-M061
N40380-1700,コンパウンドキット,컴파운드 키트,機器部品交換・補修,機器を使い続けやすい,장비 부품 교체 및 보수,장비를 계속 사용하기 쉬움,119000,KRW,,カタログP.255,N40380-1700_1.jpg,https://www.san-nishimura.co.jp/product/item/?key_word=N40380-1700
N40380-M171,鏡面砥石用コンパウンド用パッド10枚,연마석 코받침10,機器部品交換・補修,機器を使い続けやすい,장비 부품 교체 및 보수,장비를 계속 사용하기 쉬움,32300,KRW,10枚,カタログP.255,N40380-M171_1.jpg,https://www.san-nishimura.co.jp/product/item/?key_word=N40380-M171
N40380-M211,凝固剤 固マリン,응고제,機器部品交換・補修,機器を使い続けやすい,장비 부품 교체 및 보수,장비를 계속 사용하기 쉬움,39100,KRW,,カタログP.253,N40380-M211_1.jpg,https://www.san-nishimura.co.jp/product/item/%e5%9b%ba%e3%83%9e%e3%83%aa%e3%83%b3/
N40410-0310,LEDカートリッジ,LED,機器部品交換・補修,機器を使い続けやすい,장비 부품 교체 및 보수,장비를 계속 사용하기 쉬움,204000,KRW,,カタログP.256,N40410-0310_1.jpg,https://www.san-nishimura.co.jp/product/item/?key_word=N40410-0310
N41002-M611,LE仕上げドレス棒,LE,機器部品交換・補修,機器を使い続けやすい,장비 부품 교체 및 보수,장비를 계속 사용하기 쉬움,15300,KRW,,カタログP.255,N41002-M611_1.jpg,https://www.san-nishimura.co.jp/product/item/?key_word=N41002-M611
N41002-M612,LEガラス粗ドレス棒,LE,機器部品交換・補修,機器を使い続けやすい,장비 부품 교체 및 보수,장비를 계속 사용하기 쉬움,13600,KRW,,カタログP.255,N41002-M612_1.jpg,https://www.san-nishimura.co.jp/product/item/?key_word=N41002-M612
N41091-M601,LEXCE用仕上げ用ドレス棒,LEXCE,機器部品交換・補修,機器を使い続けやすい,장비 부품 교체 및 보수,장비를 계속 사용하기 쉬움,15300,KRW,10枚,カタログP.255,N41091-M601_1.jpg,https://www.san-nishimura.co.jp/product/item/?key_word=N41091-M601
N42101-E013,CE-1用電球,CE-1,機器部品交換・補修,機器を使い続けやすい,장비 부품 교체 및 보수,장비를 계속 사용하기 쉬움,17000,KRW,,カタログP.256,N42101-E013_1.jpg,https://www.san-nishimura.co.jp/product/item/?key_word=N42101-E013
N42101-M015,クッション ピン付,쿠션 포함,機器部品交換・補修,機器を使い続けやすい,장비 부품 교체 및 보수,장비를 계속 사용하기 쉬움,3400,KRW,,カタログP.256,,https://www.san-nishimura.co.jp/product/item/?key_word=N42101-M015
N44001-1910,排水アダプター(ドレン径φ75用),(φ75),機器部品交換・補修,機器を使い続けやすい,장비 부품 교체 및 보수,장비를 계속 사용하기 쉬움,64600,KRW,5枚,カタログP.253,N44001-1910_1.jpg,https://www.san-nishimura.co.jp/product/item/?key_word=N44001-1910
N44031-3200,レンズ押さえ(1200、1000シリーズ:標準),렌즈 (1200、1000시리즈:),機器部品交換・補修,機器を使い続けやすい,장비 부품 교체 및 보수,장비를 계속 사용하기 쉬움,153000,KRW,,カタログP.255,N44031-3200_1.jpg,https://www.san-nishimura.co.jp/product/item/?key_word=N44031-3200
N44031-3300,フレキシブルレンズ押さえ(1200、1000シリーズ),렌즈 (1200、1000시리즈),機器部品交換・補修,機器を使い続けやすい,장비 부품 교체 및 보수,장비를 계속 사용하기 쉬움,340000,KRW,,カタログP.255,N44031-3300_1.jpg,https://www.san-nishimura.co.jp/product/item/?key_word=N44031-3300
N44031-M086,高カーブ用ワイドカップ(緑)右,와이드 (),機器部品交換・補修,機器を使い続けやすい,장비 부품 교체 및 보수,장비를 계속 사용하기 쉬움,13600,KRW,,カタログP.254,N44031-M086_1.jpg,https://www.san-nishimura.co.jp/product/item/%e3%83%af%e3%82%a4%e3%83%89%e3%82%ab%e3%83%83%e3%83%97%e9%ab%98%e3%82%ab%e3%83%bc%e3%83%96%e7%94%a8/
N44031-M087,高カーブ用ワイドカップ(赤)左,와이드 (),機器部品交換・補修,機器を使い続けやすい,장비 부품 교체 및 보수,장비를 계속 사용하기 쉬움,13600,KRW,,カタログP.254,N44031-M087_1.jpg,https://www.san-nishimura.co.jp/product/item/%e3%83%af%e3%82%a4%e3%83%89%e3%82%ab%e3%83%83%e3%83%97%e9%ab%98%e3%82%ab%e3%83%bc%e3%83%96%e7%94%a8/
N44501-5400,フレキシブルレンズ押さえ 標準 (ME-1500用),렌즈 (ME-1500),機器部品交換・補修,機器を使い続けやすい,장비 부품 교체 및 보수,장비를 계속 사용하기 쉬움,255000,KRW,,カタログP.255,,https://www.san-nishimura.co.jp/product/item/?key_word=N44501-5400
N44501-M513,交換用ゴム 標準,고무,機器部品交換・補修,機器を使い続けやすい,장비 부품 교체 및 보수,장비를 계속 사용하기 쉬움,42500,KRW,,カタログP.255,,https://www.san-nishimura.co.jp/product/item/?key_word=N44501-M513
N44730-0210,Lfu用カスバケット(10個入),Lfu (10개),機器部品交換・補修,機器を使い続けやすい,장비 부품 교체 및 보수,장비를 계속 사용하기 쉬움,78200,KRW,10個,カタログP.253,N44730-0210_1.jpg,https://www.san-nishimura.co.jp/product/item/?key_word=N44730-0210
N44730-0310,Lfu用フィルター(5枚入),Lfu (5 입),機器部品交換・補修,機器を使い続けやすい,장비 부품 교체 및 보수,장비를 계속 사용하기 쉬움,11100,KRW,5枚,カタログP.253,,https://www.san-nishimura.co.jp/product/item/?key_word=N44730-0310
N44730-0320,Lfu用フィルター(30枚入),Lfu (30 입),機器部品交換・補修,機器を使い続けやすい,장비 부품 교체 및 보수,장비를 계속 사용하기 쉬움,64600,KRW,30枚,カタログP.253,N44730-0320_1.jpg,https://www.san-nishimura.co.jp/product/item/?key_word=N44730-0320
N8040202149,タイムラグ型ヒューズ,타임랙형 퓨즈,機器部品交換・補修,機器を使い続けやすい,장비 부품 교체 및 보수,장비를 계속 사용하기 쉬움,1600,KRW,,カタログP.256,N8040202149_1.jpg,https://www.san-nishimura.co.jp/product/item/?key_word=N8040202149
N80426-00067,視力表 SSC330・300専用ハロゲンランプ,시력표 SSC330 300,機器部品交換・補修,機器を使い続けやすい,장비 부품 교체 및 보수,장비를 계속 사용하기 쉬움,34000,KRW,,"カタログP.200,256",N80426-00067_1.jpg,https://www.san-nishimura.co.jp/product/item/?key_word=N80426-00067
NH-22-F,NH手摺機,NH,レンズ・フレーム加工,加工精度や仕上がりをそろえやすい,렌즈 및 프레임 가공,가공 정밀도와 마감을 일정하게 하기 쉬움,3196000,KRW,,,NH-22-F_1.jpg,https://www.san-nishimura.co.jp/product/item/?key_word=NH-22-F
NH-22-P,NH手摺機,NH,レンズ・フレーム加工,加工精度や仕上がりをそろえやすい,렌즈 및 프레임 가공,가공 정밀도와 마감을 일정하게 하기 쉬움,3417000,KRW,,,NH-22-P_1.jpg,https://www.san-nishimura.co.jp/product/item/?key_word=NH-22-P
NH-22-V,NH手摺機,NH,レンズ・フレーム加工,加工精度や仕上がりをそろえやすい,렌즈 및 프레임 가공,가공 정밀도와 마감을 일정하게 하기 쉬움,3417000,KRW,,,NH-22-V_1.jpg,https://www.san-nishimura.co.jp/product/item/?key_word=NH-22-V
NH-30-F,NH手摺機,NH,レンズ・フレーム加工,加工精度や仕上がりをそろえやすい,렌즈 및 프레임 가공,가공 정밀도와 마감을 일정하게 하기 쉬움,3672000,KRW,,,NH-30-F_1.jpg,https://www.san-nishimura.co.jp/product/item/?key_word=NH-30-F
NH-30-V,NH手摺機,NH,レンズ・フレーム加工,加工精度や仕上がりをそろえやすい,렌즈 및 프레임 가공,가공 정밀도와 마감을 일정하게 하기 쉬움,3910000,KRW,,,NH-30-V_1.jpg,https://www.san-nishimura.co.jp/product/item/?key_word=NH-30-V
NH-30-VN,NH手摺機NIDEKヤゲンタイプ,NH NIDEK 타입,レンズ・フレーム加工,加工精度や仕上がりをそろえやすい,렌즈 및 프레임 가공,가공 정밀도와 마감을 일정하게 하기 쉬움,3910000,KRW,,,NH-30-VN_1.jpg,https://www.san-nishimura.co.jp/product/item/?key_word=NH-30-VN
NH-30-W,NH手摺機,NH,レンズ・フレーム加工,加工精度や仕上がりをそろえやすい,렌즈 및 프레임 가공,가공 정밀도와 마감을 일정하게 하기 쉬움,4658000,KRW,,,NH-30-W_1.jpg,https://www.san-nishimura.co.jp/product/item/?key_word=NH-30-W
NH-32-FP,NH手摺機,NH,レンズ・フレーム加工,加工精度や仕上がりをそろえやすい,렌즈 및 프레임 가공,가공 정밀도와 마감을 일정하게 하기 쉬움,4896000,KRW,,,NH-32-FP_1.jpg,https://www.san-nishimura.co.jp/product/item/?key_word=NH-32-FP
NH-32-TV,NH手摺機,NH,レンズ・フレーム加工,加工精度や仕上がりをそろえやすい,렌즈 및 프레임 가공,가공 정밀도와 마감을 일정하게 하기 쉬움,4165000,KRW,,,NH-32-TV_1.jpg,https://www.san-nishimura.co.jp/product/item/?key_word=NH-32-TV
NH-32-WV,NH手摺機,NH,レンズ・フレーム加工,加工精度や仕上がりをそろえやすい,렌즈 및 프레임 가공,가공 정밀도와 마감을 일정하게 하기 쉬움,4896000,KRW,,,NH-32-WV_1.jpg,https://www.san-nishimura.co.jp/product/item/?key_word=NH-32-WV
NLE021-0001,LEXCE用レンズ押さえ,LEXCE 렌즈,機器部品交換・補修,機器を使い続けやすい,장비 부품 교체 및 보수,장비를 계속 사용하기 쉬움,153000,KRW,,カタログP.255,NLE021-0001_1.jpg,https://www.san-nishimura.co.jp/product/item/?key_word=NLE021-0001
NLE021-0002,フレキシブルレンズ押さえ 標準 (LEXCE用),렌즈 (LEXCE),機器部品交換・補修,機器を使い続けやすい,장비 부품 교체 및 보수,장비를 계속 사용하기 쉬움,255000,KRW,,カタログP.255,,https://www.san-nishimura.co.jp/product/item/?key_word=NLE021-0002
NLE021-1910,排水アダプタ (ドレン径φ75/LEXCE用),(φ75/LEXCE),機器部品交換・補修,機器を使い続けやすい,장비 부품 교체 및 보수,장비를 계속 사용하기 쉬움,64600,KRW,5枚,カタログP.253,,https://www.san-nishimura.co.jp/product/item/?key_word=NLE021-1910
NLEP21-0300,LEXCE用フレキシブルレンズ押さえ,LEXCE 렌즈,機器部品交換・補修,機器を使い続けやすい,장비 부품 교체 및 보수,장비를 계속 사용하기 쉬움,340000,KRW,,カタログP.255,NLEP21-0300_1.jpg,https://www.san-nishimura.co.jp/product/item/?key_word=NLEP21-0300
NNCL160,フレッシュビジョン クリップオン,Fresh Vision 클립온,まぶしさ対策,必要な時だけ装着しやすい,눈부심 대책,필요할 때만 장착하기 쉬움,147900,KRW,,,NNCL160_1.jpg,https://www.san-nishimura.co.jp/product/item/%e3%83%95%e3%83%ac%e3%83%83%e3%82%b7%e3%83%a5%e3%83%93%e3%82%b8%e3%83%a7%e3%83%b3%e3%82%af%e3%83%aa%e3%83%83%e3%83%97%e3%82%aa%e3%83%b3/
P001-004010,累進マークチェッカー(電池引出式)NIDEK,누진 ()NIDEK,レンズ・状態確認,店頭デモで説明しやすい,렌즈·상태 확인,매장 데모에서 설명하기 쉬움,595000,KRW,,,,https://www.san-nishimura.co.jp/product/item/?key_word=P001-004010
P001-9000AS,累進マークチェッカー歪チェックA・Bパーツセット,누진 A B부품세트,交換部品の一括準備,急な修理に備えやすい,교체 부품 일괄 준비,갑작스러운 수리에 대비하기 쉬움,255000,KRW,,,,https://www.san-nishimura.co.jp/product/item/?key_word=P001-9000AS
YL475,ナイトアシストクリップオン オリジナルイエロー,옐로,まぶしさ対策,必要な時だけ装着しやすい,눈부심 대책,필요할 때만 장착하기 쉬움,147900,KRW,,,,https://www.san-nishimura.co.jp/product/item/?key_word=YL475
NYBR475,ナイトアシストクリップオン イエローブラウン,옐로브라운,まぶしさ対策,必要な時だけ装着しやすい,눈부심 대책,필요할 때만 장착하기 쉬움,147900,KRW,,,NYBR475_1.jpg,https://www.san-nishimura.co.jp/product/item/%e3%83%8a%e3%82%a4%e3%83%88%e3%82%a2%e3%82%b7%e3%82%b9%e3%83%88%e3%82%af%e3%83%aa%e3%83%83%e3%83%97%e3%82%aa%e3%83%b3/
NYGN475,ナイトアシストクリップオン イエローグリーン,옐로그린,まぶしさ対策,必要な時だけ装着しやすい,눈부심 대책,필요할 때만 장착하기 쉬움,147900,KRW,,,NYGN475_1.jpg,https://www.san-nishimura.co.jp/product/item/%e3%83%8a%e3%82%a4%e3%83%88%e3%82%a2%e3%82%b7%e3%82%b9%e3%83%88%e3%82%af%e3%83%aa%e3%83%83%e3%83%97%e3%82%aa%e3%83%b3/
NYOR475,ナイトアシストクリップオン イエローオレンジ,옐로오렌지,まぶしさ対策,必要な時だけ装着しやすい,눈부심 대책,필요할 때만 장착하기 쉬움,147900,KRW,,,NYOR475_1.jpg,https://www.san-nishimura.co.jp/product/item/%e3%83%8a%e3%82%a4%e3%83%88%e3%82%a2%e3%82%b7%e3%82%b9%e3%83%88%e3%82%af%e3%83%aa%e3%83%83%e3%83%97%e3%82%aa%e3%83%b3/
UTP010-46,天武チタン一体型,티타늄,眼鏡フレームの提案,用途と掛け心地に合う一本を選びやすい,안경 프레임 제안,용도와 착용감에 맞는 프레임을 고르기 쉬움,195500,KRW,,カタログP.103,UTP010-46_1.jpg,https://www.san-nishimura.co.jp/product/item/?key_word=UTP010-46
UTS020-43,天武チタン,티타늄,眼鏡フレームの提案,用途と掛け心地に合う一本を選びやすい,안경 프레임 제안,용도와 착용감에 맞는 프레임을 고르기 쉬움,161500,KRW,,カタログP.103,UTS020-43_1.jpg,https://www.san-nishimura.co.jp/product/item/?key_word=UTS020-43
UTS020-46,天武チタン,티타늄,眼鏡フレームの提案,用途と掛け心地に合う一本を選びやすい,안경 프레임 제안,용도와 착용감에 맞는 프레임을 고르기 쉬움,161500,KRW,,カタログP.103,UTS020-46_1.jpg,https://www.san-nishimura.co.jp/product/item/?key_word=UTS020-46
UTS020-48,天武チタン,티타늄,眼鏡フレームの提案,用途と掛け心地に合う一本を選びやすい,안경 프레임 제안,용도와 착용감에 맞는 프레임을 고르기 쉬움,161500,KRW,,カタログP.103,UTS020-48_1.jpg,https://www.san-nishimura.co.jp/product/item/?key_word=UTS020-48
UTP010P-46,天武チタン一体型 ファイテン,티타늄,眼鏡フレームの提案,用途と掛け心地に合う一本を選びやすい,안경 프레임 제안,용도와 착용감에 맞는 프레임을 고르기 쉬움,195500,KRW,,カタログP.103,,https://www.san-nishimura.co.jp/product/item/?key_word=UTP010P-46
UTS020P-43,天武チタン ファイテン,티타늄,眼鏡フレームの提案,用途と掛け心地に合う一本を選びやすい,안경 프레임 제안,용도와 착용감에 맞는 프레임을 고르기 쉬움,161500,KRW,,カタログP.103,,https://www.san-nishimura.co.jp/product/item/?key_word=UTS020P-43
UTS020P-46,天武チタン ファイテン,티타늄,眼鏡フレームの提案,用途と掛け心地に合う一本を選びやすい,안경 프레임 제안,용도와 착용감에 맞는 프레임을 고르기 쉬움,161500,KRW,,カタログP.103,,https://www.san-nishimura.co.jp/product/item/?key_word=UTS020P-46
UTS020P-48,天武チタン ファイテン,티타늄,眼鏡フレームの提案,用途と掛け心地に合う一本を選びやすい,안경 프레임 제안,용도와 착용감에 맞는 프레임을 고르기 쉬움,161500,KRW,,カタログP.103,,https://www.san-nishimura.co.jp/product/item/?key_word=UTS020P-48
UT-01,天武 ノーマルメガネバンド,안경,眼鏡固定,動いてもズレ落ちを防ぎやすい,안경 고정,움직일 때 흘러내림을 줄이기 쉬움,23800,KRW,,カタログP.103,UT-01_1.jpg,https://www.san-nishimura.co.jp/product/item/?key_word=UT-01
UT-02,天武 ショートメガネバンド,쇼트안경,眼鏡固定,動いてもズレ落ちを防ぎやすい,안경 고정,움직일 때 흘러내림을 줄이기 쉬움,23800,KRW,,カタログP.103,UT-02_1.jpg,https://www.san-nishimura.co.jp/product/item/?key_word=UT-02
UT-03,天武 ノーマルメガネバンド ファイテン,안경,眼鏡固定,動いてもズレ落ちを防ぎやすい,안경 고정,움직일 때 흘러내림을 줄이기 쉬움,23800,KRW,,カタログP.103,UT-03_1.jpg,https://www.san-nishimura.co.jp/product/item/?key_word=UT-03
UT-04,天武 メガネケース,안경케이스,収納・保護,持ち帰りや保管に使いやすい,수납 및 보호,휴대와 보관에 쓰기 쉬움,8500,KRW,,カタログP.103,,https://www.san-nishimura.co.jp/product/item/?key_word=UT-04
UT-05,天武 TP010 ツインノーズパッド,TP010 코받침,鼻パッド交換・調整,当たりと掛け心地を整えやすい,코패드 교체 및 조정,맞닿는 느낌과 착용감을 조정하기 쉬움,3000,KRW,,カタログP.103,UT-05_1.jpg,https://www.san-nishimura.co.jp/product/item/?key_word=UT-05
UT-06,天武 TP010 汗止バー,TP010,ズレ落ち防止,日常の掛け心地を安定させやすい,흘러내림 방지,일상 착용감을 안정시키기 쉬움,11900,KRW,,カタログP.103,UT-06_1.jpg,https://www.san-nishimura.co.jp/product/item/?key_word=UT-06
UT-07,天武 TS020 ツインノーズパッド,TS020 코받침,鼻パッド交換・調整,当たりと掛け心地を整えやすい,코패드 교체 및 조정,맞닿는 느낌과 착용감을 조정하기 쉬움,2600,KRW,,カタログP.103,UT-07_1.jpg,https://www.san-nishimura.co.jp/product/item/?key_word=UT-07
UT-08,天武 TS020 汗止バー,TS020,ズレ落ち防止,日常の掛け心地を安定させやすい,흘러내림 방지,일상 착용감을 안정시키기 쉬움,6000,KRW,,カタログP.103,UT-08_1.jpg,https://www.san-nishimura.co.jp/product/item/?key_word=UT-08
PG-2,ペンシルグラインダー,펜슬 그라인더,作業台・加工補助,小部品作業を安定させやすい,작업대 및 가공 보조,작은 부품 작업을 안정시키기 쉬움,850000,KRW,,カタログP.236,PG-2_1.jpg,https://www.san-nishimura.co.jp/product/item/%e3%83%9a%e3%83%b3%e3%82%b7%e3%83%ab%e3%82%b0%e3%83%a9%e3%82%a4%e3%83%b3%e3%83%80%e3%83%bc/
PHA-C11-2,イヤーパートナー耳あな型 イヤーチップフリー,팁,補聴器・集音器の装着補助,耳への収まりを整えやすい,청각기기 착용 보조,귀에 맞는 착용감을 정돈하기 쉬움,12200,KRW,,カタログP.107,PHA-C11-2_1.jpg,https://www.san-nishimura.co.jp/product/item/?key_word=PHA-C11-2
PHA-C11-3,イヤーパートナー耳あな型 イヤーチップM,팁M,補聴器・集音器の装着補助,耳への収まりを整えやすい,청각기기 착용 보조,귀에 맞는 착용감을 정돈하기 쉬움,10700,KRW,,カタログP.107,PHA-C11-3_1.jpg,https://www.san-nishimura.co.jp/product/item/?key_word=PHA-C11-3
PHA-C11-4,イヤーパートナー耳あな型 イヤーチップS,팁S,補聴器・集音器の装着補助,耳への収まりを整えやすい,청각기기 착용 보조,귀에 맞는 착용감을 정돈하기 쉬움,10700,KRW,,カタログP.107,PHA-C11-4_1.jpg,https://www.san-nishimura.co.jp/product/item/?key_word=PHA-C11-4
PHA-C11-5,イヤーパートナー耳あな型 耳あかガード,귓속형 이어왁스 가드,補聴器・集音器の装着補助,耳への収まりを整えやすい,청각기기 착용 보조,귀에 맞는 착용감을 정돈하기 쉬움,18400,KRW,,カタログP.107,PHA-C11-5_1.jpg,https://www.san-nishimura.co.jp/product/item/?key_word=PHA-C11-5
PM-8,自動型取機,자동 형판 제작기,レンズ・フレーム加工,加工精度や仕上がりをそろえやすい,렌즈 및 프레임 가공,가공 정밀도와 마감을 일정하게 하기 쉬움,4760000,KRW,,カタログP.239,PM-8_1.jpg,https://www.san-nishimura.co.jp/product/item/%e8%87%aa%e5%8b%95%e5%9e%8b%e5%8f%96%e6%a9%9f/
PP18-1911,提札(糸付) 金箔 500枚入,(포함) 골드 500 입,展示・販売促進,商品やサービスを見せやすい,진열 및 판매 촉진,상품과 서비스를 보여주기 쉬움,62900,KRW,500枚,カタログP.278,PP18-1911_1.jpg,https://www.san-nishimura.co.jp/product/item/%e6%8f%90%e6%9c%ad%e7%b3%b8%e4%bb%98/
PP18-1922,提札(糸付) 金箔 500枚入,(포함) 골드 500 입,展示・販売促進,商品やサービスを見せやすい,진열 및 판매 촉진,상품과 서비스를 보여주기 쉬움,62900,KRW,500枚,カタログP.278,PP18-1922_1.jpg,https://www.san-nishimura.co.jp/product/item/%e6%8f%90%e6%9c%ad%e7%b3%b8%e4%bb%98/
PP50-3110,ギフトバッグ(角底袋)クリスタルピンク 100枚入,기프트백(각형 봉투) 핑크 100 입,収納・保護,持ち帰りや保管に使いやすい,수납 및 보호,휴대와 보관에 쓰기 쉬움,35700,KRW,100枚,カタログP.278,PP50-3110_1.jpg,https://www.san-nishimura.co.jp/product/item/?key_word=PP50-3110
PP50-3111,ギフトバッグ(角底袋)クリスタルブルー 100枚入,기프트백(각형 봉투) 블루 100 입,収納・保護,持ち帰りや保管に使いやすい,수납 및 보호,휴대와 보관에 쓰기 쉬움,35700,KRW,100枚,カタログP.278,PP50-3111_1.jpg,https://www.san-nishimura.co.jp/product/item/?key_word=PP50-3111
PP50-3410,ギフトバッグ(角底袋)クリスタルピンク 100枚入,기프트백(각형 봉투) 핑크 100 입,収納・保護,持ち帰りや保管に使いやすい,수납 및 보호,휴대와 보관에 쓰기 쉬움,42500,KRW,100枚,カタログP.278,PP50-3410_1.jpg,https://www.san-nishimura.co.jp/product/item/?key_word=PP50-3410
PP50-3411,ギフトバッグ(角底袋)クリスタルブルー 100枚入,기프트백(각형 봉투) 블루 100 입,収納・保護,持ち帰りや保管に使いやすい,수납 및 보호,휴대와 보관에 쓰기 쉬움,42500,KRW,100枚,カタログP.278,PP50-3411_1.jpg,https://www.san-nishimura.co.jp/product/item/?key_word=PP50-3411
PP50-3710,ギフトバッグ(角底袋)クリスタルピンク 100枚入,기프트백(각형 봉투) 핑크 100 입,収納・保護,持ち帰りや保管に使いやすい,수납 및 보호,휴대와 보관에 쓰기 쉬움,56100,KRW,100枚,カタログP.278,PP50-3710_1.jpg,https://www.san-nishimura.co.jp/product/item/?key_word=PP50-3710
PP50-3711,ギフトバッグ(角底袋)クリスタルブルー 100枚入,기프트백(각형 봉투) 블루 100 입,収納・保護,持ち帰りや保管に使いやすい,수납 및 보호,휴대와 보관에 쓰기 쉬움,56100,KRW,100枚,カタログP.278,PP50-3711_1.jpg,https://www.san-nishimura.co.jp/product/item/?key_word=PP50-3711
PP50-5910,手提げバッグ 赤25枚入,25 입,収納・保護,持ち帰りや保管に使いやすい,수납 및 보호,휴대와 보관에 쓰기 쉬움,39100,KRW,25枚,"カタログP.271,279",PP50-5910_1.jpg,https://www.san-nishimura.co.jp/product/item/?key_word=PP50-5910
PP50-5911,手提げバッグ 緑25枚入,25 입,収納・保護,持ち帰りや保管に使いやすい,수납 및 보호,휴대와 보관에 쓰기 쉬움,39100,KRW,25枚,"カタログP.271,279",PP50-5911_1.jpg,https://www.san-nishimura.co.jp/product/item/?key_word=PP50-5911
PP50-5912,手提げバッグ 紺25枚入,25 입,収納・保護,持ち帰りや保管に使いやすい,수납 및 보호,휴대와 보관에 쓰기 쉬움,39100,KRW,25枚,"カタログP.271,279",PP50-5912_1.jpg,https://www.san-nishimura.co.jp/product/item/?key_word=PP50-5912
PP50-5913,手提げバッグ 白無地25枚入,25 입,収納・保護,持ち帰りや保管に使いやすい,수납 및 보호,휴대와 보관에 쓰기 쉬움,32300,KRW,25枚,"カタログP.271,279",PP50-5913_1.jpg,https://www.san-nishimura.co.jp/product/item/?key_word=PP50-5913
PP50-5914,手提げバッグ 茶無地25枚入,25 입,収納・保護,持ち帰りや保管に使いやすい,수납 및 보호,휴대와 보관에 쓰기 쉬움,32300,KRW,25枚,"カタログP.271,279",PP50-5914_1.jpg,https://www.san-nishimura.co.jp/product/item/?key_word=PP50-5914
PPH-10-16.5,マルチフクロ(ヘッダー・テープ付)(467) 100枚入,멀티봉투(헤더 테이프포함)(467) 100 입,収納・保護,持ち帰りや保管に使いやすい,수납 및 보호,휴대와 보관에 쓰기 쉬움,17400,KRW,100枚,,,https://www.san-nishimura.co.jp/product/item/?key_word=PPH-10-16.5
PPH-11-18,マルチフクロ(ヘッダー・テープ付)(469) 100枚入,멀티봉투(헤더 테이프포함)(469) 100 입,収納・保護,持ち帰りや保管に使いやすい,수납 및 보호,휴대와 보관에 쓰기 쉬움,18800,KRW,100枚,カタログP.280,,https://www.san-nishimura.co.jp/product/item/?key_word=PPH-11-18
PPH-12-20,マルチフクロ(ヘッダー・テープ付)(470) 100枚入,멀티봉투(헤더 테이프포함)(470) 100 입,収納・保護,持ち帰りや保管に使いやすい,수납 및 보호,휴대와 보관에 쓰기 쉬움,20200,KRW,100枚,カタログP.280,,https://www.san-nishimura.co.jp/product/item/?key_word=PPH-12-20
PPH-12-23,マルチフクロ(ヘッダー・テープ付)(484) 100枚入,멀티봉투(헤더 테이프포함)(484) 100 입,収納・保護,持ち帰りや保管に使いやすい,수납 및 보호,휴대와 보관에 쓰기 쉬움,21300,KRW,100枚,カタログP.280,,https://www.san-nishimura.co.jp/product/item/?key_word=PPH-12-23
PPH-13-24,マルチフクロ(ヘッダー・テープ付)(485) 100枚入,멀티봉투(헤더 테이프포함)(485) 100 입,収納・保護,持ち帰りや保管に使いやすい,수납 및 보호,휴대와 보관에 쓰기 쉬움,22800,KRW,100枚,カタログP.280,,https://www.san-nishimura.co.jp/product/item/?key_word=PPH-13-24
PPH-15-25,マルチフクロ(ヘッダー・テープ付)(486) 100枚入,멀티봉투(헤더 테이프포함)(486) 100 입,収納・保護,持ち帰りや保管に使いやすい,수납 및 보호,휴대와 보관에 쓰기 쉬움,26000,KRW,100枚,カタログP.280,,https://www.san-nishimura.co.jp/product/item/?key_word=PPH-15-25
PPH-4-8,マルチフクロ(ヘッダー・テープ付)(450) 100枚入,멀티봉투(헤더 테이프포함)(450) 100 입,収納・保護,持ち帰りや保管に使いやすい,수납 및 보호,휴대와 보관에 쓰기 쉬움,10200,KRW,100枚,カタログP.280,,https://www.san-nishimura.co.jp/product/item/?key_word=PPH-4-8
PPH-5.5-16,マルチフクロ(ヘッダー・テープ付)(456) 100枚入,멀티봉투(헤더 테이프포함)(456) 100 입,収納・保護,持ち帰りや保管に使いやすい,수납 및 보호,휴대와 보관에 쓰기 쉬움,12200,KRW,100枚,,,https://www.san-nishimura.co.jp/product/item/?key_word=PPH-5.5-16
PPH-5-8,マルチフクロ(ヘッダー・テープ付)(454) 100枚入,멀티봉투(헤더 테이프포함)(454) 100 입,収納・保護,持ち帰りや保管に使いやすい,수납 및 보호,휴대와 보관에 쓰기 쉬움,10900,KRW,100枚,カタログP.280,,https://www.san-nishimura.co.jp/product/item/?key_word=PPH-5-8
PPH-7-10,マルチフクロ(ヘッダー・テープ付)(460) 100枚入,멀티봉투(헤더 테이프포함)(460) 100 입,収納・保護,持ち帰りや保管に使いやすい,수납 및 보호,휴대와 보관에 쓰기 쉬움,13000,KRW,100枚,カタログP.280,,https://www.san-nishimura.co.jp/product/item/?key_word=PPH-7-10
PPH-7-22,マルチフクロ(ヘッダー・テープ付)(461) 100枚入,멀티봉투(헤더 테이프포함)(461) 100 입,収納・保護,持ち帰りや保管に使いやすい,수납 및 보호,휴대와 보관에 쓰기 쉬움,14500,KRW,100枚,カタログP.280,,https://www.san-nishimura.co.jp/product/item/?key_word=PPH-7-22
PPH-9-13,マルチフクロ(ヘッダー・テープ付)(465) 100枚入,멀티봉투(헤더 테이프포함)(465) 100 입,収納・保護,持ち帰りや保管に使いやすい,수납 및 보호,휴대와 보관에 쓰기 쉬움,16000,KRW,100枚,カタログP.280,,https://www.san-nishimura.co.jp/product/item/?key_word=PPH-9-13
PPS-10.5-15.5,マルチフクロ(サイドシール)214 ハガキ 100枚入,멀티봉투(사이드 씰)214 100 입,収納・保護,持ち帰りや保管に使いやすい,수납 및 보호,휴대와 보관에 쓰기 쉬움,7500,KRW,100枚,,,https://www.san-nishimura.co.jp/product/item/?key_word=PPS-10.5-15.5
PPS-10-15,マルチフクロ(サイドシール)640 100枚入,멀티봉투(사이드 씰)640 100 입,収納・保護,持ち帰りや保管に使いやすい,수납 및 보호,휴대와 보관에 쓰기 쉬움,7600,KRW,100枚,カタログP.280,,https://www.san-nishimura.co.jp/product/item/?key_word=PPS-10-15
PPS-10-21,マルチフクロ(サイドシール)643 100枚入,멀티봉투(사이드 씰)643 100 입,収納・保護,持ち帰りや保管に使いやすい,수납 및 보호,휴대와 보관에 쓰기 쉬움,10200,KRW,100枚,カタログP.280,,https://www.san-nishimura.co.jp/product/item/?key_word=PPS-10-21
PPS-11-17,マルチフクロ(サイドシール)667 100枚入,멀티봉투(사이드 씰)667 100 입,収納・保護,持ち帰りや保管に使いやすい,수납 및 보호,휴대와 보관에 쓰기 쉬움,8000,KRW,100枚,カタログP.280,,https://www.san-nishimura.co.jp/product/item/?key_word=PPS-11-17
PPS-12-18,マルチフクロ(サイドシール)676 100枚入,멀티봉투(사이드 씰)676 100 입,収納・保護,持ち帰りや保管に使いやすい,수납 및 보호,휴대와 보관에 쓰기 쉬움,9000,KRW,100枚,カタログP.280,,https://www.san-nishimura.co.jp/product/item/?key_word=PPS-12-18
PPS-12-23,マルチフクロ(サイドシール)677 100枚入,멀티봉투(사이드 씰)677 100 입,収納・保護,持ち帰りや保管に使いやすい,수납 및 보호,휴대와 보관에 쓰기 쉬움,11700,KRW,100枚,カタログP.280,,https://www.san-nishimura.co.jp/product/item/?key_word=PPS-12-23
PPS-14-26,マルチフクロ(サイドシール)690 100枚入,멀티봉투(사이드 씰)690 100 입,収納・保護,持ち帰りや保管に使いやすい,수납 및 보호,휴대와 보관에 쓰기 쉬움,14600,KRW,100枚,カタログP.280,,https://www.san-nishimura.co.jp/product/item/?key_word=PPS-14-26
PPS-30-45,マルチフクロ(サイドシール)231 100枚入,멀티봉투(사이드 씰)231 100 입,収納・保護,持ち帰りや保管に使いやすい,수납 및 보호,휴대와 보관에 쓰기 쉬움,41100,KRW,100枚,カタログP.280,,https://www.san-nishimura.co.jp/product/item/?key_word=PPS-30-45
PPS-4-8,マルチフクロ(サイドシール)684 100枚入,멀티봉투(사이드 씰)684 100 입,収納・保護,持ち帰りや保管に使いやすい,수납 및 보호,휴대와 보관에 쓰기 쉬움,4700,KRW,100枚,カタログP.280,,https://www.san-nishimura.co.jp/product/item/?key_word=PPS-4-8
PPS-5-8,マルチフクロ(サイドシール)651 100枚入,멀티봉투(사이드 씰)651 100 입,収納・保護,持ち帰りや保管に使いやすい,수납 및 보호,휴대와 보관에 쓰기 쉬움,5300,KRW,100枚,カタログP.280,,https://www.san-nishimura.co.jp/product/item/?key_word=PPS-5-8
PPS-8-17,マルチフクロ(サイドシール)634 100枚入,멀티봉투(사이드 씰)634 100 입,収納・保護,持ち帰りや保管に使いやすい,수납 및 보호,휴대와 보관에 쓰기 쉬움,7000,KRW,100枚,カタログP.280,,https://www.san-nishimura.co.jp/product/item/?key_word=PPS-8-17
PPS-8-25,マルチフクロ(サイドシール)635 100枚入,멀티봉투(사이드 씰)635 100 입,収納・保護,持ち帰りや保管に使いやすい,수납 및 보호,휴대와 보관에 쓰기 쉬움,8000,KRW,100枚,カタログP.280,,https://www.san-nishimura.co.jp/product/item/?key_word=PPS-8-25
PPS-A-4,マルチフクロ(サイドシール)693 A4 100枚入,멀티봉투(사이드 씰)693 A4 100 입,収納・保護,持ち帰りや保管に使いやすい,수납 및 보호,휴대와 보관에 쓰기 쉬움,21500,KRW,100枚,カタログP.280,,https://www.san-nishimura.co.jp/product/item/?key_word=PPS-A-4
PPS-A-5,マルチフクロ(サイドシール)660 A5 100枚入,멀티봉투(사이드 씰)660 A5 100 입,収納・保護,持ち帰りや保管に使いやすい,수납 및 보호,휴대와 보관에 쓰기 쉬움,14600,KRW,100枚,カタログP.280,,https://www.san-nishimura.co.jp/product/item/?key_word=PPS-A-5
PPS-B-4,マルチフクロ(サイドシール)683 B4 100枚入,멀티봉투(사이드 씰)683 B4 100 입,収納・保護,持ち帰りや保管に使いやすい,수납 및 보호,휴대와 보관에 쓰기 쉬움,29300,KRW,100枚,カタログP.280,,https://www.san-nishimura.co.jp/product/item/?key_word=PPS-B-4
PPS-B-5,マルチフクロ(サイドシール)682 B5 100枚入,멀티봉투(사이드 씰)682 B5 100 입,収納・保護,持ち帰りや保管に使いやすい,수납 및 보호,휴대와 보관에 쓰기 쉬움,17200,KRW,100枚,カタログP.280,,https://www.san-nishimura.co.jp/product/item/?key_word=PPS-B-5
PPT-10.5-15.5,マルチフクロ(テープ付)548 ハガキ 100枚入,멀티봉투(테이프포함)548 100 입,収納・保護,持ち帰りや保管に使いやすい,수납 및 보호,휴대와 보관에 쓰기 쉬움,10400,KRW,100枚,,,https://www.san-nishimura.co.jp/product/item/?key_word=PPT-10.5-15.5
PPT-10-15,マルチフクロ(テープ付)564 100枚入,멀티봉투(테이프포함)564 100 입,収納・保護,持ち帰りや保管に使いやすい,수납 및 보호,휴대와 보관에 쓰기 쉬움,10000,KRW,100枚,カタログP.280,,https://www.san-nishimura.co.jp/product/item/?key_word=PPT-10-15
PPT-10-23,マルチフクロ(テープ付)590 100枚入,멀티봉투(테이프포함)590 100 입,収納・保護,持ち帰りや保管に使いやすい,수납 및 보호,휴대와 보관에 쓰기 쉬움,11700,KRW,100枚,カタログP.280,,https://www.san-nishimura.co.jp/product/item/?key_word=PPT-10-23
PPT-11-16,マルチフクロ(テープ付)541 100枚入,멀티봉투(테이프포함)541 100 입,収納・保護,持ち帰りや保管に使いやすい,수납 및 보호,휴대와 보관에 쓰기 쉬움,10400,KRW,100枚,カタログP.280,,https://www.san-nishimura.co.jp/product/item/?key_word=PPT-11-16
PPT-12-18,マルチフクロ(テープ付)597 100枚入,멀티봉투(테이프포함)597 100 입,収納・保護,持ち帰りや保管に使いやすい,수납 및 보호,휴대와 보관에 쓰기 쉬움,11800,KRW,100枚,カタログP.280,,https://www.san-nishimura.co.jp/product/item/?key_word=PPT-12-18
PPT-12-23,マルチフクロ(テープ付)542 100枚入,멀티봉투(테이프포함)542 100 입,収納・保護,持ち帰りや保管に使いやすい,수납 및 보호,휴대와 보관에 쓰기 쉬움,14100,KRW,100枚,カタログP.280,,https://www.san-nishimura.co.jp/product/item/?key_word=PPT-12-23
PPT-14-26,マルチフクロ(テープ付)550 100枚入,멀티봉투(테이프포함)550 100 입,収納・保護,持ち帰りや保管に使いやすい,수납 및 보호,휴대와 보관에 쓰기 쉬움,18100,KRW,100枚,カタログP.280,,https://www.san-nishimura.co.jp/product/item/?key_word=PPT-14-26
PPT-30-46,マルチフクロ(テープ付)582 100枚入,멀티봉투(테이프포함)582 100 입,収納・保護,持ち帰りや保管に使いやすい,수납 및 보호,휴대와 보관에 쓰기 쉬움,48900,KRW,100枚,カタログP.280,,https://www.san-nishimura.co.jp/product/item/?key_word=PPT-30-46
PPT-4-8,マルチフクロ(テープ付)545 100枚入,멀티봉투(테이프포함)545 100 입,収納・保護,持ち帰りや保管に使いやすい,수납 및 보호,휴대와 보관에 쓰기 쉬움,5300,KRW,100枚,カタログP.280,,https://www.san-nishimura.co.jp/product/item/?key_word=PPT-4-8
PPT-5-8,マルチフクロ(テープ付)535 100枚入,멀티봉투(테이프포함)535 100 입,収納・保護,持ち帰りや保管に使いやすい,수납 및 보호,휴대와 보관에 쓰기 쉬움,5700,KRW,100枚,カタログP.280,,https://www.san-nishimura.co.jp/product/item/?key_word=PPT-5-8
PPT-8-18,マルチフクロ(テープ付)560 100枚入,멀티봉투(테이프포함)560 100 입,収納・保護,持ち帰りや保管に使いやすい,수납 및 보호,휴대와 보관에 쓰기 쉬움,9400,KRW,100枚,カタログP.280,,https://www.san-nishimura.co.jp/product/item/?key_word=PPT-8-18
PPT-8-25,マルチフクロ(テープ付)561 100枚入,멀티봉투(테이프포함)561 100 입,収納・保護,持ち帰りや保管に使いやすい,수납 및 보호,휴대와 보관에 쓰기 쉬움,11300,KRW,100枚,カタログP.280,,https://www.san-nishimura.co.jp/product/item/?key_word=PPT-8-25
PPT-A-4,マルチフクロ(テープ付)553 A4 100枚入,멀티봉투(테이프포함)553 A4 100 입,収納・保護,持ち帰りや保管に使いやすい,수납 및 보호,휴대와 보관에 쓰기 쉬움,29300,KRW,100枚,カタログP.280,,https://www.san-nishimura.co.jp/product/item/?key_word=PPT-A-4
PPT-A-5,マルチフクロ(テープ付)574 A5 100枚入,멀티봉투(테이프포함)574 A5 100 입,収納・保護,持ち帰りや保管に使いやすい,수납 및 보호,휴대와 보관에 쓰기 쉬움,17600,KRW,100枚,カタログP.280,,https://www.san-nishimura.co.jp/product/item/?key_word=PPT-A-5
PPT-B-4,マルチフクロ(テープ付)554 B4 100枚入,멀티봉투(테이프포함)554 B4 100 입,収納・保護,持ち帰りや保管に使いやすい,수납 및 보호,휴대와 보관에 쓰기 쉬움,37100,KRW,100枚,カタログP.280,,https://www.san-nishimura.co.jp/product/item/?key_word=PPT-B-4
PPT-B-5,マルチフクロ(テープ付)551 B5 100枚入,멀티봉투(테이프포함)551 B5 100 입,収納・保護,持ち帰りや保管に使いやすい,수납 및 보호,휴대와 보관에 쓰기 쉬움,21500,KRW,100枚,カタログP.280,,https://www.san-nishimura.co.jp/product/item/?key_word=PPT-B-5
PR41-MX,補聴器用空気電池(312) 6ヶ入マクセル,보청기 공기전지 (312) 6개입,補聴器・集音器の装着補助,耳への収まりを整えやすい,청각기기 착용 보조,귀에 맞는 착용감을 정돈하기 쉬움,6700,KRW,6ヶ,カタログP.107,PR41-MX_1.jpg,https://www.san-nishimura.co.jp/product/item/?key_word=PR41-MX
PR44-MX,補聴器用空気電池(675) 6ヶ入マクセル,보청기 공기전지 (675) 6개입,補聴器・集音器の装着補助,耳への収まりを整えやすい,청각기기 착용 보조,귀에 맞는 착용감을 정돈하기 쉬움,6700,KRW,6ヶ,カタログP.107,PR44-MX_1.jpg,https://www.san-nishimura.co.jp/product/item/?key_word=PR44-MX
PR48-MX,補聴器用空気電池(13) 6ヶ入マクセル,보청기 공기전지 (13) 6개입,補聴器・集音器の装着補助,耳への収まりを整えやすい,청각기기 착용 보조,귀에 맞는 착용감을 정돈하기 쉬움,6700,KRW,6ヶ,カタログP.107,PR48-MX_1.jpg,https://www.san-nishimura.co.jp/product/item/?key_word=PR48-MX
PR536-MX,補聴器用空気電池(10) 6ヶ入マクセル,보청기 공기전지 (10) 6개입,補聴器・集音器の装着補助,耳への収まりを整えやすい,청각기기 착용 보조,귀에 맞는 착용감을 정돈하기 쉬움,6700,KRW,6ヶ,カタログP.107,PR536-MX_1.jpg,https://www.san-nishimura.co.jp/product/item/?key_word=PR536-MX
PR41-P,補聴器用空気電池 (312) 6ヶ入 パワーワン,보청기 공기전지 (312) 6개입,補聴器・集音器の装着補助,耳への収まりを整えやすい,청각기기 착용 보조,귀에 맞는 착용감을 정돈하기 쉬움,6700,KRW,6ヶ,カタログP.107,PR41-P_1.jpg,https://www.san-nishimura.co.jp/product/item/?key_word=PR41-P
PR44-P,補聴器用空気電池 (675) 6ヶ入 パワーワン,보청기 공기전지 (675) 6개입,補聴器・集音器の装着補助,耳への収まりを整えやすい,청각기기 착용 보조,귀에 맞는 착용감을 정돈하기 쉬움,6700,KRW,6ヶ,カタログP.107,PR44-P_1.jpg,https://www.san-nishimura.co.jp/product/item/?key_word=PR44-P
PR48-P,補聴器用空気電池 (13) 6ヶ入 パワーワン,보청기 공기전지 (13) 6개입,補聴器・集音器の装着補助,耳への収まりを整えやすい,청각기기 착용 보조,귀에 맞는 착용감을 정돈하기 쉬움,6700,KRW,6ヶ,カタログP.107,PR48-P_1.jpg,https://www.san-nishimura.co.jp/product/item/?key_word=PR48-P
PR536-P,補聴器用空気電池 (10) 6ヶ入 パワーワン,보청기 공기전지 (10) 6개입,補聴器・集音器の装着補助,耳への収まりを整えやすい,청각기기 착용 보조,귀에 맞는 착용감을 정돈하기 쉬움,6700,KRW,6ヶ,カタログP.107,PR536-P_1.jpg,https://www.san-nishimura.co.jp/product/item/?key_word=PR536-P
PS-3,型板ストッカー,형판 보관함,工具整理・収納,必要な工具を取り出しやすい,공구 정리 및 수납,필요한 공구를 꺼내기 쉬움,85000,KRW,,カタログP.257,PS-3_1.jpg,https://www.san-nishimura.co.jp/product/item/%e5%9e%8b%e6%9d%bf%e3%82%b9%e3%83%88%e3%83%83%e3%82%ab%e3%83%bc/
R0516,スポーツバンド,스포츠 밴드,眼鏡固定,動いてもズレ落ちを防ぎやすい,안경 고정,움직일 때 흘러내림을 줄이기 쉬움,5900,KRW,,カタログP.100,R0516_1.jpg,https://www.san-nishimura.co.jp/product/item/?key_word=R0516
R074807,販売用セルピタ ロック,셀피타 잠금,貼るフィット調整,加工なしでズレや当たりを調整しやすい,부착식 피팅 조정,가공 없이 흘러내림과 닿는 느낌을 조정하기 쉬움,5400,KRW,2ペア,カタログP.89,R074807_1.jpg,https://www.san-nishimura.co.jp/product/item/?key_word=R074807
R0787-04,販売用テンプルカバー(4mm),(4mm),モダン交換,耳まわりの掛け心地と見た目を整えやすい,모던 교체,귀 주변 착용감과 외관을 정돈하기 쉬움,4900,KRW,,カタログP.89,R0787-04_1.jpg,https://www.san-nishimura.co.jp/product/item/?key_word=R0787-04
R0787-05,販売用テンプルカバー(5mm),(5mm),モダン交換,耳まわりの掛け心地と見た目を整えやすい,모던 교체,귀 주변 착용감과 외관을 정돈하기 쉬움,4900,KRW,,カタログP.89,R0787-05_1.jpg,https://www.san-nishimura.co.jp/product/item/?key_word=R0787-05
R141-335,販売用シリコンパットG極小,실리콘코받침G초소형,鼻パッド交換・調整,当たりと掛け心地を整えやすい,코패드 교체 및 조정,맞닿는 느낌과 착용감을 조정하기 쉬움,3900,KRW,,カタログP.86,R141-335_1.jpg,https://www.san-nishimura.co.jp/product/item/?key_word=R141-335
R141-336,販売用シリコンパットW極小,실리콘코받침W초소형,鼻パッド交換・調整,当たりと掛け心地を整えやすい,코패드 교체 및 조정,맞닿는 느낌과 착용감을 조정하기 쉬움,3900,KRW,,カタログP.86,R141-336_1.jpg,https://www.san-nishimura.co.jp/product/item/?key_word=R141-336
R141-480,販売用 シリコンパットG 極小 14.5×7,실리콘코받침G 초소형 14.5×7,鼻パッド交換・調整,当たりと掛け心地を整えやすい,코패드 교체 및 조정,맞닿는 느낌과 착용감을 조정하기 쉬움,3900,KRW,,カタログP.86,R141-480_1.jpg,https://www.san-nishimura.co.jp/product/item/?key_word=R141-480
R141-481,販売用 シリコンパットW 極小 14.5×7,실리콘코받침W 초소형 14.5×7,鼻パッド交換・調整,当たりと掛け心地を整えやすい,코패드 교체 및 조정,맞닿는 느낌과 착용감을 조정하기 쉬움,3900,KRW,,カタログP.86,R141-481_1.jpg,https://www.san-nishimura.co.jp/product/item/?key_word=R141-481
R141-493,販売用箱蝶コーンG,박스형 코받침 G,鼻パッド交換・調整,当たりと掛け心地を整えやすい,코패드 교체 및 조정,맞닿는 느낌과 착용감을 조정하기 쉬움,3100,KRW,,カタログP.88,R141-493_1.jpg,https://www.san-nishimura.co.jp/product/item/?key_word=R141-493
R141-494,販売用箱蝶コーンW,박스형 코받침 W,鼻パッド交換・調整,当たりと掛け心地を整えやすい,코패드 교체 및 조정,맞닿는 느낌과 착용감을 조정하기 쉬움,3100,KRW,,カタログP.88,R141-494_1.jpg,https://www.san-nishimura.co.jp/product/item/?key_word=R141-494
R141-495,販売用チタンパットW10.5×6,티타늄코받침W10.5×6,鼻パッド交換・調整,当たりと掛け心地を整えやすい,코패드 교체 및 조정,맞닿는 느낌과 착용감을 조정하기 쉬움,5900,KRW,,カタログP.88,R141-495_1.jpg,https://www.san-nishimura.co.jp/product/item/?key_word=R141-495
R141-503,販売用エアーシリコンパット極小,에어실리콘코받침초소형,鼻当たりの軽減,やわらかい掛け心地を提案しやすい,코 압박 완화,부드러운 착용감을 제안하기 쉬움,7600,KRW,,カタログP.86,R141-503_1.jpg,https://www.san-nishimura.co.jp/product/item/?key_word=R141-503
R141-530,販売用エアーシリコンパット小,에어실리콘코받침소,鼻当たりの軽減,やわらかい掛け心地を提案しやすい,코 압박 완화,부드러운 착용감을 제안하기 쉬움,7600,KRW,,カタログP.86,R141-530_1.jpg,https://www.san-nishimura.co.jp/product/item/?key_word=R141-530
R141-543,販売用箱蝶コーン(チタン芯),박스형 코받침 (티타늄),鼻パッド交換・調整,当たりと掛け心地を整えやすい,코패드 교체 및 조정,맞닿는 느낌과 착용감을 조정하기 쉬움,6600,KRW,,カタログP.88,R141-543_1.jpg,https://www.san-nishimura.co.jp/product/item/?key_word=R141-543
R141-550,(販売用)箱蝶形状記憶パットG小 14.5×7.5,()박스형 코받침 코받침G소 14.5×7.5,鼻パッド交換・調整,当たりと掛け心地を整えやすい,코패드 교체 및 조정,맞닿는 느낌과 착용감을 조정하기 쉬움,7400,KRW,,カタログP.87,R141-550_1.jpg,https://www.san-nishimura.co.jp/product/item/?key_word=R141-550
R141-551,(販売用)箱蝶形状記憶パットW小 14.5×7.5,()박스형 코받침 코받침W소 14.5×7.5,鼻パッド交換・調整,当たりと掛け心地を整えやすい,코패드 교체 및 조정,맞닿는 느낌과 착용감을 조정하기 쉬움,7400,KRW,,カタログP.87,R141-551_1.jpg,https://www.san-nishimura.co.jp/product/item/?key_word=R141-551
R141-552,(販売用)箱蝶形状記憶パットG中 16×8.5,()박스형 코받침 코받침G중 16×8.5,鼻パッド交換・調整,当たりと掛け心地を整えやすい,코패드 교체 및 조정,맞닿는 느낌과 착용감을 조정하기 쉬움,7400,KRW,,カタログP.87,R141-552_1.jpg,https://www.san-nishimura.co.jp/product/item/?key_word=R141-552
R141-553,(販売用)箱蝶形状記憶パットW中 16×8.5,()박스형 코받침 코받침W중 16×8.5,鼻パッド交換・調整,当たりと掛け心地を整えやすい,코패드 교체 및 조정,맞닿는 느낌과 착용감을 조정하기 쉬움,7400,KRW,,カタログP.87,R141-553_1.jpg,https://www.san-nishimura.co.jp/product/item/?key_word=R141-553
R141-554,(販売用)箱蝶形状記憶パットG大 17.5×8.5,()박스형 코받침 코받침G대 17.5×8.5,鼻パッド交換・調整,当たりと掛け心地を整えやすい,코패드 교체 및 조정,맞닿는 느낌과 착용감을 조정하기 쉬움,7400,KRW,,カタログP.87,R141-554_1.jpg,https://www.san-nishimura.co.jp/product/item/?key_word=R141-554
R141-555,(販売用)箱蝶形状記憶パットW大 17.5×8.5,()박스형 코받침 코받침W대 17.5×8.5,鼻パッド交換・調整,当たりと掛け心地を整えやすい,코패드 교체 및 조정,맞닿는 느낌과 착용감을 조정하기 쉬움,7400,KRW,,カタログP.87,R141-555_1.jpg,https://www.san-nishimura.co.jp/product/item/?key_word=R141-555
R141-613,販売用ツインパット,코받침,鼻パッド交換・調整,当たりと掛け心地を整えやすい,코패드 교체 및 조정,맞닿는 느낌과 착용감을 조정하기 쉬움,7000,KRW,,カタログP.89,R141-613_1.jpg,https://www.san-nishimura.co.jp/product/item/?key_word=R141-613
R141-650,販売用力学パットサイエンス G 15×8,코받침 G 15×8,鼻パッド交換・調整,当たりと掛け心地を整えやすい,코패드 교체 및 조정,맞닿는 느낌과 착용감을 조정하기 쉬움,8800,KRW,,カタログP.88,,https://www.san-nishimura.co.jp/product/item/?key_word=R141-650
R141-651,販売用力学パットサイエンス W 15×8,코받침 W 15×8,鼻パッド交換・調整,当たりと掛け心地を整えやすい,코패드 교체 및 조정,맞닿는 느낌과 착용감을 조정하기 쉬움,8800,KRW,,カタログP.88,,https://www.san-nishimura.co.jp/product/item/?key_word=R141-651
R141-653,販売用ソフトパットG極小13×7,소프트코받침G초소형13×7,鼻パッド交換・調整,当たりと掛け心地を整えやすい,코패드 교체 및 조정,맞닿는 느낌과 착용감을 조정하기 쉬움,2600,KRW,,カタログP.87,R141-653_1.jpg,https://www.san-nishimura.co.jp/product/item/?key_word=R141-653
R141-654,販売用ソフトパットW極小13×7,소프트코받침W초소형13×7,鼻パッド交換・調整,当たりと掛け心地を整えやすい,코패드 교체 및 조정,맞닿는 느낌과 착용감을 조정하기 쉬움,2600,KRW,,カタログP.87,R141-654_1.jpg,https://www.san-nishimura.co.jp/product/item/?key_word=R141-654
R141-655,販売用ソフトパットG小14.5×7,소프트코받침G소14.5×7,鼻パッド交換・調整,当たりと掛け心地を整えやすい,코패드 교체 및 조정,맞닿는 느낌과 착용감을 조정하기 쉬움,2600,KRW,,カタログP.87,R141-655_1.jpg,https://www.san-nishimura.co.jp/product/item/?key_word=R141-655
R141-656,販売用ソフトパットW小14.5×7,소프트코받침W소14.5×7,鼻パッド交換・調整,当たりと掛け心地を整えやすい,코패드 교체 및 조정,맞닿는 느낌과 착용감을 조정하기 쉬움,2600,KRW,,カタログP.87,R141-656_1.jpg,https://www.san-nishimura.co.jp/product/item/?key_word=R141-656
R141-657,販売用ソフトパットG中17×8,소프트코받침G중17×8,鼻パッド交換・調整,当たりと掛け心地を整えやすい,코패드 교체 및 조정,맞닿는 느낌과 착용감을 조정하기 쉬움,2600,KRW,,カタログP.87,R141-657_1.jpg,https://www.san-nishimura.co.jp/product/item/?key_word=R141-657
R141-658,販売用ソフトパットW中17×8,소프트코받침W중17×8,鼻パッド交換・調整,当たりと掛け心地を整えやすい,코패드 교체 및 조정,맞닿는 느낌과 착용감을 조정하기 쉬움,2600,KRW,,カタログP.87,R141-658_1.jpg,https://www.san-nishimura.co.jp/product/item/?key_word=R141-658
R141-662,販売用シリコンパットG大,실리콘코받침G대,鼻パッド交換・調整,当たりと掛け心地を整えやすい,코패드 교체 및 조정,맞닿는 느낌과 착용감을 조정하기 쉬움,3900,KRW,,カタログP.86,R141-662_1.jpg,https://www.san-nishimura.co.jp/product/item/?key_word=R141-662
R141-663,販売用シリコンパットW大,실리콘코받침W대,鼻パッド交換・調整,当たりと掛け心地を整えやすい,코패드 교체 및 조정,맞닿는 느낌과 착용감을 조정하기 쉬움,3900,KRW,,カタログP.86,R141-663_1.jpg,https://www.san-nishimura.co.jp/product/item/?key_word=R141-663
R141-669,販売用カーブパット,코받침,鼻パッド交換・調整,当たりと掛け心地を整えやすい,코패드 교체 및 조정,맞닿는 느낌과 착용감을 조정하기 쉬움,2300,KRW,,カタログP.89,R141-669_1.jpg,https://www.san-nishimura.co.jp/product/item/?key_word=R141-669
R141-707,販売用チタンメタルパット,티타늄메탈코받침,鼻パッド交換・調整,当たりと掛け心地を整えやすい,코패드 교체 및 조정,맞닿는 느낌과 착용감을 조정하기 쉬움,7600,KRW,,カタログP.88,,https://www.san-nishimura.co.jp/product/item/?key_word=R141-707
R141-735-CG,販売用ナノセラミックパッド(シャンパンゴールド),나노 세라믹코받침(골드),鼻パッド交換・調整,当たりと掛け心地を整えやすい,코패드 교체 및 조정,맞닿는 느낌과 착용감을 조정하기 쉬움,9200,KRW,,カタログP.85,R141-735-CG_1.jpg,https://www.san-nishimura.co.jp/product/item/?key_word=R141-735-CG
R141-735-DG,販売用ナノセラミックパッド(ダークグレー),나노 세라믹코받침(그레이),鼻パッド交換・調整,当たりと掛け心地を整えやすい,코패드 교체 및 조정,맞닿는 느낌과 착용감을 조정하기 쉬움,9200,KRW,,カタログP.85,R141-735-DG_1.jpg,https://www.san-nishimura.co.jp/product/item/?key_word=R141-735-DG
R141-735-G,販売用ナノセラミックパッド(ゴールド),나노 세라믹코받침(골드),鼻パッド交換・調整,当たりと掛け心地を整えやすい,코패드 교체 및 조정,맞닿는 느낌과 착용감을 조정하기 쉬움,9200,KRW,,カタログP.85,R141-735-G_1.jpg,https://www.san-nishimura.co.jp/product/item/?key_word=R141-735-G
R141-735-PG,販売用ナノセラミックパッド(ピンクゴールド),나노 세라믹코받침(핑크골드),鼻パッド交換・調整,当たりと掛け心地を整えやすい,코패드 교체 및 조정,맞닿는 느낌과 착용감을 조정하기 쉬움,9200,KRW,,カタログP.85,R141-735-PG_1.jpg,https://www.san-nishimura.co.jp/product/item/?key_word=R141-735-PG
R141-735-S,販売用ナノセラミックパッド(シルバー),나노 세라믹코받침(실버),鼻パッド交換・調整,当たりと掛け心地を整えやすい,코패드 교체 및 조정,맞닿는 느낌과 착용감을 조정하기 쉬움,9200,KRW,,カタログP.85,R141-735-S_1.jpg,https://www.san-nishimura.co.jp/product/item/?key_word=R141-735-S
R141-735-W,販売用ナノセラミックパッド(ホワイト),나노 세라믹코받침(화이트),鼻パッド交換・調整,当たりと掛け心地を整えやすい,코패드 교체 및 조정,맞닿는 느낌과 착용감을 조정하기 쉬움,9200,KRW,,カタログP.85,R141-735-W_1.jpg,https://www.san-nishimura.co.jp/product/item/?key_word=R141-735-W
R141-746,フロッグパッド,코받침,鼻パッド交換・調整,当たりと掛け心地を整えやすい,코패드 교체 및 조정,맞닿는 느낌과 착용감을 조정하기 쉬움,10600,KRW,,カタログP.89,R141-746_1.jpg,https://www.san-nishimura.co.jp/product/item/?key_word=R141-746
R600,販売用ソフレモダン,Sofre팁,モダン交換,耳まわりの掛け心地と見た目を整えやすい,모던 교체,귀 주변 착용감과 외관을 정돈하기 쉬움,7800,KRW,,カタログP.89,R600_1.jpg,https://www.san-nishimura.co.jp/product/item/?key_word=R600
R825-561,販売用 アップダウンパット(小)箱蝶15×7.3,코받침(소)박스형 코받침15×7.3,鼻パッド交換・調整,当たりと掛け心地を整えやすい,코패드 교체 및 조정,맞닿는 느낌과 착용감을 조정하기 쉬움,9200,KRW,,カタログP.88,R825-561_1.jpg,https://www.san-nishimura.co.jp/product/item/?key_word=R825-561
R826-562,販売用 アップダウンパット(大)箱蝶18×9.0,코받침(대)박스형 코받침18×9.0,鼻パッド交換・調整,当たりと掛け心地を整えやすい,코패드 교체 및 조정,맞닿는 느낌과 착용감을 조정하기 쉬움,9200,KRW,,カタログP.88,R826-562_1.jpg,https://www.san-nishimura.co.jp/product/item/?key_word=R826-562
R83-101,販売用シリコンパットG小,실리콘코받침G소,鼻パッド交換・調整,当たりと掛け心地を整えやすい,코패드 교체 및 조정,맞닿는 느낌과 착용감을 조정하기 쉬움,3900,KRW,,カタログP.86,R83-101_1.jpg,https://www.san-nishimura.co.jp/product/item/?key_word=R83-101
R83-102,販売用シリコンパットW小,실리콘코받침W소,鼻パッド交換・調整,当たりと掛け心地を整えやすい,코패드 교체 및 조정,맞닿는 느낌과 착용감을 조정하기 쉬움,3900,KRW,,カタログP.86,R83-102_1.jpg,https://www.san-nishimura.co.jp/product/item/?key_word=R83-102
R83-91,販売用ハードパットG小,하드코받침G소,鼻パッド交換・調整,当たりと掛け心地を整えやすい,코패드 교체 및 조정,맞닿는 느낌과 착용감을 조정하기 쉬움,2300,KRW,,カタログP.86,R83-91_1.jpg,https://www.san-nishimura.co.jp/product/item/?key_word=R83-91
R83-92,販売用ハードパットW小,하드코받침W소,鼻パッド交換・調整,当たりと掛け心地を整えやすい,코패드 교체 및 조정,맞닿는 느낌과 착용감을 조정하기 쉬움,2300,KRW,,カタログP.86,R83-92_1.jpg,https://www.san-nishimura.co.jp/product/item/?key_word=R83-92
R958-701-P,販売用高級シートモダン ピンク,시트팁 핑크,テンプルの貼るフィット調整,短時間で掛け心地を微調整しやすい,템플 부착식 피팅 조정,착용감을 빠르게 미세 조정하기 쉬움,7600,KRW,,カタログP.89,R958-701-P_1.jpg,https://www.san-nishimura.co.jp/product/item/?key_word=R958-701-P
R958-701-PL,販売用高級シートモダン プラム,시트팁,テンプルの貼るフィット調整,短時間で掛け心地を微調整しやすい,템플 부착식 피팅 조정,착용감을 빠르게 미세 조정하기 쉬움,7600,KRW,,カタログP.89,R958-701-PL_1.jpg,https://www.san-nishimura.co.jp/product/item/?key_word=R958-701-PL
R958-701-WN,販売用高級シートモダン ワイン,시트팁 와인,テンプルの貼るフィット調整,短時間で掛け心地を微調整しやすい,템플 부착식 피팅 조정,착용감을 빠르게 미세 조정하기 쉬움,7600,KRW,,カタログP.89,R958-701-WN_1.jpg,https://www.san-nishimura.co.jp/product/item/?key_word=R958-701-WN
SC1600POLA,システムチャート 本体のみ,단품,視力・見え方の確認,検査条件をそろえやすい,시력 및 시야 확인,검사 조건을 맞추기 쉬움,9690000,KRW,,,,https://www.san-nishimura.co.jp/product/item/?key_word=SC1600POLA
SC1600POLA-2,フロアースタンド,스탠드,機器部品交換・補修,機器を使い続けやすい,장비 부품 교체 및 보수,장비를 계속 사용하기 쉬움,1020000,KRW,,,,https://www.san-nishimura.co.jp/product/item/?key_word=SC1600POLA-2
SC1600POLA-3,テーブルスタンド,스탠드,機器部品交換・補修,機器を使い続けやすい,장비 부품 교체 및 보수,장비를 계속 사용하기 쉬움,680000,KRW,,,,https://www.san-nishimura.co.jp/product/item/?key_word=SC1600POLA-3
SC1600POLA-4,スマートリモコン,스마트 리모컨,機器部品交換・補修,機器を使い続けやすい,장비 부품 교체 및 보수,장비를 계속 사용하기 쉬움,1020000,KRW,,,,https://www.san-nishimura.co.jp/product/item/?key_word=SC1600POLA-4
SC1600POLA-5,レッドグリーンメガネ,레드그린안경,機器部品交換・補修,機器を使い続けやすい,장비 부품 교체 및 보수,장비를 계속 사용하기 쉬움,136000,KRW,,,,https://www.san-nishimura.co.jp/product/item/?key_word=SC1600POLA-5
SC1600POLA-6,偏光メガネ,안경,日差し・まぶしさ対策,用途や濃度を説明しやすい,햇빛·눈부심 대책,용도와 농도를 설명하기 쉬움,136000,KRW,,,,https://www.san-nishimura.co.jp/product/item/?key_word=SC1600POLA-6
SR421SW,時計電池 #348,시계 배터리 #348,電源・電池交換,機器をすぐ使える状態にしやすい,전원 및 배터리 교체,기기를 바로 쓸 수 있게 하기 쉬움,14500,KRW,,カタログP.244,SR421SW_1.jpg,https://www.san-nishimura.co.jp/product/item/?key_word=SR421SW
SR516SW,時計電池 #317,시계 배터리 #317,電源・電池交換,機器をすぐ使える状態にしやすい,전원 및 배터리 교체,기기를 바로 쓸 수 있게 하기 쉬움,12800,KRW,,カタログP.244,SR516SW_1.jpg,https://www.san-nishimura.co.jp/product/item/?key_word=SR516SW
SR521SW,時計電池 #379,시계 배터리 #379,電源・電池交換,機器をすぐ使える状態にしやすい,전원 및 배터리 교체,기기를 바로 쓸 수 있게 하기 쉬움,12800,KRW,,カタログP.244,SR521SW_1.jpg,https://www.san-nishimura.co.jp/product/item/?key_word=SR521SW
SR527SW,時計電池 #319,시계 배터리 #319,電源・電池交換,機器をすぐ使える状態にしやすい,전원 및 배터리 교체,기기를 바로 쓸 수 있게 하기 쉬움,23800,KRW,,カタログP.244,SR527SW_1.jpg,https://www.san-nishimura.co.jp/product/item/?key_word=SR527SW
SR616SW,時計電池 #321,시계 배터리 #321,電源・電池交換,機器をすぐ使える状態にしやすい,전원 및 배터리 교체,기기를 바로 쓸 수 있게 하기 쉬움,12800,KRW,,カタログP.244,SR616SW_1.jpg,https://www.san-nishimura.co.jp/product/item/?key_word=SR616SW
SR621SW,時計電池 #364,시계 배터리 #364,電源・電池交換,機器をすぐ使える状態にしやすい,전원 및 배터리 교체,기기를 바로 쓸 수 있게 하기 쉬움,12800,KRW,,カタログP.244,SR621SW_1.jpg,https://www.san-nishimura.co.jp/product/item/?key_word=SR621SW
SR626SW,時計電池 #377,시계 배터리 #377,電源・電池交換,機器をすぐ使える状態にしやすい,전원 및 배터리 교체,기기를 바로 쓸 수 있게 하기 쉬움,12800,KRW,,カタログP.244,SR626SW_1.jpg,https://www.san-nishimura.co.jp/product/item/?key_word=SR626SW
SR626W,時計電池 #376 デジタル用,시계 배터리 #376,電源・電池交換,機器をすぐ使える状態にしやすい,전원 및 배터리 교체,기기를 바로 쓸 수 있게 하기 쉬움,23800,KRW,5個,カタログP.244,SR626W_1.jpg,https://www.san-nishimura.co.jp/product/item/?key_word=SR626W
SR716SW,時計電池 #315,시계 배터리 #315,電源・電池交換,機器をすぐ使える状態にしやすい,전원 및 배터리 교체,기기를 바로 쓸 수 있게 하기 쉬움,12800,KRW,5個,カタログP.244,SR716SW_1.jpg,https://www.san-nishimura.co.jp/product/item/?key_word=SR716SW
SR721SW,時計電池 #362,시계 배터리 #362,電源・電池交換,機器をすぐ使える状態にしやすい,전원 및 배터리 교체,기기를 바로 쓸 수 있게 하기 쉬움,14500,KRW,5個,カタログP.244,SR721SW_1.jpg,https://www.san-nishimura.co.jp/product/item/?key_word=SR721SW
SR916SW,時計電池 #373,시계 배터리 #373,電源・電池交換,機器をすぐ使える状態にしやすい,전원 및 배터리 교체,기기를 바로 쓸 수 있게 하기 쉬움,12800,KRW,5個,カタログP.244,SR916SW_1.jpg,https://www.san-nishimura.co.jp/product/item/?key_word=SR916SW
SR920SW,時計電池 #371,시계 배터리 #371,電源・電池交換,機器をすぐ使える状態にしやすい,전원 및 배터리 교체,기기를 바로 쓸 수 있게 하기 쉬움,12800,KRW,5個,カタログP.244,SR920SW_1.jpg,https://www.san-nishimura.co.jp/product/item/?key_word=SR920SW
SR927SW,時計電池 #395,시계 배터리 #395,電源・電池交換,機器をすぐ使える状態にしやすい,전원 및 배터리 교체,기기를 바로 쓸 수 있게 하기 쉬움,12800,KRW,5個,カタログP.244,SR927SW_1.jpg,https://www.san-nishimura.co.jp/product/item/?key_word=SR927SW
SR927W,時計電池 #399 デジタル用,시계 배터리 #399,電源・電池交換,機器をすぐ使える状態にしやすい,전원 및 배터리 교체,기기를 바로 쓸 수 있게 하기 쉬움,14500,KRW,5個,カタログP.244,SR927W_1.jpg,https://www.san-nishimura.co.jp/product/item/?key_word=SR927W
SWT710,超音波洗浄器(クリーナー付),세척 (클리너포함),清掃・仕上げ,お渡し前の見た目を整えやすい,청소 및 최종 마감,전달 전 외관을 정돈하기 쉬움,174000,KRW,,カタログP.242,SWT710_1.jpg,https://www.san-nishimura.co.jp/product/item/?key_word=SWT710
SWS510,超音波洗浄器(クリーナー付),세척 (클리너포함),清掃・仕上げ,お渡し前の見た目を整えやすい,청소 및 최종 마감,전달 전 외관을 정돈하기 쉬움,113400,KRW,,カタログP.242,SWS510_1.jpg,https://www.san-nishimura.co.jp/product/item/?key_word=SWS510
T-40,レンズリムバー,렌즈,レンズ・ナイロール糸の取り外し,交換時の傷を抑えやすい,렌즈 및 나일론 실 분리,교체 중 흠집을 줄이기 쉬움,134300,KRW,,"カタログP.61,161",T-40_1.jpg,https://www.san-nishimura.co.jp/product/item/%e3%83%ac%e3%83%b3%e3%82%ba%e3%83%aa%e3%83%a0%e3%83%90%e3%83%bc/
T-50-0.8,ネジ切りカッター(面取り付)0.8mm,나사 (포함)0.8mm,ネジ交換・固定,ゆるみや紛失時に対応しやすい,나사 교체 및 고정,풀림이나 분실에 대응하기 쉬움,146200,KRW,,,,https://www.san-nishimura.co.jp/product/item/?key_word=T-50-0.8
T-50-1.0,ネジ切りカッター(面取り付)1.0mm,나사 (포함)1.0mm,ネジ交換・固定,ゆるみや紛失時に対応しやすい,나사 교체 및 고정,풀림이나 분실에 대응하기 쉬움,146200,KRW,,,,https://www.san-nishimura.co.jp/product/item/?key_word=T-50-1.0
T-50-1.2,ネジ切りカッター(面取り付)1.2mm,나사 (포함)1.2mm,ネジ交換・固定,ゆるみや紛失時に対応しやすい,나사 교체 및 고정,풀림이나 분실에 대응하기 쉬움,146200,KRW,,,,https://www.san-nishimura.co.jp/product/item/?key_word=T-50-1.2
T-50A-0.8,ネジ切りカッター(面取無)0.8mm,나사 ()0.8mm,ネジ交換・固定,ゆるみや紛失時に対応しやすい,나사 교체 및 고정,풀림이나 분실에 대응하기 쉬움,134300,KRW,,,,https://www.san-nishimura.co.jp/product/item/?key_word=T-50A-0.8
T-50A-1.0,ネジ切りカッター(面取無)1.0mm,나사 ()1.0mm,ネジ交換・固定,ゆるみや紛失時に対応しやすい,나사 교체 및 고정,풀림이나 분실에 대응하기 쉬움,134300,KRW,,,,https://www.san-nishimura.co.jp/product/item/?key_word=T-50A-1.0
T-50A-1.2,ネジ切りカッター(面取無)1.2mm,나사 ()1.2mm,ネジ交換・固定,ゆるみや紛失時に対応しやすい,나사 교체 및 고정,풀림이나 분실에 대응하기 쉬움,134300,KRW,,,,https://www.san-nishimura.co.jp/product/item/?key_word=T-50A-1.2
T-50C,バネのみ,스프링 단품,機器部品交換・補修,機器を使い続けやすい,장비 부품 교체 및 보수,장비를 계속 사용하기 쉬움,7500,KRW,,カタログP.145,,https://www.san-nishimura.co.jp/product/item/?key_word=T-50C
TS-1,ツールスタンド(回転式),스탠드(),工具整理・収納,必要な工具を取り出しやすい,공구 정리 및 수납,필요한 공구를 꺼내기 쉬움,117300,KRW,,カタログP.168,TS-1_1.jpg,https://www.san-nishimura.co.jp/product/item/%e3%83%84%e3%83%bc%e3%83%ab%e3%82%b9%e3%82%bf%e3%83%b3%e3%83%89%e5%9b%9e%e8%bb%a2%e5%9e%8b/
TS-2,ツールスタンド(立型),스탠드(),工具整理・収納,必要な工具を取り出しやすい,공구 정리 및 수납,필요한 공구를 꺼내기 쉬움,183600,KRW,,カタログP.168,TS-2_1.jpg,https://www.san-nishimura.co.jp/product/item/%e3%83%84%e3%83%bc%e3%83%ab%e3%82%b9%e3%82%bf%e3%83%b3%e3%83%89%e7%ab%8b%e5%9e%8b/
TS-3,ツールスタンド(回転型),스탠드(),工具整理・収納,必要な工具を取り出しやすい,공구 정리 및 수납,필요한 공구를 꺼내기 쉬움,35700,KRW,,"カタログP.156,168",TS-3_1.jpg,https://www.san-nishimura.co.jp/product/item/%e3%83%84%e3%83%bc%e3%83%ab%e3%82%b9%e3%82%bf%e3%83%b3%e3%83%89%e5%9b%9e%e8%bb%a2%e5%9e%8b-2/
TS-7,ツールスタンド,스탠드,工具整理・収納,必要な工具を取り出しやすい,공구 정리 및 수납,필요한 공구를 꺼내기 쉬움,52700,KRW,,"カタログP.156,168",TS-7_1.jpg,https://www.san-nishimura.co.jp/product/item/%e3%83%84%e3%83%bc%e3%83%ab%e3%82%b9%e3%82%bf%e3%83%b3%e3%83%89-2/
VR-A09-N,M700用イヤホンマイク,M700,補聴器・集音器の装着補助,耳への収まりを整えやすい,청각기기 착용 보조,귀에 맞는 착용감을 정돈하기 쉬움,81600,KRW,,カタログP.107,VR-A09-N_1.jpg,https://www.san-nishimura.co.jp/product/item/?key_word=VR-A09-N
